gene,log2FC,pval,padj,-log10p,significance
GENE_1998,-0.6041575357263689,0.10741875943765318,0.962775406735248,0.9689198675301779,NS
GENE_1108,0.15876948888752818,0.5436189016837869,0.962775406735248,0.26470545121427913,NS
GENE_1107,0.0917946146487365,0.6006136325082942,0.962775406735248,0.22140481456804798,NS
GENE_1105,0.34004544003058434,0.3091077221773404,0.962775406735248,0.5098901451886668,NS
GENE_1104,0.23624731396459975,0.5550293663786258,0.962775406735248,0.25568403792455024,NS
GENE_1099,0.3743410745819915,0.31401620489816684,0.962775406735248,0.5030479394546217,NS
GENE_1098,-0.31247033151120185,0.5396535624335765,0.962775406735248,0.2678849516708302,NS
GENE_1109,0.6737101569972967,0.026781617985795977,0.962775406735248,1.5721631890463166,NS
GENE_1097,0.11383886907185925,0.6137706349374041,0.962775406735248,0.21199389366522373,NS
GENE_1095,0.45629961822490106,0.18858292811770994,0.962775406735248,0.7244976252776861,NS
GENE_1089,0.6248675054292887,0.10760590783271873,0.962775406735248,0.9681638841648367,NS
GENE_1087,-0.5576147115461918,0.1634744252464876,0.962775406735248,0.7865501808819604,NS
GENE_1086,0.24216790339469796,0.5928999272557869,0.962775406735248,0.2270186029395906,NS
GENE_1085,0.5129778945145542,0.11569077772951543,0.962775406735248,0.9367012593785355,NS
GENE_1084,-0.20611909467189982,0.5436189016837869,0.962775406735248,0.26470545121427913,NS
GENE_1096,0.25207594710603054,0.5084576254989268,0.962775406735248,0.29374523502995875,NS
GENE_1863,0.3724131929223429,0.26209317206421257,0.962775406735248,0.5815442929544324,NS
GENE_1111,-0.2585691164230264,0.46141529446836027,0.962775406735248,0.3359080140777655,NS
GENE_1112,-0.5184539878578462,0.11139834631474932,0.962775406735248,0.9531212561255736,NS
GENE_1143,-0.4326096021071475,0.1851549920592841,0.962775406735248,0.7324645742190563,NS
GENE_1140,0.28566949981100453,0.2822562162808503,0.962775406735248,0.549356484596112,NS
GENE_1138,-0.31989600798199547,0.29468893411120045,0.962775406735248,0.5306361720722819,NS
GENE_1137,0.503886770730765,0.13021857567507994,0.962775406735248,0.8853270592566401,NS
GENE_1136,-0.1940224395049901,0.5407852036011741,0.962775406735248,0.2669751996150003,NS
GENE_1135,0.19171853798027438,0.47030957734953405,0.962775406735248,0.32761617722308306,NS
GENE_1133,0.5081974395811004,0.22350368056264003,0.962775406735248,0.650715320698114,NS
GENE_1132,0.5412069647388691,0.07589743111525267,0.962775406735248,1.1197729233318032,NS
GENE_1127,-0.32226070985742705,0.4110429126096433,0.962775406735248,0.38611283569885,NS
GENE_1124,-0.5776356546115604,0.09428685046238595,0.962775406735248,1.0255488710996583,NS
GENE_1123,0.1639118983006984,0.45210107473099903,0.962775406735248,0.3447644605631673,NS
GENE_1860,0.5916853286236545,0.08726819419869628,0.962775406735248,1.059144010599746,NS
GENE_1120,0.37770286973558154,0.2157918325246021,0.962775406735248,0.6659649968941749,NS
GENE_1116,0.909733151123211,0.024957253723267285,0.962775406735248,1.602803205786484,NS
GENE_1114,-0.37625873609286486,0.4183837841024135,0.962775406735248,0.37842515638580315,NS
GENE_1083,-0.43383082613604795,0.30184091073663755,0.962775406735248,0.5202218974197714,NS
GENE_1082,0.3742898859642789,0.34105346037331596,0.962775406735248,0.46717753970148135,NS
GENE_1081,-0.23490172177766677,0.5846439186786638,0.962775406735248,0.233108563382673,NS
GENE_1080,0.7212548429975332,0.09244999790667108,0.962775406735248,1.034093094338461,NS
GENE_1870,0.21907719041804086,0.553881555707519,0.962775406735248,0.2565830966475331,NS
GENE_1042,0.20020312735863044,0.5834686684731607,0.962775406735248,0.2339824600548606,NS
GENE_1040,0.2933676777671721,0.5498778470251211,0.962775406735248,0.2597337764238571,NS
GENE_1039,-0.5047433120397811,0.20397749251043573,0.962775406735248,0.6904177512887785,NS
GENE_1038,-0.2703023453183029,0.5864070776101429,0.962775406735248,0.23180079664032427,NS
GENE_1036,-0.1493878204618353,0.6125693377102475,0.962775406735248,0.21284474568895592,NS
GENE_1032,0.34958850609969083,0.22743238851267356,0.962775406735248,0.643147687622306,NS
GENE_1029,0.5831970895377445,0.1583652690942572,0.962775406735248,0.8003400569293584,NS
GENE_1027,0.05665386369730108,0.59764161039769,0.962775406735248,0.2235591726769355,NS
GENE_1871,0.3936721742441902,0.35958505931140694,0.962775406735248,0.4441983614143683,NS
GENE_1872,0.38843272166174625,0.3173161452591148,0.962775406735248,0.4985078301417657,NS
GENE_1023,0.37447942270065315,0.26722214545048406,0.962775406735248,0.5731275535003364,NS
GENE_1022,0.332078604918971,0.5183809184702673,0.962775406735248,0.28535099316290485,NS
GENE_1021,-0.2859443785548148,0.3560064567272211,0.962775406735248,0.4485421253541625,NS
GENE_1019,0.4473977448951114,0.2541712313826031,0.962775406735248,0.594873607042579,NS
GENE_1045,-0.6397600012661915,0.15486176442599986,0.962775406735248,0.8100557968863186,NS
GENE_1144,0.6235555301873745,0.1377676716228907,0.962775406735248,0.8608526814339562,NS
GENE_1046,0.30092238509686453,0.47717396255815336,0.962775406735248,0.3213232620382104,NS
GENE_1048,-0.30344322126433454,0.417891842747789,0.962775406735248,0.3789361062054977,NS
GENE_1077,0.46386775294437665,0.08369076387048939,0.962775406735248,1.077322468188471,NS
GENE_1075,-0.32750294597556273,0.4297882908328473,0.962775406735248,0.36674542061738263,NS
GENE_1074,-0.18754498266454256,0.6012091410793562,0.962775406735248,0.22097442480811255,NS
GENE_1073,0.5311589998515327,0.15461378472554502,0.962775406735248,0.8107517887918256,NS
GENE_1070,-0.32398173475349346,0.41396901413190546,0.962775406735248,0.38303216490603453,NS
GENE_1069,0.5246728154378406,0.23207688914914804,0.962775406735248,0.6343681056222048,NS
GENE_1864,0.5231906594056079,0.13021857567507994,0.962775406735248,0.8853270592566401,NS
GENE_1064,0.24399358384002223,0.5340108316476273,0.962775406735248,0.2724499338383239,NS
GENE_1063,-0.5877352030668268,0.07949647190739105,0.962775406735248,1.099652145119024,NS
GENE_1062,0.9531302977379132,0.027978926149311342,0.962775406735248,1.5531689580492702,NS
GENE_1059,0.25136857316639993,0.4428954250284316,0.962775406735248,0.3536988058185805,NS
GENE_1868,-0.3526066908084404,0.44697305987376557,0.962775406735248,0.3497186520375269,NS
GENE_1055,0.24043893475640843,0.45210206863610647,0.962775406735248,0.34476350580536347,NS
GENE_1869,-0.62513254116692,0.11044061160175692,0.962775406735248,0.956871196975434,NS
GENE_1052,-0.26144807885892707,0.32147420092938106,0.962775406735248,0.4928538745082993,NS
GENE_1047,0.7564072224935732,0.03836117216764412,0.962775406735248,1.4161081309549168,NS
GENE_1145,-0.3278715329364168,0.4921435966778497,0.962775406735248,0.30790816116391384,NS
GENE_1147,-0.5488367573260184,0.1346192371969407,0.962775406735248,0.8708928746476284,NS
GENE_1148,-0.2528704748943724,0.3937397888071471,0.962775406735248,0.40479069598891615,NS
GENE_1234,-0.45597535457733596,0.31897539805506425,0.962775406735248,0.4962428119301414,NS
GENE_1233,0.47091202655270425,0.21138352767046786,0.962775406735248,0.6749288586584353,NS
GENE_1231,0.44074231710130896,0.20765645762150042,0.962775406735248,0.6826545588195659,NS
GENE_1849,-0.5026701506967539,0.2919383910077916,0.962775406735248,0.5347087898817735,NS
GENE_1228,0.3109084274889735,0.42183281758142466,0.962775406735248,0.3748596362131687,NS
GENE_1227,0.7734368207292146,0.040488192501372776,0.962775406735248,1.3926716108384405,NS
GENE_1224,-0.3908090992366331,0.40474262516808224,0.962775406735248,0.3928210558000026,NS
GENE_1851,-0.4458761902858379,0.30184091073663755,0.962775406735248,0.5202218974197714,NS
GENE_1221,-0.7449493882236764,0.04805541981382579,0.962775406735248,1.3182576243846356,NS
GENE_1220,-0.33419060753001784,0.4782348915063115,0.962775406735248,0.32035874140329984,NS
GENE_1216,0.3073613190389173,0.5106536080333393,0.962775406735248,0.2918735952290347,NS
GENE_1215,-0.24373386729103164,0.3454101258522899,0.962775406735248,0.4616649350450087,NS
GENE_1214,-0.6471406588992412,0.06665059205195913,0.962775406735248,1.1761959884293143,NS
GENE_1213,-0.4621064642247781,0.18233351235271478,0.962775406735248,0.7391335019853651,NS
GENE_1212,0.4517301334405852,0.23543660260518706,0.962775406735248,0.6281260178149427,NS
GENE_1235,0.21736195507093647,0.43732209508717457,0.962775406735248,0.35919857997957366,NS
GENE_1211,-0.9592440809792153,0.00874499396970222,0.962775406735248,2.0582404856622576,NS
GENE_1237,0.42468836494373896,0.31319462096762596,0.962775406735248,0.5041857054395691,NS
GENE_1243,-0.2716672391176367,0.46037517519872806,0.962775406735248,0.3368881028634464,NS
GENE_1270,-0.38142511534902557,0.43379089954441696,0.962775406735248,0.3627195632464439,NS
GENE_1267,-0.3024438907844864,0.4634989487568837,0.962775406735248,0.3339512465240198,NS
GENE_1266,0.2384736838134156,0.6083730486432755,0.962775406735248,0.21583003374587595,NS
GENE_1265,-0.2903194325101319,0.4937624447029191,0.962775406735248,0.30648194534483125,NS
GENE_1264,0.37601815570839126,0.384320462246442,0.962775406735248,0.41530649192352875,NS
GENE_1837,-0.4898928672541274,0.13731443180795658,0.962775406735248,0.8622838158209197,NS
GENE_1257,0.5557291007838989,0.08538655270747422,0.962775406735248,1.068610519765161,NS
GENE_1842,0.29072074867592423,0.5233782032223513,0.962775406735248,0.2811843680877504,NS
GENE_1255,-0.3472433740882668,0.5770252430407554,0.962775406735248,0.2388051874101151,NS
GENE_1253,0.3147226924114417,0.4750559746216615,0.962775406735248,0.3232552155601926,NS
GENE_1252,-0.4165709885614195,0.3718252201616917,0.962775406735248,0.42966115623817147,NS
GENE_1844,1.0843132816481669,0.014424901508042157,0.962775406735248,1.840887143486604,NS
GENE_1249,0.2628088293065831,0.3281978838858075,0.962775406735248,0.4838642234647648,NS
GENE_1248,0.3882420088508738,0.32272639560931904,0.962775406735248,0.4911655124434279,NS
GENE_1246,-0.17812679150395017,0.3833862270815622,0.962775406735248,0.41636349294443736,NS
GENE_1241,0.6983507249020136,0.04467753874612183,0.962775406735248,1.3499107598720066,NS
GENE_1018,0.8587531814534026,0.05185049688358869,0.962775406735248,1.285247077408658,NS
GENE_1210,0.1827896737673651,0.518381112024791,0.962775406735248,0.2853508310048414,NS
GENE_1852,-0.30127050279924994,0.5504513302754568,0.962775406735248,0.25928107438018777,NS
GENE_1173,-1.2017310108770758,0.0012675512731711311,0.962775406735248,2.8970344641800967,NS
GENE_1169,-0.24239497309937263,0.34453511972877315,0.962775406735248,0.4627665022700737,NS
GENE_1168,0.3773710723734425,0.28998440703429273,0.962775406735248,0.5376253542425246,NS
GENE_1167,0.15256165529818233,0.5881755608826529,0.962775406735248,0.23049302470196603,NS
GENE_1165,-0.8241980870988748,0.01785235083317512,0.962775406735248,1.7483045870222498,NS
GENE_1163,0.28845346096421487,0.5295227211065017,0.962775406735248,0.2761154001656188,NS
GENE_1162,0.29887220181126395,0.5706153586545173,0.962775406735248,0.24365654307302162,NS
GENE_1855,-0.18609242267979464,0.5834684072006204,0.962775406735248,0.23398265452845282,NS
GENE_1158,-0.2741012204436366,0.6155737494102258,0.962775406735248,0.21071990854387912,NS
GENE_1156,0.6404371947487872,0.07618089147455058,0.962775406735248,1.1181539494984807,NS
GENE_1154,-0.2047396816242788,0.3668065691125485,0.962775406735248,0.4355628951836299,NS
GENE_1153,0.27688816373171043,0.3087006661617202,0.962775406735248,0.5104624333295438,NS
GENE_1151,-0.14482861772728395,0.5752742951835565,0.962775406735248,0.24012503099682447,NS
GENE_1857,-0.3239831317102535,0.4624570358336365,0.962775406735248,0.3349286087997553,NS
GENE_1149,-0.46420360372304703,0.2620928409125257,0.962775406735248,0.5815448416808262,NS
GENE_1176,-0.3548407602629817,0.5018975576757617,0.962775406735248,0.29938491766825276,NS
GENE_1209,-0.5467515298951025,0.12382446210503585,0.962775406735248,0.9071935499219017,NS
GENE_1178,-0.4010097775660677,0.32147397702008396,0.962775406735248,0.4928541769979105,NS
GENE_1184,0.271683182569765,0.4418763943803642,0.962775406735248,0.3546991984018998,NS
GENE_1207,-0.5060288644028654,0.20155102909640155,0.962775406735248,0.6956149800475336,NS
GENE_1853,1.0277890939736336,0.00942587494946623,0.962775406735248,2.0256783262056026,NS
GENE_1204,0.43374413194816164,0.23882949944378418,0.962775406735248,0.621912031586186,NS
GENE_1203,-0.27689151392328704,0.4634997762645463,0.962775406735248,0.33395047115723253,NS
GENE_1202,-0.3563108830800221,0.2492172588877808,0.962775406735248,0.6034218850458436,NS
GENE_1198,-0.263475907128222,0.5317648448809419,0.962775406735248,0.27428037738219063,NS
GENE_1196,0.35784045175922774,0.4129929632492141,0.962775406735248,0.3840573479757336,NS
GENE_1195,-0.3055733669527738,0.4840931325023865,0.962775406735248,0.31507107835368453,NS
GENE_1194,0.27034943806218337,0.4682084364433984,0.962775406735248,0.3295607652062345,NS
GENE_1193,-0.6033367040846578,0.10103799557998695,0.962775406735248,0.9955152780226556,NS
GENE_1191,0.18657499848634185,0.5306437513927853,0.962775406735248,0.2751969454484347,NS
GENE_1190,-0.48304494931353936,0.20276093801275297,0.962775406735248,0.6930157083106389,NS
GENE_1189,0.3398380617013643,0.49430249335977694,0.962775406735248,0.3060071988662282,NS
GENE_1854,-0.2886131239565053,0.5982356574537704,0.962775406735248,0.2231277046883677,NS
GENE_1185,0.6926173193199388,0.1368622518943118,0.962775406735248,0.8637163185174979,NS
GENE_1183,0.540549005727355,0.15190630971407865,0.962775406735248,0.8184241865250034,NS
GENE_1271,-0.554820544137617,0.2113833163635922,0.962775406735248,0.6749292927956501,NS
GENE_1017,-0.4573095347723495,0.3542252941079683,0.962775406735248,0.4507204304432319,NS
GENE_1014,0.11563561670583056,0.614371672859593,0.962775406735248,0.21156881674668943,NS
GENE_0845,-0.5541690168907705,0.09615284982938686,0.962775406735248,1.0170378393835293,NS
GENE_1892,0.44230056453941113,0.18629288606783145,0.962775406735248,0.7298037291105988,NS
GENE_0842,-0.3004665111490281,0.36953929486634574,0.962775406735248,0.43233937422109375,NS
GENE_0839,0.9105907795293682,0.007746309971273147,0.962775406735248,2.1109051285582976,NS
GENE_0837,0.41924536530496237,0.3156569042647881,0.962775406735248,0.5007847070453035,NS
GENE_0836,-0.6707878371619742,0.11808688345076833,0.962775406735248,0.9277983391460847,NS
GENE_0846,0.16964696322913486,0.5317657467331234,0.962775406735248,0.27427964083652095,NS
GENE_0835,-0.16124745390525153,0.5834686684731607,0.962775406735248,0.2339824600548606,NS
GENE_0827,-0.2126540206997367,0.3965915797641152,0.962775406735248,0.40165651075805137,NS
GENE_0823,-0.3094194263430552,0.3622810976733305,0.962775406735248,0.4409543250610314,NS
GENE_0822,0.6397655599135561,0.09096697716849507,0.962775406735248,1.0411162366496132,NS
GENE_0820,-0.21881900707907853,0.6095705277024548,0.962775406735248,0.21497603898737816,NS
GENE_0819,-0.8439945061670402,0.020578766174701647,0.962775406735248,1.686580667454148,NS
GENE_0817,0.3530141472273929,0.43379542006352434,0.962775406735248,0.36271503750310446,NS
GENE_0831,-0.6848534900767742,0.08038080644089432,0.962775406735248,1.0948476409522263,NS
GENE_0847,-0.7448682291075759,0.04431541319526166,0.962775406735248,1.353445196995211,NS
GENE_0848,0.3308872857260212,0.3946888561002958,0.962775406735248,0.4037451355818646,NS
GENE_0850,0.4999861828501313,0.3160763056445566,0.962775406735248,0.5002080594072218,NS
GENE_0886,0.8339611867131209,0.037099989011316455,0.962775406735248,1.4306262190190602,NS
GENE_0883,0.5545442059731114,0.1756943767491902,0.962775406735248,0.7552421382535847,NS
GENE_0881,0.3414446055123239,0.35511558881827143,0.962775406735248,0.4496302626768267,NS
GENE_0878,-0.23887237893526336,0.42629800696451536,0.962775406735248,0.37028669776885786,NS
GENE_0876,0.382950067263236,0.39611174649630354,0.962775406735248,0.40218227861846584,NS
GENE_0871,-0.13530590935028464,0.5018983491673139,0.962775406735248,0.29938423278717036,NS
GENE_0869,0.4045421509708351,0.19824953089398223,0.962775406735248,0.7027878316542223,NS
GENE_0868,-0.6343413367711452,0.114507770468802,0.962775406735248,0.9411650412086545,NS
GENE_0865,0.5833073991105238,0.05567367746562097,0.962775406735248,1.2543500908849434,NS
GENE_0857,-0.36618784137610927,0.2138946081853501,0.962775406735248,0.6698001629032891,NS
GENE_0856,-0.7739562234938324,0.049822898531791275,0.962775406735248,1.3025710102450168,NS
GENE_0855,-0.849106879340539,0.018018377095384296,0.962775406735248,1.744284328243726,NS
GENE_0854,0.44898357977717396,0.26722269881902316,0.962775406735248,0.5731266541562579,NS
GENE_0853,0.4813268659082963,0.28765098310904225,0.962775406735248,0.5411341373412368,NS
GENE_1891,-0.4076410323080575,0.30064058589633713,0.962775406735248,0.521952390878135,NS
GENE_0816,0.5133702929863642,0.16141605113055113,0.962775406735248,0.7920532814428026,NS
GENE_0815,-0.3053037141777484,0.3123742295182743,0.962775406735248,0.5053248020663724,NS
GENE_0813,0.37083374088006327,0.3281987231936552,0.962775406735248,0.48386311283511524,NS
GENE_0810,-0.3580807601436886,0.31032967121600796,0.962775406735248,0.5081766987009319,NS
GENE_0774,-0.5042081615339251,0.22220478382790698,0.962775406735248,0.6532465954055109,NS
GENE_0773,-0.4486503187830513,0.1687053670860329,0.962775406735248,0.7728711008206509,NS
GENE_0772,0.7881922378429609,0.027136160963232642,0.962775406735248,1.5664515933164964,NS
GENE_0771,-0.3353977691391039,0.4110424255373719,0.962775406735248,0.38611335032376776,NS
GENE_0768,-0.4100898807023574,0.3410545773942014,0.962775406735248,0.46717611729922287,NS
GENE_0767,-0.3630582852364368,0.2527489326117268,0.962775406735248,0.5973106698094279,NS
GENE_0766,0.5236472380240889,0.17406014842425732,0.962775406735248,0.7593006504827233,NS
GENE_1901,-0.38094332431097566,0.22578903369733705,0.962775406735248,0.646297155061133,NS
GENE_0762,-0.33794896293235865,0.19351821692478455,0.962775406735248,0.7132781462134279,NS
GENE_0758,-0.3987524709322683,0.22611693901197183,0.962775406735248,0.6456669022991635,NS
GENE_0757,-0.41953975089703643,0.31278430417231495,0.962775406735248,0.5047550483947402,NS
GENE_0756,-0.4402706947469621,0.4388379913325212,0.962775406735248,0.35769578148052006,NS
GENE_0754,-0.5150682742054,0.18065730771503608,0.962775406735248,0.7431444662236898,NS
GENE_0753,-0.30741180164043946,0.3265068015609096,0.962775406735248,0.4861077673763358,NS
GENE_0751,0.17314173418087808,0.5864081602855533,0.962775406735248,0.2317999948090703,NS
GENE_0776,-0.6417413312819482,0.14659908683716283,0.962775406735248,0.8338687348982771,NS
GENE_1778,0.27775119249522184,0.2664857443833878,0.962775406735248,0.5743260185369392,NS
GENE_0781,-0.17793251972717972,0.4368179443446534,0.962775406735248,0.3596995292552595,NS
GENE_1897,-0.39872553887798734,0.28687607179482644,0.962775406735248,0.5423056745523566,NS
GENE_0808,-0.9542276285595266,0.005476951499833238,0.962775406735248,2.261461104871481,NS
GENE_0806,-0.3607085034809554,0.4008946880291673,0.962775406735248,0.396969698239138,NS
GENE_0805,-0.2168230443622221,0.4986354376488471,0.962775406735248,0.3022168597503326,NS
GENE_0804,0.2981284867404632,0.5917173346528097,0.962775406735248,0.22788570766436617,NS
GENE_0802,0.5084719152766768,0.13551314460772984,0.962775406735248,0.8680185767177685,NS
GENE_0801,-0.3846945027396984,0.19498775944951074,0.962775406735248,0.709992651049729,NS
GENE_0799,0.21101549186340218,0.43681778521050074,0.962775406735248,0.35969968747013564,NS
GENE_0796,0.3073080200370377,0.22974682677313507,0.962775406735248,0.6387504783071802,NS
GENE_0795,-0.2916802760157937,0.35156726217226997,0.962775406735248,0.4539915730746401,NS
GENE_0793,-0.4552048889997904,0.27241950264867487,0.962775406735248,0.5647618042867384,NS
GENE_0792,0.4046479595198287,0.3695392394935044,0.962775406735248,0.4323394392970452,NS
GENE_1896,0.5504087201121006,0.1255063256394632,0.962775406735248,0.9013343847719335,NS
GENE_0786,-0.5693812847164166,0.053099949789039855,0.962775406735248,1.2749058895843168,NS
GENE_0785,-0.3334534226942374,0.5776098616127945,0.962775406735248,0.2383654006055601,NS
GENE_0784,-0.49540397386781176,0.218339374040879,0.962775406735248,0.660867939111104,NS
GENE_0782,0.5908995924709304,0.1658134060500216,0.962775406735248,0.7803803595627045,NS
GENE_0889,0.389366053733597,0.39373962465624524,0.962775406735248,0.4047908770471881,NS
GENE_0892,0.2613806252405215,0.5106487176683112,0.962775406735248,0.29187775434723656,NS
GENE_0893,-0.5004483875098567,0.2599160220017721,0.962775406735248,0.5851669484617036,NS
GENE_0979,0.1350404698858636,0.5846437448779988,0.962775406735248,0.2331086924880628,NS
GENE_0977,0.5627939497767276,0.11970546488341696,0.962775406735248,0.9218860224044831,NS
GENE_1882,-0.8278822456447497,0.030056273221251824,0.962775406735248,1.5220648700493205,NS
GENE_0974,-0.5680319900261326,0.24641616390028132,0.962775406735248,0.6083308076177788,NS
GENE_0973,-0.47834494308679165,0.4169094668530733,0.962775406735248,0.3799582431433809,NS
GENE_0972,0.2450752517881476,0.39754583464504867,0.962775406735248,0.40061279257763716,NS
GENE_0971,0.3059994044663288,0.4824911672004799,0.962775406735248,0.3165106327268282,NS
GENE_0970,0.2645824579409748,0.34540962365446015,0.962775406735248,0.46166556647381907,NS
GENE_0969,0.5713441188999164,0.08758514011062116,0.962775406735248,1.0575695709482584,NS
GENE_1884,0.32780113750594975,0.4889149095652211,0.962775406735248,0.3107667186306793,NS
GENE_0965,0.42566503932417543,0.2861027383340542,0.962775406735248,0.5434779854744364,NS
GENE_0964,0.3460521298734749,0.3177308051517006,0.962775406735248,0.4979406767094297,NS
GENE_0962,-0.02415303396740498,0.5917173346528097,0.962775406735248,0.22788570766436617,NS
GENE_0960,-0.6801952209404982,0.057447251446580125,0.962775406735248,1.2407307452200607,NS
GENE_0958,0.49919370561177345,0.19498806935718493,0.962775406735248,0.7099919607957036,NS
GENE_0981,-0.1589811930630951,0.5084579197767134,0.962775406735248,0.2937449836753218,NS
GENE_0955,-0.5624271464115171,0.09649596376664228,0.962775406735248,1.015490851946724,NS
GENE_0982,0.4884161087547678,0.2635452900022939,0.962775406735248,0.5791447409526926,NS
GENE_0987,0.15974289221990468,0.5976417799198076,0.962775406735248,0.22355904948854216,NS
GENE_1012,-0.38041916940185416,0.2978535479551957,0.962775406735248,0.5259972223296611,NS
GENE_1875,-0.8630471085083,0.010103785297654443,0.962775406735248,1.9955158909795094,NS
GENE_1008,0.4851242907463602,0.21389476714779065,0.962775406735248,0.6697998401439373,NS
GENE_1006,0.36002156005583164,0.39754583464504867,0.962775406735248,0.40061279257763716,NS
GENE_1005,0.021028967713689894,0.561351900946208,0.962775406735248,0.25076480233313914,NS
GENE_1004,-0.6984570194000534,0.04150302406917424,0.962775406735248,1.3819202577769014,NS
GENE_1003,0.16110136010033482,0.4198610049094922,0.962775406735248,0.376894459105928,NS
GENE_1000,0.20114108621301519,0.4434024331501727,0.962775406735248,0.35320192804427686,NS
GENE_0999,0.4072581483672435,0.47717365678698453,0.962775406735248,0.32132354033246846,NS
GENE_0998,0.3285867255241639,0.49972182023599354,0.962775406735248,0.3012716867767643,NS
GENE_1997,-0.43821306661831105,0.2773082634576527,0.962775406735248,0.5570371887683739,NS
GENE_0996,-0.47518575627066717,0.30264233679687436,0.962775406735248,0.5190703183777832,NS
GENE_0995,0.5575940218792832,0.18177397156893538,0.962775406735248,0.7404683038052627,NS
GENE_1880,0.39117875589414375,0.36589683794464567,0.962775406735248,0.43664134364027324,NS
GENE_1881,0.3004212371268453,0.3946894029692516,0.962775406735248,0.403744533836967,NS
GENE_0986,0.40672067215756513,0.25417013265324817,0.962775406735248,0.5948754844113304,NS
GENE_1016,0.3133774128113833,0.4614156054487938,0.962775406735248,0.3359077213760663,NS
GENE_0952,0.3781187771796386,0.23577440295253338,0.962775406735248,0.6275033462294392,NS
GENE_0949,-0.5297254992994374,0.1506858414265896,0.962775406735248,0.8219275524576107,NS
GENE_0914,0.5470392061536318,0.26869887055875463,0.962775406735248,0.5707341590641571,NS
GENE_0911,0.43328774900995715,0.48462745730555545,0.962775406735248,0.3145919838871582,NS
GENE_0910,0.28532767720190044,0.6059807437041806,0.962775406735248,0.21754117622296978,NS
GENE_1887,-0.5039673851974378,0.20064713857168293,0.962775406735248,0.697567029358448,NS
GENE_0907,-0.5315638184366307,0.23174387858133727,0.962775406735248,0.6349917287409967,NS
GENE_0905,0.5414559345033974,0.12382811325985385,0.962775406735248,0.9071807442695655,NS
GENE_0904,-0.20988999615489057,0.5504497624676753,0.962775406735248,0.2592823113491992,NS
GENE_0902,0.9698574631799612,0.00956778535541282,0.962775406735248,2.0191885762492072,NS
GENE_0901,0.49751103069937397,0.22941501695743227,0.962775406735248,0.6393781576278939,NS
GENE_0900,-0.13754138832348506,0.5150613878915633,0.962775406735248,0.28814100623312067,NS
GENE_0899,-0.6417967707782317,0.08554220149515238,0.962775406735248,1.0678195770287804,NS
GENE_0898,0.312327289480975,0.38901090840382824,0.962775406735248,0.410038220285691,NS
GENE_0897,-0.6087434306583468,0.1094893109797877,0.962775406735248,0.960628277253881,NS
GENE_1888,-0.2712048029047489,0.43782737662279336,0.962775406735248,0.3586970862023296,NS
GENE_0895,0.28689924355927054,0.41789151962070437,0.962775406735248,0.37893644201574744,NS
GENE_0915,-0.5349863279202047,0.21013590550122652,0.962775406735248,0.6774997342253826,NS
GENE_0950,0.22238583677925572,0.556750503727927,0.962775406735248,0.2543393813596447,NS
GENE_0916,0.268138285005743,0.3640886841007871,0.962775406735248,0.43879281875612924,NS
GENE_0920,-0.3679716865311473,0.34105346037331596,0.962775406735248,0.46717753970148135,NS
GENE_0945,0.89050043497316,0.004848920029043868,0.962775406735248,2.314354978439922,NS
GENE_0943,-0.3056829692777461,0.26648568906643477,0.962775406735248,0.57432610868754,NS
GENE_0942,-0.6438796551568204,0.059729927663119166,0.962775406735248,1.2238080112118634,NS
GENE_0938,0.317139645190756,0.546459975785746,0.962775406735248,0.26244164145799437,NS
GENE_0937,0.42288675077166094,0.3034455135570777,0.962775406735248,0.5179192791713993,NS
GENE_0936,-0.6262972956716544,0.12763156204554055,0.962775406735248,0.8940419155267322,NS
GENE_0935,-0.6642138507949271,0.10337191585149465,0.962775406735248,0.9855974346210973,NS
GENE_0934,-0.7375824266496789,0.05892024041285528,0.962775406735248,1.2297354897696067,NS
GENE_0932,-0.34024796323298734,0.33673374337351925,0.962775406735248,0.47271336170325545,NS
GENE_0931,0.46342187573418236,0.24921747791378968,0.962775406735248,0.6034215033638297,NS
GENE_0929,0.5964386957108818,0.10611798362320729,0.962775406735248,0.974211010759386,NS
GENE_0928,0.557290525583265,0.14423390947742296,0.962775406735248,0.8409326247229315,NS
GENE_0927,0.6333763149642744,0.11728403532638056,0.962775406735248,0.9307610999178993,NS
GENE_0924,0.30790340744459943,0.46558933644328815,0.962775406735248,0.33199697504388775,NS
GENE_0922,-0.2393555664585918,0.5717788976082538,0.962775406735248,0.24277187699727817,NS
GENE_0919,0.2758788690456191,0.40619176580522565,0.962775406735248,0.39126888472638593,NS
GENE_1903,-0.13511232040326782,0.37780952546907287,0.962775406735248,0.4227270966881252,NS
GENE_1272,0.2717629779842925,0.5317648448809419,0.962775406735248,0.27428037738219063,NS
GENE_1276,0.23692209262561192,0.5952687844537422,0.962775406735248,0.2252868909992913,NS
GENE_1617,-0.48271171298434634,0.14947562996676042,0.962775406735248,0.82542960756487,NS
GENE_1796,0.3498274273873676,0.4645435153547255,0.962775406735248,0.3329735979388741,NS
GENE_1607,0.505876721837657,0.1310896583653474,0.962775406735248,0.8824315683558216,NS
GENE_1605,-0.40937489326716925,0.15836555794398777,0.962775406735248,0.8003392648003114,NS
GENE_1604,-0.23922367822790047,0.5793647252425141,0.962775406735248,0.2370479504489412,NS
GENE_1603,0.5879138442007354,0.055893267364513846,0.962775406735248,1.2526405019979332,NS
GENE_1619,-0.4035522993292444,0.28225638329900005,0.962775406735248,0.549356227613147,NS
GENE_1602,-0.3510894644102338,0.44697305987376557,0.962775406735248,0.3497186520375269,NS
GENE_1797,-0.5114953025687168,0.2132644589739071,0.962775406735248,0.6710815147221799,NS
GENE_1597,-0.4387202913618946,0.2799644200739505,0.962775406735248,0.552897158469907,NS
GENE_1596,-0.2102019930260708,0.49646644486984337,0.962775406735248,0.3041100992337124,NS
GENE_1594,0.619040348878924,0.15811304528384829,0.962775406735248,0.8010322966644707,NS
GENE_1593,0.7753074178415442,0.08445789098687229,0.962775406735248,1.073359767621027,NS
GENE_1592,0.3195727616535651,0.34672318958854387,0.962775406735248,0.46001711082832786,NS
GENE_1601,0.40102310848877387,0.25991552587153033,0.962775406735248,0.5851677774480443,NS
GENE_1620,0.8446730630867219,0.010229475290387119,0.962775406735248,1.9901466423712966,NS
GENE_1622,0.6141077402029005,0.09997499808542773,0.962775406735248,1.0001085955114017,NS
GENE_1624,0.24328950358277268,0.3956392530140854,0.962775406735248,0.4027006267772917,NS
GENE_1646,0.30377535485021223,0.48035979921098537,0.962775406735248,0.3184333453810766,NS
GENE_1644,0.43282271706942677,0.16373303377807458,0.962775406735248,0.7858636911426276,NS
GENE_1642,0.8330581995408703,0.024737253578434346,0.962775406735248,1.6066485190133077,NS
GENE_1639,0.5448555023412567,0.21075899598361691,0.962775406735248,0.6762138789918927,NS
GENE_1638,-0.34270725532628266,0.5487393721763063,0.962775406735248,0.2606338779568953,NS
GENE_1637,0.33426725938184365,0.48142509546590884,0.962775406735248,0.31747127480403803,NS
GENE_1635,0.35929849572317085,0.18345729185613135,0.962775406735248,0.7364650217115527,NS
GENE_1634,-0.47131988731798113,0.12763226696916263,0.962775406735248,0.8940395168755765,NS
GENE_1633,0.5277958021165041,0.09718388810720817,0.962775406735248,1.012405729787039,NS
GENE_1631,-0.136483759279586,0.6149695744531258,0.962775406735248,0.2111463703611406,NS
GENE_1629,-0.2589783197049176,0.6012093094061164,0.962775406735248,0.22097430321419806,NS
GENE_1628,0.4051836432757323,0.29429489177023804,0.962775406735248,0.5312172761105536,NS
GENE_1794,-0.5427348984424922,0.1012156326005221,0.962775406735248,0.9947524061935473,NS
GENE_1626,0.556669423225645,0.04236526903969106,0.962775406735248,1.372990031270972,NS
GENE_1625,0.14425347881756956,0.5602016619075239,0.962775406735248,0.25165560712223917,NS
GENE_1590,-0.270056080221579,0.45210206863610647,0.962775406735248,0.34476350580536347,NS
GENE_1589,0.36067483777280973,0.41250445090891574,0.962775406735248,0.38457136106617007,NS
GENE_1586,0.64896459421528,0.06476817591077287,0.962775406735248,1.1886383339641882,NS
GENE_1585,0.9287870429329921,0.03527467001312544,0.962775406735248,1.4525370402851396,NS
GENE_1553,0.023051942756626254,0.5128558106696444,0.962775406735248,0.29000471955209817,NS
GENE_1552,0.33385396906463516,0.5648190846485549,0.962775406735248,0.2480906373501489,NS
GENE_1551,0.26528777700047357,0.5161673832487554,0.962775406735248,0.2872094421064223,NS
GENE_1549,-0.4220993913074844,0.2101329517683611,0.962775406735248,0.6775058388408557,NS
GENE_1548,-0.39339974144140477,0.48142458830283896,0.962775406735248,0.3174717323170359,NS
GENE_1547,-0.24687368419362432,0.49646664410772656,0.962775406735248,0.30410992494621164,NS
GENE_1545,-0.24066572873023073,0.4490213339057786,0.962775406735248,0.34773302430302533,NS
GENE_1544,0.827999712953523,0.04942554029780421,0.962775406735248,1.3060485744761532,NS
GENE_1543,-0.3862565916149183,0.389955403303613,0.962775406735248,0.4089850576058402,NS
GENE_1542,0.6008412151392211,0.12805915401888637,0.962775406735248,0.8925893715274924,NS
GENE_1540,-0.4826168875996686,0.19147326070709614,0.962775406735248,0.7178918668033515,NS
GENE_1800,0.5056180962684724,0.1328455066033664,0.962775406735248,0.8766531306806203,NS
GENE_1538,0.7053602383932018,0.1267783971055141,0.962775406735248,0.8969547434350869,NS
GENE_1532,0.42816736648607456,0.26064039829759034,0.962775406735248,0.5839582693680034,NS
GENE_1804,0.4542492962050524,0.22710269357809687,0.962775406735248,0.6437777147491477,NS
GENE_1554,0.4432722606528996,0.26944190975951154,0.962775406735248,0.5695348519623689,NS
GENE_1647,0.29342103144278475,0.3111462979945002,0.962775406735248,0.507035361866157,NS
GENE_1555,0.22110945882049382,0.5567500016994391,0.962775406735248,0.2543397729682717,NS
GENE_1557,0.5293757787164104,0.0898289470735592,0.962775406735248,1.0465836908546775,NS
GENE_1584,0.6782240159305628,0.049030687305768476,0.962775406735248,1.3095320188278479,NS
GENE_1582,0.3545976238574946,0.27730876364618473,0.962775406735248,0.557036405420194,NS
GENE_1798,0.22913269694355254,0.4608937225127382,0.962775406735248,0.33639920703417836,NS
GENE_1578,-0.28993649575683733,0.5648190846485549,0.962775406735248,0.2480906373501489,NS
GENE_1577,0.41499096498291355,0.2395131776523317,0.962775406735248,0.620670587367354,NS
GENE_1574,-0.29278854092973106,0.4110427502523505,0.962775406735248,0.38611300724028313,NS
GENE_1572,-0.4289590026858079,0.4327928529452011,0.962775406735248,0.3637199196946702,NS
GENE_1571,0.2909130388444474,0.43580921743398227,0.962775406735248,0.36070358859553964,NS
GENE_1567,0.12152786485858869,0.5741079232360272,0.962775406735248,0.24100645941361976,NS
GENE_1566,-0.34489773200164375,0.37596208091943795,0.962775406735248,0.4248559552795004,NS
GENE_1564,0.29105002033930205,0.547599389827406,0.962775406735248,0.26153704445831466,NS
GENE_1562,0.31314743059610084,0.30064108911785137,0.962775406735248,0.5219516639432029,NS
GENE_1560,0.16671240308430413,0.5533104698537035,0.962775406735248,0.2570311118992221,NS
GENE_1559,0.3318922880193407,0.2642830560503391,0.962775406735248,0.5779306798487169,NS
GENE_1558,0.3151485711483799,0.20215605416032456,0.962775406735248,0.6943132479041372,NS
GENE_1556,0.24393196102360548,0.5498803855285588,0.962775406735248,0.25973177151404575,NS
GENE_1648,-0.4616943609180675,0.20796535455187715,0.962775406735248,0.6820090091726957,NS
GENE_1650,-0.36438078953807285,0.15535815193558566,0.962775406735248,0.8086659535595965,NS
GENE_1651,0.29897029372385386,0.49322086200980086,0.962775406735248,0.3069585621166098,NS
GENE_1749,-0.4665480824589574,0.3595840033341957,0.962775406735248,0.44419963678924096,NS
GENE_1748,-0.257188681592722,0.5194888476290898,0.962775406735248,0.28442377142756453,NS
GENE_1747,-0.467541768219923,0.21013537805093518,0.962775406735248,0.677500824324849,NS
GENE_1746,-0.7695458251073299,0.05022309182576203,0.962775406735248,1.2990965548342646,NS
GENE_1745,-0.42991961797851097,0.2436389413986888,0.962775406735248,0.613253296158413,NS
GENE_1744,0.5168992989083456,0.21452546227995117,0.962775406735248,0.6685211534960289,NS
GENE_1743,0.1530778644363382,0.581121954727005,0.962775406735248,0.23573271665092646,NS
GENE_1742,0.3764456798723943,0.48998976823336515,0.962775406735248,0.30981298863716805,NS
GENE_1740,0.28931879145629935,0.3427925254581634,0.962775406735248,0.4649686563744668,NS
GENE_1738,0.45725496382613606,0.3568992887910756,0.962775406735248,0.4474543174812102,NS
GENE_1736,0.1717376287421679,0.5864081602855533,0.962775406735248,0.2317999948090703,NS
GENE_1733,0.34555998127032517,0.4100697784051839,0.962775406735248,0.38714223645623924,NS
GENE_1732,0.7425032537501393,0.0203923731648827,0.962775406735248,1.6905322302081411,NS
GENE_1730,-0.5115300576745865,0.21263628485813513,0.962775406735248,0.6723626242479686,NS
GENE_1727,-0.35267806287041914,0.4687330795009479,0.962775406735248,0.329074396303162,NS
GENE_1751,-0.4593464391656168,0.26648264661663235,0.962775406735248,0.5743310670277347,NS
GENE_1726,0.31643144414582647,0.38012525089880045,0.962775406735248,0.4200732801949246,NS
GENE_1754,0.01423195575723124,0.5822939956427877,0.962775406735248,0.23485768812080718,NS
GENE_1756,-0.3348048299256563,0.35958489257849646,0.962775406735248,0.4441985627886965,NS
GENE_1777,0.34640861452019145,0.20155134198854152,0.962775406735248,0.6956143058399895,NS
GENE_1775,0.20971455788951232,0.5117529690535634,0.962775406735248,0.29093962899796566,NS
GENE_1774,0.3372908273113264,0.3471617506787883,0.962775406735248,0.4594681302242555,NS
GENE_1773,0.13348438169867727,0.5379579735515082,0.962775406735248,0.26925165103917353,NS
GENE_1780,0.27197117349388744,0.4023354091349336,0.962775406735248,0.395411743925905,NS
GENE_1771,-0.4662245087996544,0.24851534611352577,0.962775406735248,0.6046467879099603,NS
GENE_1770,0.1291854008827853,0.4129930172945121,0.962775406735248,0.384057291142869,NS
GENE_1768,0.6640687794357545,0.13959180371530056,0.962775406735248,0.855140081037485,NS
GENE_1767,0.43175612464398583,0.15486205082786253,0.962775406735248,0.8100549937014007,NS
GENE_1763,-0.6951435891253359,0.08142224016220298,0.962775406735248,1.0892569530902512,NS
GENE_1762,-0.20253765447316585,0.5846438752285179,0.962775406735248,0.23310859565900174,NS
GENE_1761,0.48203581083998515,0.18743522270347335,0.962775406735248,0.7271487934463053,NS
GENE_1781,-0.1177527127924094,0.5752742509815596,0.962775406735248,0.24012506436644357,NS
GENE_1759,0.2239530271106771,0.48142539976304566,0.962775406735248,0.3174710002971067,NS
GENE_1758,-0.2508643537044213,0.5590494885899406,0.962775406735248,0.252549745476354,NS
GENE_1755,0.20550621806876723,0.45519482038019343,0.962775406735248,0.3418026883816553,NS
GENE_1806,0.4126136460077596,0.47717411544353927,0.962775406735248,0.32132312289132886,NS
GENE_1722,0.5849662034358509,0.4169093051729862,0.962775406735248,0.37995841156551774,NS
GENE_1718,0.9721211957059985,0.020577536572882037,0.962775406735248,1.6866066177582182,NS
GENE_1677,-0.25970535113978865,0.37136627258798016,0.962775406735248,0.43019754134490923,NS
GENE_1675,-0.20579081132289545,0.5677136772804339,0.962775406735248,0.24587064268516165,NS
GENE_1674,-0.1805823347735096,0.4100699408714753,0.962775406735248,0.3871420643923526,NS
GENE_1670,0.46619934242802685,0.15887111248007524,0.962775406735248,0.7989550633402664,NS
GENE_1669,0.3179449695479839,0.33117024617962143,0.962775406735248,0.47994868909872207,NS
GENE_1667,-0.4864994805255831,0.13152617652669446,0.962775406735248,0.8809878046665881,NS
GENE_1665,0.45907800586686864,0.1868617270166335,0.962775406735248,0.7284796416259685,NS
GENE_1664,0.8076949016046946,0.03077513864413256,0.962775406735248,1.5117999818654977,NS
GENE_1662,0.47708243120280436,0.09718365599716766,0.962775406735248,1.0124067670395316,NS
GENE_1661,0.14380385705939513,0.5958612048074126,0.962775406735248,0.22485488959877178,NS
GENE_1791,0.6185920681285264,0.14707468956982878,0.962775406735248,0.832462059603801,NS
GENE_1655,-0.3490506246373055,0.4388366675330264,0.962775406735248,0.35769709157603197,NS
GENE_1654,-0.19429878947101376,0.4708352131974858,0.962775406735248,0.3271310642536766,NS
GENE_1653,-0.317617050838642,0.2541710116370778,0.962775406735248,0.5948739825150894,NS
GENE_1652,0.3393747776878939,0.48355882416669216,0.962775406735248,0.31555068712998224,NS
GENE_1790,-0.6302256489795619,0.09015325159502885,0.962775406735248,1.0450186047783867,NS
GENE_1720,0.16334473712636566,0.5106536080333393,0.962775406735248,0.2918735952290347,NS
GENE_1789,0.27601750139377135,0.3298953562770137,0.962775406735248,0.48162379769340286,NS
GENE_1682,-0.49274124561186294,0.17406273842019981,0.962775406735248,0.7592941882764823,NS
GENE_1717,0.3348642263367232,0.3107381434034536,0.962775406735248,0.5076054334109872,NS
GENE_1716,0.23998011305892053,0.3668065691125485,0.962775406735248,0.4355628951836299,NS
GENE_1712,-0.4254312357358012,0.2986481803476583,0.962775406735248,0.5248401270490991,NS
GENE_1709,0.8214530164307812,0.015123896428393794,0.962775406735248,1.8203363054387718,NS
GENE_1708,-0.4345109228259165,0.20827426861423082,0.962775406735248,0.6813643819444013,NS
GENE_1707,0.7845274279030319,0.0683175606981926,0.962775406735248,1.1654676486748345,NS
GENE_1783,0.4337546771906098,0.34803993130623545,0.962775406735248,0.45837092573423116,NS
GENE_1703,-0.44115878095379024,0.22546012632622336,0.962775406735248,0.6469302539975188,NS
GENE_1701,-0.32256060189540925,0.6024001990236039,0.962775406735248,0.22011489332322792,NS
GENE_1700,0.2783026418744834,0.6089713256618581,0.962775406735248,0.21540315629981654,NS
GENE_1696,0.13111475654660865,0.5578999204974997,0.962775406735248,0.2534437004779614,NS
GENE_1690,-0.49004567659857035,0.48089254072382137,0.962775406735248,0.31795195935290904,NS
GENE_1688,-0.4657327107778011,0.19616973942600258,0.962775406735248,0.7073679847943862,NS
GENE_1786,0.5202326339045378,0.13065368740700525,0.962775406735248,0.883878328776943,NS
GENE_1685,0.3151730319939787,0.3156635660691941,0.962775406735248,0.500775541542111,NS
GENE_1680,0.3385295553709273,0.2324118074671393,0.962775406735248,0.6337418117913365,NS
GENE_1273,0.31431587256844384,0.3419226495052007,0.962775406735248,0.4660721298868663,NS
GENE_1527,-0.5295372831929841,0.1746053058407997,0.962775406735248,0.75794256325147,NS
GENE_1807,-0.15711264820034998,0.2799644200739505,0.962775406735248,0.552897158469907,NS
GENE_1821,-0.8652947635589268,0.023713728811131998,0.962775406735248,1.6250001510082133,NS
GENE_1349,0.26304938362463837,0.5261675822663848,0.962775406735248,0.2788759127621404,NS
GENE_1348,-0.4183154367790092,0.4500469371465995,0.962775406735248,0.346742189600799,NS
GENE_1347,-0.5442089961441097,0.24225817515040549,0.962775406735248,0.6157215584967902,NS
GENE_1346,0.5677352953277301,0.07589777014715395,0.962775406735248,1.1197709833536922,NS
GENE_1345,-0.7780139514547253,0.024518720845152147,0.962775406735248,1.6105021909392188,NS
GENE_1353,0.3907359144350693,0.3034460729034455,0.962775406735248,0.517918478629601,NS
GENE_1344,0.7147785168526397,0.07055015198803913,0.962775406735248,1.1515020462966552,NS
GENE_1340,0.14650909492685305,0.44595196807229964,0.962775406735248,0.3507119151095936,NS
GENE_1339,0.3083391268463336,0.4562281528342824,0.962775406735248,0.3408179188767045,NS
GENE_1337,-0.31738331915378737,0.5578999204974997,0.962775406735248,0.2534437004779614,NS
GENE_1336,0.38764035901933624,0.20581116010485823,0.962775406735248,0.6865310793279737,NS
GENE_1335,0.6467397610461632,0.11101441918330525,0.962775406735248,0.9546206089156651,NS
GENE_1333,0.3922890501525389,0.2986481803476583,0.962775406735248,0.5248401270490991,NS
GENE_1342,-0.6275501521825557,0.04504302771770952,0.962775406735248,1.3463724246198627,NS
GENE_1354,-0.3516773852598254,0.3686268001302486,0.962775406735248,0.4334130936270568,NS
GENE_1356,0.30111337137569105,0.4708356750701287,0.962775406735248,0.32713063822640387,NS
GENE_1357,0.22316166972654905,0.5952679328902273,0.962775406735248,0.22528751228098742,NS
GENE_1818,0.2669365468242981,0.4449319978975945,0.962775406735248,0.3517063602428468,NS
GENE_1383,0.3451768656127241,0.44187829553566715,0.962775406735248,0.354697329871488,NS
GENE_1378,0.205742621959212,0.4110427502523505,0.962775406735248,0.38611300724028313,NS
GENE_1375,0.3307187509609326,0.29311488445348377,0.962775406735248,0.5329621274097953,NS
GENE_1372,0.19291856144273645,0.5602016619075239,0.962775406735248,0.25165560712223917,NS
GENE_1368,-0.3102800028220605,0.5940839014884098,0.962775406735248,0.22615221599476146,NS
GENE_1367,0.6756194876304509,0.09892085956706077,0.962775406735248,1.0047121185176813,NS
GENE_1366,0.22578465242858314,0.42629800696451536,0.962775406735248,0.37028669776885786,NS
GENE_1365,-0.00759621613416428,0.6143713042173347,0.962775406735248,0.21156907733706773,NS
GENE_1364,0.349658319761434,0.5940839014884098,0.962775406735248,0.22615221599476146,NS
GENE_1363,0.27516524538757814,0.2344238499788781,0.962775406735248,0.629998205848051,NS
GENE_1362,-0.10648960436832944,0.557900057152348,0.962775406735248,0.2534435940996719,NS
GENE_1361,-0.4792917898732654,0.24191215699747737,0.962775406735248,0.6163423061554586,NS
GENE_1359,-0.047632130265964356,0.6012093094061164,0.962775406735248,0.22097430321419806,NS
GENE_1820,0.5666206618611387,0.12571862903355063,0.962775406735248,0.9006003636265406,NS
GENE_1824,-0.791257503453668,0.020115846734045706,0.962775406735248,1.6964616819997975,NS
GENE_1331,-0.6180184871123435,0.10246925681029388,0.962775406735248,0.9894064136359539,NS
GENE_1329,-0.27687732807858456,0.4562281528342824,0.962775406735248,0.3408179188767045,NS
GENE_1328,0.5523560881386507,0.17514933452513926,0.962775406735248,0.7565915084325515,NS
GENE_1299,0.31720610892708123,0.33244932746599964,0.962775406735248,0.4782745412750832,NS
GENE_1829,0.18053768619457422,0.31814537131371945,0.962775406735248,0.4973743909175677,NS
GENE_1295,-0.26457514648078995,0.4110429126096433,0.962775406735248,0.38611283569885,NS
GENE_1830,-0.201375281471865,0.4515877759004202,0.962775406735248,0.34525782257268145,NS
GENE_1289,0.21522356856472147,0.5846437448779988,0.962775406735248,0.2331086924880628,NS
GENE_1288,0.08519856181660934,0.5659737323093219,0.962775406735248,0.24720372460296341,NS
GENE_1287,0.3275715232342131,0.34192281702935345,0.962775406735248,0.46607191710541584,NS
GENE_1286,0.40098929489888935,0.4208476274990779,0.962775406735248,0.3758751167878643,NS
GENE_1285,-0.3998283043600015,0.4444225126557809,0.962775406735248,0.35220394956343903,NS
GENE_1284,-0.43165254953812315,0.34804048895509687,0.962775406735248,0.4583702298841072,NS
GENE_1283,-0.22633051331775178,0.5261666729872407,0.962775406735248,0.2788766632744663,NS
GENE_1281,-0.2380044349827548,0.5295228639762102,0.962775406735248,0.27611528298931043,NS
GENE_1280,0.3590444646181279,0.2628217361581523,0.962775406735248,0.5803387201503901,NS
GENE_1279,0.3110828355550259,0.4572631683414723,0.962775406735248,0.33983377878606935,NS
GENE_1832,0.36359109147426416,0.41201709146457943,0.962775406735248,0.3850847680086227,NS
GENE_1300,-0.5047670461661564,0.2784450779626704,0.962775406735248,0.5552604546732884,NS
GENE_1385,-0.30158043811239565,0.37966244430123364,0.962775406735248,0.4206023605620854,NS
GENE_1301,-0.3597748893809607,0.32989541222122465,0.962775406735248,0.4816237240450184,NS
GENE_1304,-0.5106152125750629,0.13551273763474134,0.962775406735248,0.868019880992635,NS
GENE_1327,0.4648252783471527,0.2599141477272787,0.962775406735248,0.5851700802040204,NS
GENE_1326,-0.5007906235824935,0.2157921511589329,0.962775406735248,0.6659643556232433,NS
GENE_1325,0.2910754386979564,0.4188757429912846,0.962775406735248,0.377914788815332,NS
GENE_1324,-0.2517885893585765,0.5869973232806225,0.962775406735248,0.23136387913927775,NS
GENE_1323,0.3981766213039819,0.3198063934277663,0.962775406735248,0.49511285828007623,NS
GENE_1322,-0.7321404615481084,0.0706834992599504,0.962775406735248,1.1506819584342436,NS
GENE_1321,0.19010171724294178,0.5544560956870805,0.962775406735248,0.25613283753237526,NS
GENE_1320,-0.21836738430102098,0.5205995453051706,0.962775406735248,0.28349621554207616,NS
GENE_1316,0.21754523439403695,0.4687332852420115,0.962775406735248,0.3290742056782777,NS
GENE_1312,-0.3411749189649189,0.31319350141813684,0.962775406735248,0.5041872578769412,NS
GENE_1310,0.24108470056742526,0.4428954250284316,0.962775406735248,0.3536988058185805,NS
GENE_1309,-0.21969563965318706,0.5487384936349529,0.962775406735248,0.26063457327053,NS
GENE_1308,-0.2616804705561311,0.4697838558202677,0.962775406735248,0.3281019118850281,NS
GENE_1827,0.6462815658413312,0.04766983622672679,0.962775406735248,1.3217563401214374,NS
GENE_1305,0.9586936297855893,0.007513323840325732,0.962775406735248,2.124167891735851,NS
GENE_1303,-0.921595488973626,0.02119433750303283,0.962775406735248,1.6737801541499644,NS
GENE_1388,-0.3758488702655658,0.3050566166304117,0.962775406735248,0.5156195507898931,NS
GENE_1389,-0.2852446029888114,0.4761144761532815,0.962775406735248,0.32228861369895656,NS
GENE_1391,-0.4501864402017661,0.23308207579759654,0.962775406735248,0.6324911227964604,NS
GENE_1810,0.505044064177441,0.19293139570669648,0.962775406735248,0.7145970939076763,NS
GENE_1483,0.372975881426969,0.2709273747898828,0.962775406735248,0.5671471111737543,NS
GENE_1482,0.3889950795891579,0.2613656734595752,0.962775406735248,0.5827514512084526,NS
GENE_1479,-0.4908562260398295,0.11139619446420515,0.962775406735248,0.9531296453510365,NS
GENE_1478,0.3673144111455686,0.33330353756870235,0.962775406735248,0.47716007686328143,NS
GENE_1476,0.498714942846223,0.35245249451993144,0.962775406735248,0.4528994113199468,NS
GENE_1475,-0.22279304089640561,0.4066748482001078,0.962775406735248,0.3907526867684758,NS
GENE_1473,0.1012364135449575,0.6107689718855871,0.962775406735248,0.21412303396197005,NS
GENE_1472,0.42447898376239657,0.2595538609224184,0.962775406735248,0.5857725065083834,NS
GENE_1471,0.196074832866433,0.5464607183024914,0.962775406735248,0.2624410513494403,NS
GENE_1470,0.6657430120902204,0.09718268887156738,0.962775406735248,1.012411088953511,NS
GENE_1469,0.37722193639430124,0.3533391919140134,0.962775406735248,0.451808188526116,NS
GENE_1468,-0.3960854850132174,0.3471617506787883,0.962775406735248,0.4594681302242555,NS
GENE_1467,0.41425181749574147,0.3173161452591148,0.962775406735248,0.4985078301417657,NS
GENE_1466,-0.3985116672240281,0.5671329797826663,0.962775406735248,0.24631509698984996,NS
GENE_1492,0.5962081689000325,0.14423363102185424,0.962775406735248,0.8409334631653902,NS
GENE_1465,0.6522152404027617,0.12134128735709661,0.962775406735248,0.9159914017677949,NS
GENE_1493,-0.380269289332964,0.41740056518689694,0.962775406735248,0.3794469672078326,NS
GENE_1495,-0.21184850998302096,0.6119690790596531,0.962775406735248,0.21327052088224974,NS
GENE_1524,0.2914544485007555,0.3815216039012044,0.962775406735248,0.4184808648141285,NS
GENE_1521,0.377934793868107,0.3498005252776586,0.962775406735248,0.4561795426989166,NS
GENE_1520,0.20386148152986028,0.5172734406577445,0.962775406735248,0.2862798198161256,NS
GENE_1519,-0.23435444929526472,0.4671593548440217,0.962775406735248,0.33053495000276106,NS
GENE_1517,0.6678924918900799,0.08476678483066938,0.962775406735248,1.071774289141611,NS
GENE_1516,0.5094489063207961,0.18149442760243584,0.962775406735248,0.741136704504806,NS
GENE_1515,-0.3777697608642283,0.38572450657939783,0.962775406735248,0.4137227678383975,NS
GENE_1511,-0.3637934227099997,0.3239856952133421,0.962775406735248,0.48947416456825477,NS
GENE_1510,-0.38058700363081854,0.2613660044802474,0.962775406735248,0.5827509011731002,NS
GENE_1509,-0.3907556941433814,0.38619272226484025,0.962775406735248,0.41319591468402356,NS
GENE_1508,0.23098333456880926,0.4164168763936108,0.962775406735248,0.38047167787404357,NS
GENE_1506,-0.5418499199583122,0.1729810848310097,0.962775406735248,0.7620013835916358,NS
GENE_1503,-0.2912435716176862,0.45210206863610647,0.962775406735248,0.34476350580536347,NS
GENE_1501,0.47284615169406496,0.2186613089988887,0.962775406735248,0.6602280563534113,NS
GENE_1496,0.4768447938645428,0.23274598702644644,0.962775406735248,0.6331177983264046,NS
GENE_1494,0.36994512810614477,0.12052088158161257,0.962775406735248,0.9189377002261166,NS
GENE_1526,0.5335075632215345,0.14097233663107767,0.962775406735248,0.8508661017217176,NS
GENE_1464,0.4650220030921606,0.1781629560083472,0.962775406735248,0.7491825902742898,NS
GENE_1462,0.400931306392982,0.1719052563038571,0.962775406735248,0.7647108437966013,NS
GENE_1420,0.3252928487269351,0.4023354091349336,0.962775406735248,0.395411743925905,NS
GENE_1418,0.5361102280104459,0.14659889997490624,0.962775406735248,0.8338692884712929,NS
GENE_1416,-0.23280573329926924,0.34716208534007276,0.962775406735248,0.45946771156788335,NS
GENE_1414,0.8513909522117942,0.04596678237287684,0.962775406735248,1.3375558953493525,NS
GENE_1410,0.43692848127106565,0.18345886311880177,0.962775406735248,0.7364613021113218,NS
GENE_1409,0.3929946142549081,0.2861025711196781,0.962775406735248,0.5434782393003958,NS
GENE_1408,-0.28334992057457686,0.5811211237654855,0.962775406735248,0.2357333376604369,NS
GENE_1407,-0.5138195090966651,0.08384312029533908,0.962775406735248,1.0765325674091173,NS
GENE_1406,-0.45271114530211776,0.2761743910693132,0.962775406735248,0.5588165948845322,NS
GENE_1405,0.3437743286893742,0.31483898132940635,0.962775406735248,0.5019115014458442,NS
GENE_1815,0.21158318820891786,0.4614156054487938,0.962775406735248,0.3359077213760663,NS
GENE_1399,-0.5381086474095804,0.1729805878219456,0.962775406735248,0.7620026314078598,NS
GENE_1397,0.5796332225350813,0.08112347089790121,0.962775406735248,1.090853476162143,NS
GENE_1396,0.4795350029906702,0.22220392807082467,0.962775406735248,0.653248267967586,NS
GENE_1394,-0.31430643213533216,0.2911552136810962,0.962775406735248,0.5358754286277151,NS
GENE_1421,-0.23039512802465545,0.38059061077106104,0.962775406735248,0.41954193002854573,NS
GENE_1463,-0.930816772476323,0.00954402850533854,0.962775406735248,2.020268272219866,NS
GENE_1422,0.515360337928179,0.15486205082786253,0.962775406735248,0.8100549937014007,NS
GENE_1426,-0.41713983319460635,0.18973550106732429,0.962775406735248,0.7218514014511305,NS
GENE_1461,0.3004824014131584,0.22091146101570125,0.962775406735248,0.6557817520925435,NS
GENE_1459,0.1907750232741101,0.5717788976082538,0.962775406735248,0.24277187699727817,NS
GENE_1458,0.458184825367832,0.23007865414145978,0.962775406735248,0.6381236717207466,NS
GENE_1455,-0.9147667032330045,0.0274948192138936,0.962775406735248,1.560749131580085,NS
GENE_1450,-0.23154735665335124,0.5671336524127479,0.962775406735248,0.24631458190896063,NS
GENE_1447,0.40387895233457716,0.4100697784051839,0.962775406735248,0.38714223645623924,NS
GENE_1445,-0.5696234293068727,0.13959180371530056,0.962775406735248,0.855140081037485,NS
GENE_1444,-0.26369413549514054,0.495383040076642,0.962775406735248,0.3050588659924319,NS
GENE_1812,0.41377440457265635,0.20094826221541562,0.962775406735248,0.6969157451998341,NS
GENE_1440,0.2853691745202198,0.3833861720573998,0.962775406735248,0.4163635552750328,NS
GENE_1438,0.4486346470876006,0.2154734092188898,0.962775406735248,0.6666063168816191,NS
GENE_1435,-0.09191374439963518,0.5846423979154778,0.962775406735248,0.23310969306160725,NS
GENE_1432,0.18554353253801104,0.5893550203945211,0.962775406735248,0.2296230125985329,NS
GENE_1430,-0.3404567217133705,0.30910682673246836,0.962775406735248,0.5098914032851236,NS
GENE_1428,0.41395904265241157,0.2422583930576684,0.962775406735248,0.6157211678561886,NS
GENE_1424,-0.3763105574996013,0.43883830904303234,0.962775406735248,0.35769546705953875,NS
GENE_1904,0.31460539186915604,0.3805911617766963,0.962775406735248,0.41954130127279904,NS
GENE_0888,0.7381099816193988,0.042539481049142604,0.962775406735248,1.371207812479093,NS
GENE_0745,0.6546090713161243,0.11178332051897599,0.962775406735248,0.951622993828634,NS
GENE_0318,-0.28516562002432444,0.4248078648920688,0.962775406735248,0.3718074513248757,NS
GENE_0319,-0.24545621772541182,0.5018975576757617,0.962775406735248,0.29938491766825276,NS
GENE_0320,-0.3111216610076717,0.5062666098483687,0.962775406735248,0.2956207149927667,NS
GENE_1955,-0.5866867598251124,0.1248758400237614,0.962775406735248,0.9035215773128505,NS
GENE_0323,0.2627529322849611,0.48142560262750966,0.962775406735248,0.3174708172928473,NS
GENE_0325,0.3518715044005267,0.34891952294304507,0.962775406735248,0.45727472998087204,NS
GENE_0326,0.6131242456236503,0.10246909789205673,0.962775406735248,0.9894070871781376,NS
GENE_0328,0.30097642307088623,0.4317899839686292,0.962775406735248,0.3647274360119916,NS
GENE_0331,0.6915125518389722,0.07121830089270688,0.962775406735248,1.147408391820484,NS
GENE_0332,0.4064648479934885,0.26282140487713934,0.962775406735248,0.5803392675693695,NS
GENE_0336,-1.193441822824175,0.0023982630745443606,0.962775406735248,2.62010317922034,NS
GENE_0337,0.11087417687706935,0.5911259945423617,0.962775406735248,0.22831994229536468,NS
GENE_1953,-0.2849007823075418,0.3695387411373011,0.962775406735248,0.4323400249817897,NS
GENE_0340,0.19906463509280226,0.567134549248005,0.962775406735248,0.2463138951391072,NS
GENE_0341,-0.3604302831221311,0.43178966434349064,0.962775406735248,0.3647277574911608,NS
GENE_0342,0.3765864641763894,0.3350160347643454,0.962775406735248,0.47493440596907155,NS
GENE_0345,-0.0823807796199647,0.5648190846485549,0.962775406735248,0.2480906373501489,NS
GENE_0362,-0.44263844936549646,0.35958489257849646,0.962775406735248,0.4441985627886965,NS
GENE_0361,0.29184888123475616,0.5073615450311,0.962775406735248,0.29468245278966976,NS
GENE_0359,0.31969361091766846,0.4541623903334242,0.962775406735248,0.34278883301136437,NS
GENE_0358,0.27983656504869625,0.6143717138197788,0.962775406735248,0.21156878779225863,NS
GENE_0356,0.23174822920151428,0.5261675822663848,0.962775406735248,0.2788759127621404,NS
GENE_0355,-0.48343202828963516,0.15411873042727445,0.962775406735248,0.8121445772005632,NS
GENE_0317,0.5146377071969646,0.10948849018295129,0.962775406735248,0.960631532995193,NS
GENE_0354,0.22216150960804892,0.5351389317750723,0.962775406735248,0.2715334526137851,NS
GENE_0352,0.1646512546441823,0.5233798368863724,0.962775406735248,0.2811830124902915,NS
GENE_0351,0.8193730470193827,0.02810118605563782,0.962775406735248,1.5512753496127734,NS
GENE_0350,0.7770344874072732,0.03764663076339929,0.962775406735248,1.4242738855015098,NS
GENE_0348,0.3551146711381641,0.3533389691709702,0.962775406735248,0.4518084623030059,NS
GENE_0347,0.6479475069760259,0.14564936849769014,0.962775406735248,0.8366913940336571,NS
GENE_0346,0.39757821892666545,0.305863871893558,0.962775406735248,0.5144718180917666,NS
GENE_0353,-0.3549540602398915,0.3533389691709702,0.962775406735248,0.4518084623030059,NS
GENE_0363,0.6815756763048446,0.027494747545890152,0.962775406735248,1.5607502636136783,NS
GENE_0316,0.2171791150775526,0.5013522124185508,0.962775406735248,0.2998570642190436,NS
GENE_0312,-0.8432190654755081,0.028844753348243025,0.962775406735248,1.5399331703461576,NS
GENE_0243,-0.10889114707539083,0.4910657472435629,0.962775406735248,0.30886035766620806,NS
GENE_0248,-0.14468729349928644,0.581121954727005,0.962775406735248,0.23573271665092646,NS
GENE_0250,-0.3011434390891967,0.49646614601258,0.962775406735248,0.30411036066547836,NS
GENE_0251,0.4713178143699457,0.30910682673246836,0.962775406735248,0.5098914032851236,NS
GENE_1967,0.5663697930516269,0.09479330430026983,0.962775406735248,1.0232223378533096,NS
GENE_0253,0.550687289913161,0.15092972352356615,0.962775406735248,0.821225223504179,NS
GENE_0256,-0.6034203605950594,0.10519590953772122,0.962775406735248,0.9780011470618796,NS
GENE_0258,0.3325910591393413,0.3256668820641101,0.962775406735248,0.48722640375660026,NS
GENE_0261,0.1990899796457022,0.5533104698537035,0.962775406735248,0.2570311118992221,NS
GENE_0266,0.9122324240667163,0.014805807918740052,0.962775406735248,1.8295678891813185,NS
GENE_1966,-0.33973225502563587,0.4327928529452011,0.962775406735248,0.3637199196946702,NS
GENE_1965,0.30350234606116366,0.3923175528984205,0.962775406735248,0.4063622604241536,NS
GENE_0276,-0.6666833627414874,0.03900521007552269,0.962775406735248,1.4088773787190432,NS
GENE_1964,-0.44928415666088206,0.42133978354632196,0.962775406735248,0.37536753218833013,NS
GENE_0279,0.2166063601886119,0.5741080561193682,0.962775406735248,0.24100635889158772,NS
GENE_0281,0.3958254858489427,0.37966244430123364,0.962775406735248,0.4206023605620854,NS
GENE_0283,-0.6349157021101108,0.09804941773865977,0.962775406735248,1.008554981023611,NS
GENE_0311,-0.5044115105590139,0.2082744264765718,0.962775406735248,0.6813640527692322,NS
GENE_0306,-0.5942805966795843,0.10210989832926133,0.962775406735248,0.9909321562342114,NS
GENE_0305,-0.34109914866099444,0.4997220186589637,0.962775406735248,0.30127151433285565,NS
GENE_1956,0.019168347286150578,0.5498795085958327,0.962775406735248,0.25973246411439604,NS
GENE_0303,0.47975591688457353,0.2978515918527175,0.962775406735248,0.5260000744941148,NS
GENE_0300,-0.3054246922546673,0.43379728142290186,0.962775406735248,0.36271317400631586,NS
GENE_0313,-0.20310340452689157,0.3956397995797625,0.962775406735248,0.4027000268108026,NS
GENE_1957,-0.4096669977967382,0.34105452154328575,0.962775406735248,0.4671761884190614,NS
GENE_1958,0.30138467195777974,0.5194888476290898,0.962775406735248,0.28442377142756453,NS
GENE_0292,0.38456334302618256,0.3595840033341957,0.962775406735248,0.44419963678924096,NS
GENE_1960,0.30727699988654233,0.3768851600259394,0.962775406735248,0.42379096269825867,NS
GENE_1961,0.9434645182148156,0.03212657624943469,0.962775406735248,1.4931355550337893,NS
GENE_0288,-0.34531718810085366,0.44035690218976287,0.962775406735248,0.35619519210052025,NS
GENE_1962,-0.173595088182819,0.502988689622899,0.962775406735248,0.2984417805297379,NS
GENE_0294,-0.7188534345566087,0.09031460216026385,0.962775406735248,1.0442420268189694,NS
GENE_0242,0.31947603428745186,0.28532958916338724,0.962775406735248,0.544653188931583,NS
GENE_0366,-0.16785490608821174,0.4531306537296874,0.962775406735248,0.34377655734112444,NS
GENE_0368,-0.3599423667677195,0.3833862270815622,0.962775406735248,0.41636349294443736,NS
GENE_0428,0.4791305867978153,0.2606393504849399,0.962775406735248,0.5839600152990633,NS
GENE_0429,-0.5522294684039153,0.20889256846062199,0.962775406735248,0.6800770101582908,NS
GENE_0434,-0.13828997848569013,0.6155745256813492,0.962775406735248,0.21071936087586518,NS
GENE_0437,-0.9318975072435007,0.005940544599592547,0.962775406735248,2.22617373923493,NS
GENE_1948,-0.1476863922694669,0.49754876994623765,0.962775406735248,0.30316434309827983,NS
GENE_0444,-0.21446830086479984,0.5373930419029194,0.962775406735248,0.269707961056423,NS
GENE_0445,-0.2843820248327775,0.41055576827620544,0.962775406735248,0.38662784168806774,NS
GENE_0447,-0.5372018510501411,0.16555183687724084,0.962775406735248,0.7810659961790591,NS
GENE_0449,-0.34359815026876195,0.31731664909252244,0.962775406735248,0.49850714057113305,NS
GENE_1946,-0.3571064453623398,0.28842730536263395,0.962775406735248,0.5399636274235646,NS
GENE_1945,-0.5168474279119222,0.14827210533510965,0.962775406735248,0.8289405457924195,NS
GENE_0452,0.6119326059126076,0.19089356546741532,0.962775406735248,0.7192087103129442,NS
GENE_0453,0.2538283108799835,0.5441870397839907,0.962775406735248,0.26425180547673266,NS
GENE_1944,0.6089924801284567,0.07202651996259685,0.962775406735248,1.1425075681131052,NS
GENE_0455,0.317649834379937,0.41592780765967274,0.962775406735248,0.38098204306513256,NS
GENE_0456,-0.34613689018518734,0.40715822000298296,0.962775406735248,0.3902367929332818,NS
GENE_0457,-0.1806478530961213,0.3704525814050309,0.962775406735248,0.43126737459987435,NS
GENE_0476,-0.1221873028507865,0.5817082515909172,0.962775406735248,0.23529477564638868,NS
GENE_0474,-0.022684810269977262,0.6000190647578475,0.962775406735248,0.22183495030370234,NS
GENE_0473,-0.2366332482822937,0.5272843711983382,0.962775406735248,0.2779551010427268,NS
GENE_0472,-0.6784953867507202,0.05331052147829819,0.962775406735248,1.2731870692281846,NS
GENE_0469,-0.3705029882269173,0.14423404870514445,0.962775406735248,0.8409322055024985,NS
GENE_0466,-0.1803062435356475,0.5929000983527992,0.962775406735248,0.22701847761240776,NS
GENE_0427,0.4831715324172121,0.21770194726913927,0.962775406735248,0.6621376863265687,NS
GENE_0465,0.6215332263954663,0.1091104291171815,0.962775406735248,0.9621337361983363,NS
GENE_0463,-0.6338442233253287,0.05267979643092973,0.962775406735248,1.278355911939083,NS
GENE_0462,-0.19940716881712284,0.5976413561141134,0.962775406735248,0.2235593574598819,NS
GENE_0461,0.7070764981676003,0.05744742453171941,0.962775406735248,1.2407294367186832,NS
GENE_0460,-0.38324590626775823,0.3406209037297002,0.962775406735248,0.4677287031265396,NS
GENE_0459,0.4339193019263048,0.3210548986078723,0.962775406735248,0.4934206992963488,NS
GENE_0458,0.2419818877495521,0.540785156779672,0.962775406735248,0.26697523721647454,NS
GENE_0464,0.5495643841123297,0.07818562381924575,0.962775406735248,1.106873094381848,NS
GENE_0367,0.4291940014450555,0.2170638967607117,0.962775406735248,0.6634124047421429,NS
GENE_0426,0.4397792777538658,0.23207796932517388,0.962775406735248,0.6343660842516258,NS
GENE_0424,-0.8533112181886393,0.01301739590705231,0.962775406735248,1.8854758864522343,NS
GENE_0746,-0.16618407968121574,0.5964547022830498,0.962775406735248,0.22442253320991873,NS
GENE_0371,0.2350216859236598,0.4388379913325212,0.962775406735248,0.35769578148052006,NS
GENE_0372,0.49924758325814356,0.4188757429912846,0.962775406735248,0.377914788815332,NS
GENE_0374,-0.6403971649901203,0.16607484452835375,0.962775406735248,0.7796961454527814,NS
GENE_0375,0.3199202015784488,0.42183560974735235,0.962775406735248,0.3748567615713884,NS
GENE_0379,-0.4414781017469336,0.2215574462311506,0.962775406735248,0.6545136493662606,NS
GENE_0380,-1.0914333198181367,0.0037843376922599902,0.962775406735248,2.422010116630326,NS
GENE_0381,-0.340254895437174,0.1724427413170122,0.962775406735248,0.7633550817971073,NS
GENE_1951,0.5049931113664714,0.15735863143229345,0.962775406735248,0.8031094301857435,NS
GENE_0383,0.48352168753174407,0.2157921511589329,0.962775406735248,0.6659643556232433,NS
GENE_0385,0.627934846016255,0.08262515492075251,0.962775406735248,1.0828877132108132,NS
GENE_0387,-0.6243413253947203,0.21930256842298068,0.962775406735248,0.6589562819321638,NS
GENE_0388,-0.5096163200513315,0.1465986196813766,0.962775406735248,0.8338701188325687,NS
GENE_0389,-0.6912073797240303,0.05002269946342629,0.962775406735248,1.300832875371681,NS
GENE_0392,0.432202018325917,0.35600734699373426,0.962775406735248,0.4485410393138861,NS
GENE_0395,0.7878205737731951,0.08950558235293854,0.962775406735248,1.0481498774274096,NS
GENE_0397,-0.5407287929009454,0.1382219725584727,0.962775406735248,0.8594229135292034,NS
GENE_0422,0.40474863969016006,0.42480738274640073,0.962775406735248,0.3718079442378824,NS
GENE_0421,-0.3165915492584084,0.4327920013218647,0.962775406735248,0.3637207742736611,NS
GENE_0420,-0.5563138059462105,0.08262572327839678,0.962775406735248,1.0828847258186571,NS
GENE_0417,0.3355650746772687,0.49106604809370413,0.962775406735248,0.308860091596915,NS
GENE_0414,0.5240801736414644,0.2101356945212145,0.962775406735248,0.6775001702646248,NS
GENE_0413,0.618410750304502,0.06703231674302153,0.962775406735248,1.173715770441825,NS
GENE_0425,-0.16878199042816178,0.5533102862613022,0.962775406735248,0.25703125600128485,NS
GENE_0412,-0.42873881117656065,0.16295706182369618,0.962775406735248,0.7879268144279906,NS
GENE_0408,0.33232525085241704,0.3026428401578628,0.962775406735248,0.5190695960508271,NS
GENE_0407,-0.942748741349595,0.017282693217033525,0.962775406735248,1.7623885790934444,NS
GENE_0405,-0.6244097987315067,0.11970533648054263,0.962775406735248,0.9218864882536384,NS
GENE_0403,-0.2885448212354236,0.525050663484413,0.962775406735248,0.2797987883842838,NS
GENE_0400,-0.3107271423874165,0.34453618013319554,0.962775406735248,0.4627651656078464,NS
GENE_0399,0.17479144270443747,0.5688736800037841,0.962775406735248,0.24498415920734856,NS
GENE_0409,0.2978123686349239,0.4666360499064349,0.962775406735248,0.3310217128833281,NS
GENE_0240,-0.380744137400284,0.37549910457448843,0.962775406735248,0.42539109428916644,NS
GENE_0239,0.45389117865374207,0.2563148863688315,0.962775406735248,0.591226169937118,NS
GENE_0238,0.01826017206196262,0.6131690762305112,0.962775406735248,0.21241975590686507,NS
GENE_0053,-0.3081749976686794,0.4110424255373719,0.962775406735248,0.38611335032376776,NS
GENE_0054,-0.7059131623958477,0.07993769791305796,0.962775406735248,1.0972483629317031,NS
GENE_0056,-0.26249161082921546,0.50407909554935,0.962775406735248,0.29750131263090535,NS
GENE_0057,-0.3210241016264854,0.525050663484413,0.962775406735248,0.2797987883842838,NS
GENE_0059,-0.6485551485049861,0.14097238260652517,0.962775406735248,0.8508659600848519,NS
GENE_0062,0.3898386426113536,0.2527489326117268,0.962775406735248,0.5973106698094279,NS
GENE_0064,0.14816009497478255,0.5735249797671175,0.962775406735248,0.24144766174046217,NS
GENE_1990,-0.33853759907297043,0.3871317346687533,0.962775406735248,0.4121412264422961,NS
GENE_0066,0.34948521550696743,0.44187935172481774,0.962775406735248,0.3546962918106093,NS
GENE_0067,0.2977483032689072,0.38619305193371956,0.962775406735248,0.41319554395380065,NS
GENE_0069,-0.15084490973766584,0.385255649295272,0.962775406735248,0.4142509841740473,NS
GENE_1989,0.3646552099291229,0.5084576254989268,0.962775406735248,0.29374523502995875,NS
GENE_0073,-0.4346799024775221,0.30264267237097964,0.962775406735248,0.5190698368261836,NS
GENE_0075,0.17972979716517656,0.4388366675330264,0.962775406735248,0.35769709157603197,NS
GENE_0078,0.6346032076608186,0.08292896984736922,0.962775406735248,1.081293729437187,NS
GENE_0079,0.2349267171768874,0.36003383508105924,0.962775406735248,0.443656683403529,NS
GENE_0080,-0.21394513956660788,0.5441854562609834,0.962775406735248,0.26425306922660974,NS
GENE_1986,0.37604174566953397,0.32482563652632557,0.962775406735248,0.4883497018368201,NS
GENE_0102,-0.6039849362592236,0.14541286264021525,0.962775406735248,0.8373971758250166,NS
GENE_0100,0.30949423263778986,0.38152176912724767,0.962775406735248,0.4184806767337089,NS
GENE_0099,-0.37649691110403705,0.2970583179726948,0.962775406735248,0.5271582823747706,NS
GENE_0098,0.7896786938683888,0.0394935892980575,0.962775406735248,1.4034733944603837,NS
GENE_0097,-0.4137941946473127,0.2606393504849399,0.962775406735248,0.5839600152990633,NS
GENE_0052,0.48949700492892756,0.17083375224364883,0.962775406735248,0.7674263200345123,NS
GENE_0096,0.5620835400439415,0.09649611794742725,0.962775406735248,1.0154901580336524,NS
GENE_0092,0.16961908704470297,0.5117544828016728,0.962775406735248,0.2909383443713619,NS
GENE_0091,0.3251659696761324,0.4110429667287119,0.962775406735248,0.3861127785184181,NS
GENE_0089,-0.5588982928020148,0.31073724786500934,0.962775406735248,0.5076066850370697,NS
GENE_0088,-0.28668456382221397,0.4188759582519155,0.962775406735248,0.3779145656310543,NS
GENE_0084,-0.5296926345047339,0.1091104291171815,0.962775406735248,0.9621337361983363,NS
GENE_0081,-0.2772836182916345,0.6012093094061164,0.962775406735248,0.22097430321419806,NS
GENE_0093,0.356003369115653,0.2784453003618329,0.962775406735248,0.5552601077945029,NS
GENE_0104,0.4651021011968677,0.2584709576078158,0.962775406735248,0.587588248157081,NS
GENE_0051,0.6259290823207824,0.055674243603311954,0.962775406735248,1.254345674628711,NS
GENE_0049,0.12087862320386922,0.5521657756224848,0.962775406735248,0.25793051533334715,NS
GENE_0002,-0.42168879775056656,0.2588315768627224,0.962775406735248,0.5869827418337674,NS
GENE_0007,-0.300729845866198,0.2457187484802824,0.962775406735248,0.609561705339661,NS
GENE_0008,0.34481917462448575,0.30992244858628737,0.962775406735248,0.5087469654062232,NS
GENE_1996,-0.38758898404569386,0.2822553255155802,0.962775406735248,0.5493578551772705,NS
GENE_0011,-0.9803375292021173,0.00892216781737356,0.962775406735248,2.049529612357137,NS
GENE_0012,-0.2591092877424783,0.5373937949584613,0.962775406735248,0.26970735247459965,NS
GENE_0013,0.24843851772956604,0.522823198666607,0.962775406735248,0.2816451501860478,NS
GENE_1995,0.31921298188443625,0.5917165200857555,0.962775406735248,0.22788630552114605,NS
GENE_0015,0.6840579548176464,0.0409901893522013,0.962775406735248,1.3873200754764667,NS
GENE_0016,0.22690491035844396,0.5228230544060499,0.962775406735248,0.2816452700192394,NS
GENE_0017,-0.36519922513096503,0.17788745156380403,0.962775406735248,0.7498546865917766,NS
GENE_0018,-0.31653287876600356,0.34935984779294094,0.962775406735248,0.45672701029755974,NS
GENE_0019,0.40393415147366163,0.5964543199674159,0.962775406735248,0.22442281158415686,NS
GENE_0020,-0.1257939294442343,0.5958612048074126,0.962775406735248,0.22485488959877178,NS
GENE_0022,-0.07372315205982982,0.5671336524127479,0.962775406735248,0.24631458190896063,NS
GENE_0023,-0.5720908469551542,0.11688422131278114,0.962775406735248,0.9322441120999245,NS
GENE_0025,0.3363447101900343,0.2731676715928236,0.962775406735248,0.5635706991325519,NS
GENE_0048,-0.2679927119989758,0.4307886761520926,0.962775406735248,0.3657357212266467,NS
GENE_0047,0.1782909465530924,0.5317641328887246,0.962775406735248,0.2742809588694798,NS
GENE_0046,0.37788271049187117,0.21898161024267337,0.962775406735248,0.6595923550478788,NS
GENE_0045,-0.4413093610034373,0.2814911727034085,0.962775406735248,0.5505352196627555,NS
GENE_0038,0.17263860355880123,0.6107693845864803,0.962775406735248,0.21412274050623095,NS
GENE_0036,-0.3473381491276317,0.41299193638578235,0.962775406735248,0.38405842780448657,NS
GENE_0050,0.2139785722720129,0.4562281528342824,0.962775406735248,0.3408179188767045,NS
GENE_0035,0.2716004370278986,0.35556140325502195,0.962775406735248,0.4490853884867516,NS
GENE_0033,0.30511186411083635,0.24572060556464703,0.962775406735248,0.6095584230567695,NS
GENE_0032,0.35985822181596916,0.408127621111673,0.962775406735248,0.38920401220919837,NS
GENE_0031,0.6218404714428623,0.13959180371530056,0.962775406735248,0.855140081037485,NS
GENE_0030,-0.42929502411643483,0.4439127282987795,0.962775406735248,0.3527024022810683,NS
GENE_0029,0.5011934979669954,0.20064666983086998,0.962775406735248,0.6975680439345229,NS
GENE_0026,-0.6082095768833593,0.08902207170766163,0.962775406735248,1.0505023031029652,NS
GENE_1992,0.12196317166300741,0.6047862547750665,0.962775406735248,0.21839808778326517,NS
GENE_0108,0.5391781424074011,0.11255616753060238,0.962775406735248,0.9486307027858851,NS
GENE_0111,0.3806122705875863,0.5550289544586963,0.962775406735248,0.25568436024014213,NS
GENE_0114,0.5050019529126901,0.1568567755733189,0.962775406735248,0.8044967168097225,NS
GENE_0187,-0.1048315415120884,0.5362633152557656,0.962775406735248,0.2706219112728386,NS
GENE_0188,0.4317761206154316,0.3107383672875538,0.962775406735248,0.5076051205057442,NS
GENE_0190,-0.3010653868156359,0.429788504267294,0.962775406735248,0.36674520494519847,NS
GENE_0192,-0.268023281375835,0.5345744969196764,0.962775406735248,0.27199176408163456,NS
GENE_0194,-0.22132101795560377,0.38478763437003805,0.962775406735248,0.4147788930041515,NS
GENE_0195,0.6914777948988009,0.08461238586135346,0.962775406735248,1.0725660587397765,NS
GENE_0196,-0.1473945523967375,0.4287886144620956,0.962775406735248,0.36775675489628523,NS
GENE_0198,0.23133421454536585,0.4125049374844809,0.962775406735248,0.38457084878816217,NS
GENE_0200,0.23119993044797216,0.5787787022423208,0.962775406735248,0.23748745832151313,NS
GENE_0201,-0.07002571225025278,0.5590502160177742,0.962775406735248,0.2525491803784602,NS
GENE_0203,0.3750713374956005,0.40426042862449174,0.962775406735248,0.39333876787016475,NS
GENE_1974,-0.2669191470219783,0.17325095150558123,0.962775406735248,0.7613243715358459,NS
GENE_0205,-0.28030191342483235,0.5106545860889169,0.962775406735248,0.29187276342499596,NS
GENE_0206,0.19576122722037326,0.5458915440500149,0.962775406735248,0.2628936329350361,NS
GENE_0207,-0.28728174552938945,0.4593366804020328,0.962775406735248,0.3378688725439103,NS
GENE_0209,0.2880928490211927,0.45004672749305985,0.962775406735248,0.34674239191613343,NS
GENE_0210,-0.30635336067007124,0.19528264755896096,0.962775406735248,0.7093363455713428,NS
GENE_0237,0.19102613137705138,0.50080960659912,0.962775406735248,0.3003273490209243,NS
GENE_0234,0.20741482823282276,0.43985074000336366,0.962775406735248,0.3566946730370502,NS
GENE_0232,0.5471099298711843,0.16243485680370662,0.962775406735248,0.78932077008776,NS
GENE_0230,-0.44799776445163086,0.22513424170864194,0.962775406735248,0.6475584461182792,NS
GENE_0228,-0.28906420736120353,0.3577924158314333,0.962775406735248,0.4463688694630763,NS
GENE_0226,-0.38859886904386176,0.18973601333006074,0.962775406735248,0.7218502289105244,NS
GENE_0183,-0.07891209068041949,0.6155731365612904,0.962775406735248,0.21072034091618808,NS
GENE_0225,-0.30293376371272807,0.6000188960312884,0.962775406735248,0.22183507242819497,NS
GENE_0218,-0.18005422548484962,0.4926829963511674,0.962775406735248,0.30743242599034065,NS
GENE_0217,-0.3938809260736926,0.30667237494987476,0.962775406735248,0.5133253435061963,NS
GENE_0216,-0.3551501859215591,0.3533380781965938,0.962775406735248,0.4518095574149998,NS
GENE_0214,-0.2558610806361097,0.4986346428621641,0.962775406735248,0.30221755198301353,NS
GENE_0212,-0.7729607013536528,0.055021010060584984,0.962775406735248,1.2594714412143835,NS
GENE_1973,0.18908119904113718,0.5619307113561589,0.962775406735248,0.25031723163881003,NS
GENE_1970,-0.5701864837605379,0.08538655270747422,0.962775406735248,1.068610519765161,NS
GENE_0182,-0.9723311329733626,0.006050181006897194,0.962775406735248,2.2182316321044384,NS
GENE_0181,0.7192318143691896,0.037177629802478664,0.962775406735248,1.4297183013988841,NS
GENE_0180,0.5086398208640608,0.16607469755244586,0.962775406735248,0.7796965298027063,NS
GENE_0139,0.280083253302446,0.545321779788179,0.962775406735248,0.2633471565348352,NS
GENE_0136,0.3167391780199571,0.3066729344901771,0.962775406735248,0.5133245511131937,NS
GENE_0134,0.5649465608756934,0.19147505864979375,0.962775406735248,0.7178877887773992,NS
GENE_0133,-0.2739081408399908,0.4926825459641977,0.962775406735248,0.3074328230015355,NS
GENE_0129,0.16680409019541553,0.48249167373860435,0.962775406735248,0.31651017678771104,NS
GENE_0128,0.2219160338512065,0.44391220117100516,0.962775406735248,0.35270291798788406,NS
GENE_1980,0.30661675130109955,0.36953929486634574,0.962775406735248,0.43233937422109375,NS
GENE_1984,-0.7701014399301407,0.040907675043854994,0.962775406735248,1.388195202591998,NS
GENE_0123,-0.28861410203230875,0.6065781340312939,0.962775406735248,0.21711324921940336,NS
GENE_0122,-0.3875483057971776,0.3002418559762494,0.962775406735248,0.522528763950182,NS
GENE_1985,-0.3008736895948214,0.40715822000298296,0.962775406735248,0.3902367929332818,NS
GENE_0119,0.48139454396669024,0.2954768498077617,0.962775406735248,0.5294765398067264,NS
GENE_0118,0.22811045815773312,0.5752741183754868,0.962775406735248,0.24012516447537807,NS
GENE_0115,-0.4038713281521904,0.22677409125761216,0.962775406735248,0.6444065647112058,NS
GENE_0125,0.29136235274844946,0.3722833004548688,0.962775406735248,0.4291264445309008,NS
GENE_0477,0.5969261184090762,0.1914748531711048,0.962775406735248,0.7178882548344893,NS
GENE_0143,0.589879488230145,0.1480313159312757,0.962775406735248,0.8296464001626374,NS
GENE_0149,-0.9192366457629868,0.013397366660313804,0.962775406735248,1.8729805566562936,NS
GENE_0178,-0.49273709494029383,0.09479318971458753,0.962775406735248,1.023222862826671,NS
GENE_0177,0.2722885498552685,0.5636630148486941,0.962775406735248,0.2489804607875598,NS
GENE_0172,0.625993543049848,0.03694451019270451,0.962775406735248,1.4324500869077799,NS
GENE_0171,-0.41340525586164123,0.22026517266096435,0.962775406735248,0.6570541661123892,NS
GENE_0165,-0.5216924556033105,0.26722076202418243,0.962775406735248,0.5731298018767318,NS
GENE_0164,0.7816810147458506,0.025969596641034043,0.962775406735248,1.5855347957666754,NS
GENE_0145,0.5125637521089832,0.13484198103385808,0.962775406735248,0.8701748756574951,NS
GENE_0161,0.293007147399579,0.45829934448964815,0.962775406735248,0.33885076393071467,NS
GENE_0159,-0.5068756158396903,0.26759114760498126,0.962775406735248,0.5725282579068296,NS
GENE_0158,-0.5831468461295559,0.14517655807690422,0.962775406735248,0.838103504295356,NS
GENE_0156,-0.3495406895921631,0.3885419794465632,0.962775406735248,0.4105620516196548,NS
GENE_0154,0.19571310338633552,0.48676855747548686,0.962775406735248,0.31267748252889155,NS
GENE_0153,-0.6145403776880025,0.24606873108852,0.962775406735248,0.6089435702813532,NS
GENE_0151,0.4821752417033025,0.31155547831789054,0.962775406735248,0.5064646078105608,NS
GENE_1977,0.22194644501832084,0.5706160717706198,0.962775406735248,0.2436560003217794,NS
GENE_0478,0.3359423203646168,0.419861166236028,0.962775406735248,0.3768942922335345,NS
GENE_1779,0.3199062124136729,0.3026417775056962,0.962775406735248,0.519071120966408,NS
GENE_0480,0.13097475279662252,0.3768832833224218,0.962775406735248,0.4237931252774673,NS
GENE_0666,0.13483146832553405,0.5893550203945211,0.962775406735248,0.2296230125985329,NS
GENE_0664,-0.003929212255126657,0.5671343698813971,0.962775406735248,0.24631403249265138,NS
GENE_0553,0.3397841735295941,0.3866617801393808,0.962775406735248,0.4126687539545863,NS
GENE_0557,0.8641082412892489,0.012525711567146536,0.962775406735248,1.902197593132787,NS
GENE_1919,0.7498802021270112,0.12382811325985385,0.962775406735248,0.9071807442695655,NS
GENE_1920,0.10426058865636278,0.6071764119481877,0.962775406735248,0.2166851085877487,NS
GENE_0657,-0.42130096492917524,0.20215506249899806,0.962775406735248,0.6943153783082952,NS
GENE_0561,-0.25266839214871517,0.4531316466483788,0.962775406735248,0.343775605698077,NS
GENE_0667,0.45259404024688443,0.12134128735709661,0.962775406735248,0.9159914017677949,NS
GENE_0564,0.24320953001027235,0.4932221122640432,0.962775406735248,0.30695746123489115,NS
GENE_1937,0.42152404701131374,0.22677425246575267,0.962775406735248,0.6444062559820182,NS
GENE_0568,-0.30879817355937433,0.47294315678793897,0.962775406735248,0.32519105413919414,NS
GENE_1936,-0.2952388048490402,0.44391220117100516,0.962775406735248,0.35270291798788406,NS
GENE_0571,0.6745650501178764,0.10501257344188412,0.962775406735248,0.9787586985537676,NS
GENE_0655,0.4137857584611222,0.2401973620249257,0.962775406735248,0.6194317665597125,NS
GENE_0574,-0.3652064953485299,0.2045870230103608,0.962775406735248,0.689121917123024,NS
GENE_0576,-0.3971729423236825,0.44391325542508187,0.962775406735248,0.352701886576305,NS
GENE_0653,0.2579507905807237,0.5284032768061089,0.962775406735248,0.27703449784328105,NS
GENE_0565,0.35100852811174565,0.3290469194103589,0.962775406735248,0.48274217077902815,NS
GENE_1935,0.2680233204187843,0.5521657756224848,0.962775406735248,0.25793051533334715,NS
GENE_0551,-0.5945125543251013,0.14005095810659535,0.962775406735248,0.85371391576591,NS
GENE_0548,0.8283316152669045,0.058351360299043635,0.962775406735248,1.2339490151373385,NS
GENE_0690,-0.6426367885829869,0.11708357067875175,0.962775406735248,0.9315040414275848,NS
GENE_1914,-0.3588509224234704,0.2027619305057612,0.962775406735248,0.6930135824910106,NS
GENE_0685,-0.3348040954237117,0.5561767760476847,0.962775406735248,0.2547871496770264,NS
GENE_0533,-0.9473988945312026,0.025402886407341976,0.962775406735248,1.5951169337910467,NS
GENE_1915,0.5518744235507524,0.12635418445334318,0.962775406735248,0.8984103710380513,NS
GENE_0534,0.4938306901640983,0.20673239283731004,0.962775406735248,0.6845914685672855,NS
GENE_0537,0.46264164596565127,0.14659908683716283,0.962775406735248,0.8338687348982771,NS
GENE_0538,0.15718206684810898,0.5008096561361921,0.962775406735248,0.30032730606313013,NS
GENE_0671,0.9382704856290758,0.020207237309487515,0.962775406735248,1.6944930582441986,NS
GENE_0539,0.638421644415387,0.050022725972796105,0.962775406735248,1.3008326452187684,NS
GENE_1918,0.2738065273088983,0.3994568499606742,0.962775406735248,0.3985301270786286,NS
GENE_0544,0.14351276886301711,0.5095557314281514,0.962775406735248,0.29280830914912,NS
GENE_0676,-0.3371610801958571,0.3256668820641101,0.962775406735248,0.48722640375660026,NS
GENE_0674,0.22581295463140094,0.3815216039012044,0.962775406735248,0.4184808648141285,NS
GENE_0673,-0.6511712743833824,0.06476826882537041,0.962775406735248,1.1886377109380262,NS
GENE_0546,0.34573001624219835,0.42679604023219464,0.962775406735248,0.3697796185664175,NS
GENE_0547,-0.24548173904335968,0.40619160291397305,0.962775406735248,0.3912690588874406,NS
GENE_0672,-0.2363869863922945,0.409095358869062,0.962775406735248,0.3881754474852233,NS
GENE_1917,0.5803361429992604,0.15785891396059337,0.962775406735248,0.8017308893840925,NS
GENE_1921,0.4614356790434506,0.3265098794608948,0.962775406735248,0.4861036734074732,NS
GENE_0581,0.5592708163158235,0.1330662450508838,0.962775406735248,0.8759320981491541,NS
GENE_0582,0.274523615966042,0.3741194519080391,0.962775406735248,0.4269897105756474,NS
GENE_1928,0.2348202981479508,0.44086435074267416,0.962775406735248,0.35569501775723167,NS
GENE_0600,-0.38895525757608596,0.32022267419907746,0.962775406735248,0.4945479199779259,NS
GENE_0623,0.5020433519440592,0.2709282616998493,0.962775406735248,0.5671456894662793,NS
GENE_0622,-0.5258551414158177,0.12550768126546727,0.962775406735248,0.9013296938712116,NS
GENE_0602,0.3816558366479974,0.20704018717091255,0.962775406735248,0.683945348395195,NS
GENE_0621,0.41493658529550714,0.399457395271003,0.962775406735248,0.39852953421082554,NS
GENE_0618,0.4547900133003342,0.1341740635475908,0.962775406735248,0.8723314271386212,NS
GENE_0603,-0.2836327591835044,0.4297882908328473,0.962775406735248,0.36674542061738263,NS
GENE_0626,0.7692032520651795,0.08886107429733021,0.962775406735248,1.0512884406046894,NS
GENE_0614,-0.30782845867200237,0.4277922119587476,0.962775406735248,0.36876712610887674,NS
GENE_0605,-0.3173565162319285,0.49430169426239245,0.962775406735248,0.30600790095426084,NS
GENE_1929,0.483089084012021,0.18010078949722708,0.962775406735248,0.7444843833851437,NS
GENE_0606,-0.5124514400315618,0.2267743062017804,0.962775406735248,0.6444061530723744,NS
GENE_0607,0.5543178970041387,0.13506568725947218,0.962775406735248,0.8694549672368659,NS
GENE_0479,-0.2934205706971049,0.4243111855891839,0.962775406735248,0.37231551931604207,NS
GENE_0609,0.5820704269897128,0.23746903664460195,0.962775406735248,0.6243930095803233,NS
GENE_0611,-0.4132365396473654,0.40570853835968623,0.962775406735248,0.39178585223287915,NS
GENE_0610,0.35894256845289796,0.537393936155969,0.962775406735248,0.2697072383659312,NS
GENE_0604,-0.2721022301116669,0.3384581709944018,0.962775406735248,0.4704949967833131,NS
GENE_0598,0.4058122010624743,0.297060217919776,0.962775406735248,0.5271555046915865,NS
GENE_1926,-0.600887952816314,0.1310889451215099,0.962775406735248,0.8824339313088525,NS
GENE_0634,0.5847726164548321,0.20765561635725438,0.962775406735248,0.6826563182503304,NS
GENE_0583,-0.41027874792775965,0.26869887055875463,0.962775406735248,0.5707341590641571,NS
GENE_0584,0.5594949671439338,0.1735206351991282,0.962775406735248,0.7606488711888184,NS
GENE_0585,0.3463031953469704,0.176514385899057,0.962775406735248,0.7532198938910214,NS
GENE_0650,0.2586423627843315,0.5194896206511224,0.962775406735248,0.28442312517893975,NS
GENE_0588,-0.6702145513209556,0.10428092496084826,0.962775406735248,0.9817951253401986,NS
GENE_1933,0.14127548388781275,0.5970477038405368,0.962775406735248,0.2239909675523249,NS
GENE_0648,0.5827304386171184,0.07646477113872989,0.962775406735248,1.1165386069895498,NS
GENE_0590,-0.7173186738710973,0.04227835384302912,0.962775406735248,1.373881930797125,NS
GENE_0645,0.18473175772391492,0.5084581159616139,0.962775406735248,0.29374481610589276,NS
GENE_0593,0.20451084273786435,0.6095705277024548,0.962775406735248,0.21497603898737816,NS
GENE_0594,-0.38316212665317995,0.44697358552230104,0.962775406735248,0.3497181412995325,NS
GENE_0644,0.13108688271927704,0.5746910135998229,0.962775406735248,0.24056559384337287,NS
GENE_0643,0.45627960973531145,0.2520398118500785,0.962775406735248,0.5985308532614148,NS
GENE_0642,0.880638141965453,0.027736069763082405,0.962775406735248,1.5569550789921405,NS
GENE_1922,0.5840746826184304,0.2164245880721708,0.962775406735248,0.6646934004164411,NS
GENE_0639,0.5229515064568426,0.2027619305057612,0.962775406735248,0.6930135824910106,NS
GENE_0637,0.7109725821368222,0.11490118352983948,0.962775406735248,0.9396754978754116,NS
GENE_1931,0.2987915960055192,0.33673424641638816,0.962775406735248,0.47271271291594724,NS
GENE_1923,-0.41223236964679977,0.23141018338435104,0.962775406735248,0.6356175334987048,NS
GENE_0531,-0.3797701080364906,0.39373962465624524,0.962775406735248,0.4047908770471881,NS
GENE_0691,-0.4762873919799775,0.19974558777320295,0.962775406735248,0.6995228051399508,NS
GENE_0670,0.5320351195004074,0.04824866083211868,0.962775406735248,1.3165147362329834,NS
GENE_0694,-0.2777362046950209,0.38619321676796625,0.962775406735248,0.41319535858902484,NS
GENE_0517,0.17055763985571115,0.5328888484751465,0.962775406735248,0.27336336794895955,NS
GENE_0515,-0.3218306105691733,0.35556001202016996,0.962775406735248,0.44908708779043244,NS
GENE_0514,-0.37577383441919565,0.312373333906939,0.962775406735248,0.5053260472382903,NS
GENE_0709,0.23018736289228592,0.48249147112353086,0.962775406735248,0.3165103591631418,NS
GENE_0513,-0.5189497900288345,0.24851512719461755,0.962775406735248,0.6046471704831784,NS
GENE_0490,-0.7123113280700926,0.10427956237846243,0.962775406735248,0.9818008000681288,NS
GENE_0511,-0.5409316258381534,0.1250860902340824,0.962775406735248,0.9027909818369617,NS
GENE_1909,0.42660353731361944,0.23678931867809372,0.962775406735248,0.6256378920833593,NS
GENE_0492,0.32225291966309655,0.5498803855285588,0.962775406735248,0.25973177151404575,NS
GENE_0729,-0.48407029387045597,0.2570324593490849,0.962775406735248,0.590012028318349,NS
GENE_0713,0.3026597566215852,0.33673374337351925,0.962775406735248,0.47271336170325545,NS
GENE_0717,-0.3225345759882403,0.5928996706098655,0.962775406735248,0.22701879093072785,NS
GENE_0510,-0.20594669773993157,0.4650660303548346,0.962775406735248,0.3324853813404017,NS
GENE_0519,0.21811797044526315,0.60478638011457,0.962775406735248,0.2183979977775009,NS
GENE_0718,0.7534909457352956,0.049425040361844405,0.962775406735248,1.3060529673573524,NS
GENE_0728,0.2616504913138282,0.357345954451051,0.962775406735248,0.44691113022583395,NS
GENE_0509,-0.2588870671806056,0.5161673832487554,0.962775406735248,0.2872094421064223,NS
GENE_0508,0.3229407573280536,0.29076474064684077,0.962775406735248,0.5364582589922668,NS
GENE_0495,0.6626313547997622,0.1485107039422918,0.962775406735248,0.8282422433464914,NS
GENE_0496,-0.37459842192462567,0.34018769510195357,0.962775406735248,0.4682813992653914,NS
GENE_1942,-0.340981290649526,0.3123742295182743,0.962775406735248,0.5053248020663724,NS
GENE_0500,-0.36493850993011634,0.35511664629619444,0.962775406735248,0.4496289694186388,NS
GENE_0692,0.4054494736500276,0.42878914848369265,0.962775406735248,0.36775621401791164,NS
GENE_0501,-0.35095516624730383,0.2113833163635922,0.962775406735248,0.6749292927956501,NS
GENE_0723,-0.25051461043651635,0.539653609336874,0.962775406735248,0.26788491392468383,NS
GENE_1910,0.4979984691430124,0.11216805646155888,0.962775406735248,0.9501308050911969,NS
GENE_0503,-0.35992497293238923,0.26648552311550855,0.962775406735248,0.5743263791395639,NS
GENE_0726,0.60474947843249,0.0975293176521935,0.962775406735248,1.01086481424339,NS
GENE_0494,-0.45389886702871696,0.15337869428074194,0.962775406735248,0.8142349637177915,NS
GENE_0704,-0.3969724202610152,0.22123396405787565,0.962775406735248,0.6551481989287669,NS
GENE_0506,-0.5434823295129831,0.20765372350466027,0.962775406735248,0.6826602770124278,NS
GENE_0527,0.9782694110809285,0.010824956191773191,0.962775406735248,1.9655738525459283,NS
GENE_0699,0.17708736410179693,0.4023354091349336,0.962775406735248,0.395411743925905,NS
GENE_0698,-0.38960541937464743,0.4332944733208416,0.962775406735248,0.3632168503645844,NS
GENE_1908,-0.5839236226172702,0.14851230053170209,0.962775406735248,0.8282375744153965,NS
GENE_0700,0.17444478534504082,0.38759956563685294,0.962775406735248,0.4116167183127677,NS
GENE_1913,-0.31147180938762986,0.3384581151168614,0.962775406735248,0.4704950684828953,NS
GENE_1941,-0.40377643637623084,0.1961695841954687,0.962775406735248,0.7073683284548873,NS
GENE_0730,-0.6067750121002886,0.19498775944951074,0.962775406735248,0.709992651049729,NS
GENE_0486,0.39081577876976414,0.2538145863800102,0.962775406735248,0.5954834232093197,NS
GENE_0488,-0.7864283273221542,0.030777460015122948,0.962775406735248,1.5117672242359577,NS
GENE_0741,0.45026096596141674,0.14731386990710954,0.962775406735248,0.8317563615039753,NS
GENE_0697,0.09655305336958264,0.5362659554829341,0.962775406735248,0.2706197730820749,NS
GENE_0528,0.27498449470801134,0.607176453525083,0.962775406735248,0.21668507884908425,NS
GENE_0485,0.17517054369164597,0.49106624866017223,0.962775406735248,0.3088599142177358,NS
GENE_0520,-0.49145681848094824,0.1091104291171815,0.962775406735248,0.9621337361983363,NS
GENE_0481,0.17806225321289926,0.49754951608079423,0.962775406735248,0.3031636918216668,NS
GENE_0522,-0.35057718635565305,0.37274206247723707,0.962775406735248,0.42859159605481995,NS
GENE_1314,0.08280489483438824,0.6222086240362561,0.9628029196169643,0.20606397370722293,NS
GENE_0101,-0.010667291851221172,0.6191889113662765,0.9628029196169643,0.20817682974047153,NS
GENE_1174,0.31169851796969983,0.6179810943927553,0.9628029196169643,0.20902481087638428,NS
GENE_0039,-0.18319165062723286,0.6203962887541038,0.9628029196169643,0.2073308088249616,NS
GENE_0169,-0.32238026701738143,0.6197912575562797,0.9628029196169643,0.2077545539790264,NS
GENE_0706,0.01754643932148081,0.6228131386272238,0.9628029196169643,0.20564223429737188,NS
GENE_0055,-0.18428161298167822,0.6228118916222898,0.9628029196169643,0.20564310384855877,NS
GENE_0794,-0.1515654998036462,0.6203961270052182,0.9628029196169643,0.20733092205364934,NS
GENE_0024,0.2949758901367572,0.6203948734443642,0.9628029196169643,0.20733179958187353,NS
GENE_1613,-0.2661258032596825,0.6228128972723926,0.9628029196169643,0.20564240259679453,NS
GENE_0489,0.2279283277302877,0.6197922698100884,0.9628029196169643,0.20775384468234137,NS
GENE_1502,-0.25486884617633976,0.6216041225642615,0.9628029196169643,0.20648611389669666,NS
GENE_1940,0.23278747647007947,0.6240232928730235,0.9628132428042705,0.20479919913581246,NS
GENE_1088,0.30092114190405006,0.6240233329925178,0.9628132428042705,0.20479917121429955,NS
GENE_1693,0.028557558112478176,0.6246253649573217,0.9628136646740989,0.20438038379885903,NS
GENE_0285,0.25453641154791384,0.6252335813286931,0.9628236093608363,0.20395770404683553,NS
GENE_0309,-0.13215034361400324,0.6264464426264962,0.9628523170888549,0.2031160526283788,NS
GENE_1848,-0.02385105086236372,0.6276593542022972,0.9628523170888549,0.20227599436538332,NS
GENE_0665,-0.0979326578461599,0.6276593542022972,0.9628523170888549,0.20227599436538332,NS
GENE_1569,-0.2183442642207183,0.6270528121121455,0.9628523170888549,0.20269588015335302,NS
GENE_0983,0.19518829050708586,0.6288727973622272,0.9637897277582027,0.20143719078741282,NS
GENE_0562,0.19911341222995382,0.6306961948006844,0.9656592456278422,0.20017978924142027,NS
GENE_0748,0.07653302720399324,0.642293741656968,0.9668183008622963,0.19226630961766975,NS
GENE_1666,0.20762261939997817,0.6404566455067942,0.9668183008622963,0.19351026366236176,NS
GENE_1152,0.19726679795519253,0.6361790525060669,0.9668183008622963,0.19642063502557172,NS
GENE_0037,0.2486756788101312,0.6386219829007689,0.9668183008622963,0.19475613608128728,NS
GENE_1381,0.27212255860452395,0.6435196903167506,0.9668183008622963,0.1914381600803665,NS
GENE_0542,0.26381257208862596,0.6337397610257791,0.9668183008622963,0.19808904425178464,NS
GENE_0984,-0.14757234613157078,0.6410691528296901,0.9668183008622963,0.19309512013413965,NS
GENE_1489,-0.05625489638900305,0.637399713529108,0.9668183008622963,0.1955881360501675,NS
GENE_0224,-0.15211566188926362,0.6447468395936773,0.9668183008622963,0.19061077800024664,NS
GENE_1522,-0.19942951662729236,0.6435200740797173,0.9668183008622963,0.19143790108892983,NS
GENE_1697,0.102920534894972,0.6337397610257791,0.9668183008622963,0.19808904425178464,NS
GENE_0913,0.252940649032789,0.642293741656968,0.9668183008622963,0.19226630961766975,NS
GENE_0769,-0.24139495737335182,0.6422940880456702,0.9668183008622963,0.19226607540293017,NS
GENE_0193,-0.14808505594114152,0.633738544018402,0.9668183008622963,0.19808987825357574,NS
GENE_0721,-0.22868598387464534,0.6367890645167151,0.9668183008622963,0.1960044032804787,NS
GENE_1373,-0.08111632956129444,0.6373999471080973,0.9668183008622963,0.1955879769003508,NS
GENE_1952,0.12123333852003171,0.6422940880456702,0.9668183008622963,0.19226607540293017,NS
GENE_1583,0.0918262013410498,0.6404569933931665,0.9668183008622963,0.19351002776022555,NS
GENE_0944,-0.2567899679995609,0.6441333738435978,0.9668183008622963,0.1910241985919163,NS
GENE_1282,0.21973503857314736,0.6410687668432455,0.9668183008622963,0.19309538162205045,NS
GENE_0925,-0.1808474402880691,0.6447469543875438,0.9668183008622963,0.19061070067634944,NS
GENE_0142,-0.20116325770536125,0.6367890645167151,0.9668183008622963,0.1960044032804787,NS
GENE_0867,0.15867382525469687,0.6459748794256213,0.9677526283529907,0.18978437045531854,NS
GENE_1813,0.0902546005718996,0.6472029707575389,0.9686854566997776,0.18895949791518288,NS
GENE_0493,0.11425451452005397,0.6478181389221358,0.9687000208181471,0.18854689590055126,NS
GENE_0174,0.2292960030231299,0.649664282770182,0.9705535503569478,0.18731100921156627,NS
GENE_0617,-0.17933831442322923,0.6502796891625813,0.9705667002426586,0.1868998105351863,NS
GENE_0471,0.0878114670996677,0.6515109576732808,0.9705950075306057,0.18607827555075052,NS
GENE_0244,-0.11421975692203912,0.6515118988049191,0.9705950075306057,0.1860776481967863,NS
GENE_1161,0.14947084944121158,0.6521285865328114,0.9706099892581378,0.18566676175950403,NS
GENE_1816,0.14980565363045795,0.6558324872662501,0.9707048840203516,0.18320707395667093,NS
GENE_0267,0.294896975260186,0.6558317423470218,0.9707048840203516,0.18320756724497295,NS
GENE_1741,-0.13897360798698166,0.6558324500204032,0.9707048840203516,0.18320709862099688,NS
GENE_0572,0.18896349683903768,0.6539791727932756,0.9707048840203516,0.18443608238671466,NS
GENE_0866,0.2475052023630422,0.6545968080832645,0.9707048840203516,0.18402611671088137,NS
GENE_0152,-0.11007661060415863,0.6533622232040842,0.9707048840203516,0.18484597963759128,NS
GENE_0087,-0.26470843866768057,0.6570685881201948,0.9716356201407685,0.18238929423414743,NS
GENE_0625,0.11368811446519977,0.6583063341022282,0.9725670679257296,0.1815719661863485,NS
GENE_1290,-0.16456780613751398,0.6589250587874995,0.9725831126014753,0.18116397600657727,NS
GENE_1859,0.25240407942692933,0.6595443504068454,0.972599963733597,0.1807559954332329,NS
GENE_1691,0.045231744094462734,0.6607836335513559,0.9735302151769517,0.17994072226509294,NS
GENE_0735,0.22928924699313136,0.6694841525855701,0.9736323436217139,0.17425969875069683,NS
GENE_1612,0.18036481461280474,0.6807369447690494,0.9736323436217139,0.16702067884459648,NS
GENE_1963,0.18620288604551227,0.6657500444391411,0.9736323436217139,0.1766887958996511,NS
GENE_1387,-0.03563576254931711,0.6776041664102797,0.9736323436217139,0.1690239323062886,NS
GENE_0378,0.17336506732068635,0.681363105413664,0.9736323436217139,0.16662138639635016,NS
GENE_0541,0.1506626273925109,0.6657504076347484,0.9736323436217139,0.17668855897318542,NS
GENE_0523,-0.08290034718193073,0.683246672907688,0.9736323436217139,0.16542247444152192,NS
GENE_1431,0.0068382163520581685,0.6707313740762343,0.9736323436217139,0.17345137866083396,NS
GENE_0468,0.0974024695817528,0.6845037889805945,0.9736323436217139,0.1646241435434172,NS
GENE_0912,-0.23271474618594468,0.6794831263353573,0.9736323436217139,0.16782132367090294,NS
GENE_0824,0.1256089547922441,0.680737084346088,0.9736323436217139,0.16702058979767181,NS
GENE_1817,-0.1405383739981776,0.6682384147589566,0.9736323436217139,0.1750685618641616,NS
GENE_0764,-0.09312601879954308,0.6794831263353573,0.9736323436217139,0.16782132367090294,NS
GENE_1847,0.3351897706880038,0.6620240674797695,0.9736323436217139,0.17912622176323045,NS
GENE_1437,0.16316470187782617,0.6651287624901208,0.9736323436217139,0.1770942713499485,NS
GENE_1769,-0.21649813208734248,0.6851320354245217,0.9736323436217139,0.16422572525127435,NS
GENE_0393,-0.2053854633866976,0.6757264330080157,0.9736323436217139,0.17022909204884873,NS
GENE_0264,0.09551784911758521,0.6645074202175688,0.9736323436217139,0.17750016514780714,NS
GENE_1939,-0.08922758159337718,0.6851320354245217,0.9736323436217139,0.16422572525127435,NS
GENE_1239,0.22705876565262528,0.6857604666029133,0.9736323436217139,0.1638275551369215,NS
GENE_1766,0.0012825897283539334,0.671978712788991,0.9736323436217139,0.17264448448294095,NS
GENE_1660,-0.2696654832654888,0.6632649892122429,0.9736323436217139,0.17831292655692993,NS
GENE_0386,-0.09374742011137105,0.6744768846118705,0.9736323436217139,0.17103292969487008,NS
GENE_0314,0.08410873393332263,0.6744767426388176,0.9736323436217139,0.17103302111107918,NS
GENE_0157,-0.09854287483296709,0.6857610171622837,0.9736323436217139,0.16382720646590274,NS
GENE_1535,-0.08269433755916644,0.6694848719312694,0.9736323436217139,0.17425923211127198,NS
GENE_1533,0.2542771493874829,0.6645074202175688,0.9736323436217139,0.17750016514780714,NS
GENE_0770,0.26911422535426155,0.6832473659620752,0.9736323436217139,0.16542203391315155,NS
GENE_0966,-0.2344657076190968,0.6870193224680718,0.9736323436217139,0.16303104820500344,NS
GENE_1833,0.18145068183132107,0.6870186709937134,0.9736323436217139,0.16303146003017904,NS
GENE_1734,-0.26949790861709033,0.6769775863387173,0.9736323436217139,0.1694257098828814,NS
GENE_1175,0.13240579115478557,0.6744748969722492,0.9736323436217139,0.17103420953441859,NS
GENE_1090,-0.044166064760243984,0.6794832313793004,0.9736323436217139,0.16782125653163257,NS
GENE_1828,-0.24913522210089134,0.6732273843623283,0.9736323436217139,0.17183822686797914,NS
GENE_1714,-0.32048313580234566,0.6751018650462471,0.9736323436217139,0.17063069222126004,NS
GENE_1561,0.23359332208798023,0.6645074202175688,0.9736323436217139,0.17750016514780714,NS
GENE_1504,-0.09846282309664822,0.6757269989945986,0.9736323436217139,0.17022872828514962,NS
GENE_0663,-0.06142592233825628,0.6744761747447507,0.9736323436217139,0.1710333867773028,NS
GENE_0137,0.10773230233268638,0.6819898378823857,0.9736323436217139,0.16622209658176915,NS
GENE_1079,0.22762427595611445,0.6807369447690494,0.9736323436217139,0.16702067884459648,NS
GENE_1808,0.16531820553361243,0.6838742746000437,0.9736323436217139,0.1650237328796036,NS
GENE_1498,0.17814247538899863,0.6870192196039695,0.9736323436217139,0.1630311132298345,NS
GENE_1141,0.15030352597535757,0.6669943140367743,0.9736323436217139,0.1758778683217998,NS
GENE_0168,-0.18998393504974231,0.6889082513345977,0.975445311624209,0.16183861349487869,NS
GENE_1588,-0.12547525228075163,0.6895383262787858,0.9754742016322344,0.16144158963490815,NS
GENE_0443,0.08131454602219446,0.6971158117154241,0.9767576371789097,0.1566950666496916,NS
GENE_0821,-0.1261010818505941,0.6983815115089208,0.9767576371789097,0.1559072663757064,NS
GENE_0507,0.15230577512419785,0.6952183434599322,0.9767576371789097,0.1578787774708854,NS
GENE_0608,-0.08594446910908005,0.6983811797180465,0.9767576371789097,0.15590747270273214,NS
GENE_0094,-0.16340752092547284,0.697115911625328,0.9767576371789097,0.15669500440706835,NS
GENE_1226,0.1587237120696967,0.6971147793073021,0.9767576371789097,0.15669570982758965,NS
GENE_0370,0.14292378307665832,0.6983817105829204,0.9767576371789097,0.1559071425798645,NS
GENE_0858,-0.00823098110382503,0.6933233183639309,0.9767576371789097,0.1590641930415567,NS
GENE_0985,-0.07735360848478035,0.6971158117154241,0.9767576371789097,0.1566950666496916,NS
GENE_1879,0.22292440420527537,0.6945863438133979,0.9767576371789097,0.15827375955791878,NS
GENE_0825,-0.2300372908691557,0.6958508892243636,0.9767576371789097,0.15748381344246293,NS
GENE_1007,0.18597005752875972,0.692060674273701,0.9767576371789097,0.15985582845201562,NS
GENE_0722,0.2151444159392959,0.69332318366522,0.9767576371789097,0.159064277416207,NS
GENE_1128,-0.06496352232384961,0.69964844897096,0.9776746885183721,0.15512012430456532,NS
GENE_0274,0.20652375800983602,0.7009161225143836,0.9777382702903346,0.15433395023403118,NS
GENE_1010,-0.19318939035462535,0.7009122038383737,0.9777382702903346,0.15433637829078461,NS
GENE_1334,-0.2717519672927615,0.7034538004044002,0.9804234151977703,0.1527644197477624,NS
GENE_1514,-0.060664583726261156,0.705994720386999,0.9805482227597208,0.15119854670367272,NS
GENE_1448,-0.05465580699097572,0.7059946231057961,0.9805482227597208,0.15119860654646092,NS
GENE_1930,-0.10945509565931655,0.7059946231057961,0.9805482227597208,0.15119860654646092,NS
GENE_0957,0.06026617522227706,0.7053591735396036,0.9805482227597208,0.15158968107281884,NS
GENE_1632,0.20656246906771525,0.7066301810822524,0.9805796094810094,0.15080781723013242,NS
GENE_0147,0.1508088985969076,0.7072663321517925,0.980611898997286,0.1504170150530072,NS
GENE_1474,-0.15586386462059476,0.7264383601410089,0.9806785376332338,0.13880123062450436,NS
GENE_0333,0.045462279617199286,0.7367347513969669,0.9806785376332338,0.13268884421599056,NS
GENE_0272,-0.1105868371897234,0.7264383297661623,0.9806785376332338,0.13880124878382702,NS
GENE_1318,0.27887920865320215,0.7354450961932235,0.9806785376332338,0.13344974348075458,NS
GENE_0215,0.060581582409853674,0.7206678210233524,0.9806785376332338,0.14226486945435438,NS
GENE_0654,0.048859953084448016,0.709812295086875,0.9806785376332338,0.14885648224661407,NS
GENE_0980,-0.07857479494761677,0.7149137635949432,0.9806785376332338,0.1457463417703686,NS
GENE_0021,-0.010333062844557261,0.7341560386362819,0.9806785376332338,0.13421162466625897,NS
GENE_0166,-0.06165078333788099,0.732867847568387,0.9806785376332338,0.13497433128811437,NS
GENE_1721,-0.18766460115022454,0.7264382386415621,0.9806785376332338,0.1388013032618355,NS
GENE_0208,0.0914442562182165,0.7149111144065252,0.9806785376332338,0.1457479510973976,NS
GENE_0043,0.04721938058627018,0.7174686570464853,0.9806785376332338,0.14419706653693662,NS
GENE_0308,0.15657564147669234,0.7136370727565269,0.9806785376332338,0.14652259686710883,NS
GENE_1858,-0.30186366459279057,0.7193869129874908,0.9806785376332338,0.14303746708605777,NS
GENE_1374,-0.01872646252921495,0.7206678210233524,0.9806785376332338,0.14226486945435438,NS
GENE_0631,-0.29403058097314894,0.7187481064637293,0.9806785376332338,0.14342328644622526,NS
GENE_1146,-0.031379777663237185,0.7213074080390021,0.9806785376332338,0.14187960745510358,NS
GENE_0498,-0.14584523777977054,0.7302938147009208,0.9806785376332338,0.13650237764505505,NS
GENE_0591,0.12202266837009468,0.7315805279039145,0.9806785376332338,0.13573786243075306,NS
GENE_0635,0.2856592261796642,0.7296504868756433,0.9806785376332338,0.13688512340097855,NS
GENE_1856,0.09496671735119477,0.7149136374447871,0.9806785376332338,0.1457464184038373,NS
GENE_0954,0.33426497329654037,0.7251546093390233,0.9806785376332338,0.13956938815421624,NS
GENE_0299,-0.060550061982997505,0.7085389550214101,0.9806785376332338,0.14963626752553533,NS
GENE_1171,-0.23410757682310646,0.7283649415568515,0.9806785376332338,0.13765096630219614,NS
GENE_1932,-0.15267166794632736,0.7290077996532114,0.9806785376332338,0.13726782514124378,NS
GENE_1139,0.2258863306085548,0.7354449783684464,0.9806785376332338,0.13344981305855846,NS
GENE_0573,-0.09843573715888354,0.7264377526421576,0.9806785376332338,0.13880159381224844,NS
GENE_1822,-0.16849385143699447,0.7213067592512532,0.9806785376332338,0.14187999808614774,NS
GENE_0740,0.0849261963655259,0.7264383601410089,0.9806785376332338,0.13880123062450436,NS
GENE_0247,-0.05149816217090919,0.7354450667370439,0.9806785376332338,0.13344976087519583,NS
GENE_1254,0.14191696259969433,0.7213078714560506,0.9806785376332338,0.14187932843481335,NS
GENE_1793,0.2751429267431975,0.736734194240283,0.9806785376332338,0.1326891726519228,NS
GENE_0675,-0.19597310309392846,0.7367344874810836,0.9806785376332338,0.13268899979061508,NS
GENE_0071,-0.14528639095611684,0.7225891773777346,0.9806785376332338,0.14110854739064838,NS
GENE_0838,0.05166603109267509,0.725154700854292,0.9806785376332338,0.13956933334580274,NS
GENE_1834,0.08758244318384634,0.7174691575440464,0.9806785376332338,0.14419676357840175,NS
GENE_0259,0.13583541016674427,0.7161884873345321,0.9806785376332338,0.14497266451270963,NS
GENE_1695,-0.18036846258465378,0.7098123271343059,0.9806785376332338,0.14885646263858227,NS
GENE_1275,0.13852878791936085,0.7200279366950177,0.9806785376332338,0.14265065285051812,NS
GENE_1456,-0.1262434588550274,0.7187482310730358,0.9806785376332338,0.14342321115262938,NS
GENE_1523,0.1029895482273604,0.7200279366950177,0.9806785376332338,0.14265065285051812,NS
GENE_0487,-0.05092911994261229,0.7367347513969669,0.9806785376332338,0.13268884421599056,NS
GENE_0615,0.2071008945001802,0.7149136374447871,0.9806785376332338,0.1457464184038373,NS
GENE_0734,0.2599440773064998,0.7238718744410397,0.9806785376332338,0.14033829726622266,NS
GENE_1072,0.1725003466914048,0.7341555652237104,0.9806785376332338,0.13421190471644304,NS
GENE_0755,0.19457839372894803,0.7315804980525074,0.9806785376332338,0.13573788015170263,NS
GENE_0555,-0.14087132089177334,0.7277226365134504,0.9806785376332338,0.13803411572032454,NS
GENE_0138,0.21456269891177104,0.7200273472487966,0.9806785376332338,0.14265100838303704,NS
GENE_0475,0.14811595530951127,0.7380250904601428,0.9815795051838974,0.1319288733217268,NS
GENE_0714,-0.16676205999126292,0.73866967828801,0.9816208349342326,0.13154972800280362,NS
GENE_1536,-0.08761100284072576,0.740608272752775,0.981750817236487,0.13041144109725133,NS
GENE_0863,-0.14457999058292703,0.740608272752775,0.981750817236487,0.13041144109725133,NS
GENE_1170,0.07333767519710221,0.7406081570497927,0.981750817236487,0.13041150894576523,NS
GENE_1164,-0.10046350386477165,0.7444883233371198,0.983086784073668,0.12814210939605453,NS
GENE_0530,0.1603269436936925,0.7444883518624414,0.983086784073668,0.128142092755915,NS
GENE_1218,0.03761536630000517,0.743194265880005,0.983086784073668,0.1288976498032727,NS
GENE_0543,-0.09234570423901722,0.7457828757009626,0.983086784073668,0.12738759291619725,NS
GENE_0324,0.1469844657065833,0.7457830460495364,0.983086784073668,0.12738749371649777,NS
GENE_1188,-0.14388357544864672,0.7483746456392862,0.983086784073668,0.12588093448773396,NS
GENE_1350,-0.17721341256845058,0.7470784031762987,0.983086784073668,0.12663381815775782,NS
GENE_0788,-0.10837224576809401,0.7477264352467929,0.983086784073668,0.12625726496136844,NS
GENE_1177,0.09206896960571864,0.7444880666087959,0.983086784073668,0.12814225915758892,NS
GENE_0227,-0.22460164765815005,0.7483748143760798,0.983086784073668,0.12588083656692586,NS
GENE_1293,-0.1421118158664223,0.7470786574912744,0.983086784073668,0.12663367031842615,NS
GENE_1873,0.15916551083978536,0.7490230339283918,0.9831311355909983,0.12550482668747376,NS
GENE_1912,0.08643805535359128,0.7509694290351554,0.9840713238789914,0.1243777421856788,NS
GENE_0315,0.181250009270709,0.7509694290351554,0.9840713238789914,0.1243777421856788,NS
GENE_1433,0.08108022349203203,0.7516186076009378,0.9841160164987728,0.12400247673758939,NS
GENE_1477,0.05812498264379329,0.7522677952166318,0.984160647871309,0.12362753004454138,NS
GENE_1803,-0.0628877946355475,0.7535664214182244,0.9850541456447377,0.12287846175137367,NS
GENE_0577,-0.08940108243278022,0.7548667379736067,0.9859483924553231,0.12212971071644076,NS
GENE_1126,-0.15888059956544698,0.7626792584998245,0.9880868337303877,0.11765806433838615,NS
GENE_1417,0.008017014226027186,0.7600704482154645,0.9880868337303877,0.11914615264906502,NS
GENE_0357,-0.09570680644009588,0.7587696450597751,0.9880868337303877,0.11989005159298288,NS
GENE_0005,-0.15799531207748618,0.7626792584998245,0.9880868337303877,0.11765806433838615,NS
GENE_1706,-0.18572458404192016,0.7587696450597751,0.9880868337303877,0.11989005159298288,NS
GENE_0269,-0.016197957561831622,0.7607239562722237,0.9880868337303877,0.1187729069827717,NS
GENE_1225,-0.18599841305914122,0.7574678042927785,0.9880868337303877,0.12063582185554535,NS
GENE_0271,0.2545361801634538,0.762679524785643,0.9880868337303877,0.11765791270656961,NS
GENE_1247,-0.016982517108324657,0.7613758038700006,0.9880868337303877,0.11840092895678911,NS
GENE_0390,0.09844226382444266,0.7600724390110727,0.9880868337303877,0.11914501513553984,NS
GENE_0818,0.04782748287197158,0.7639843184921348,0.9889764640674884,0.11691555564188627,NS
GENE_0809,0.0810493626667359,0.7652893056599019,0.9898649062698813,0.11617435556554775,NS
GENE_0720,0.010403838424357659,0.7665951980753272,0.9899536469698275,0.11543390547811788,NS
GENE_1811,0.08407267446957789,0.7665953553722602,0.9899536469698275,0.11543381636565905,NS
GENE_0132,0.1004036345545174,0.7692087100427523,0.9909294292364386,0.11395580672413529,NS
GENE_0213,-0.10180637001673531,0.7692089694447855,0.9909294292364386,0.11395566026602692,NS
GENE_1238,-0.1384809482280609,0.7685552793757074,0.9909294292364386,0.11432488982406017,NS
GENE_1814,0.006713334470630272,0.7731345404224315,0.9911984232593687,0.11174492383229798,NS
GENE_0959,0.14867509212497865,0.773134693569093,0.9911984232593687,0.11174483780491208,NS
GENE_0241,0.012098611477573407,0.7731345404224315,0.9911984232593687,0.11174492383229798,NS
GENE_0885,-0.13905609224826598,0.7724801027274998,0.9911984232593687,0.11211269816453913,NS
GENE_0844,-0.16804696001078145,0.7731347701423076,0.9911984232593687,0.11174479479129082,NS
GENE_1205,0.10043246568760011,0.7705165833960859,0.9911984232593687,0.1132180097685241,NS
GENE_0296,0.2710232848564029,0.7744445127553028,0.9920826424407402,0.11100969303381936,NS
GENE_1587,0.04269255883868528,0.7783779100182694,0.9924458258689697,0.10880949762832201,NS
GENE_0262,0.1632521712604147,0.7796897802293579,0.9924458258689697,0.1080781582496137,NS
GENE_0629,0.018105196328347617,0.7796900285028678,0.9924458258689697,0.10807801995897433,NS
GENE_0516,0.12544466828282808,0.7770659239302439,0.9924458258689697,0.10954213540161138,NS
GENE_0601,0.24385130192578242,0.7770656728616396,0.9924458258689697,0.10954227572140107,NS
GENE_0364,0.18945459931857744,0.7796902519483093,0.9924458258689697,0.1080778954978362,NS
GENE_0396,-0.07147686708668122,0.7796902519483093,0.9924458258689697,0.1080778954978362,NS
GENE_0063,0.16879463551828255,0.7770656728616396,0.9924458258689697,0.10954227572140107,NS
GENE_0647,0.006470064658364194,0.78100327173094,0.9925379148288356,0.10734714679911794,NS
GENE_1672,-0.15708618743126923,0.7810031729822651,0.9925379148288356,0.107347201710549,NS
GENE_0849,0.11477572370915468,0.7823155167026212,0.9926303481715402,0.10661805572931021,NS
GENE_1134,-0.04489205477446845,0.7823167931526951,0.9926303481715402,0.10661734712164564,NS
GENE_0236,0.13213779101911083,0.7836311076474544,0.993510120630687,0.10588833223385896,NS
GENE_0106,0.06922872528081303,0.784945747659727,0.9943889123163604,0.10516035893147437,NS
GENE_0126,-0.2115119046527436,0.7928474403514942,0.9952413049184403,0.10081037155700882,NS
GENE_1902,0.11669637534611255,0.7968061105957029,0.9952413049184403,0.0986473440273558,NS
GENE_1197,-0.030479881027109634,0.795486567349768,0.9952413049184403,0.09936714948707562,NS
GENE_0703,-0.17291985838977197,0.7902112905722283,0.9952413049184403,0.10225676939237834,NS
GENE_1615,0.04962936222298708,0.7915293965240119,0.9952413049184403,0.10153295128666492,NS
GENE_0249,-0.15860177867341108,0.7968068232943826,0.9952413049184403,0.09864695557530795,NS
GENE_1621,0.2590921411422906,0.8073891591278486,0.9952413049184403,0.09291708618971538,NS
GENE_1452,-0.01538335524540635,0.8007711346529094,0.9952413049184403,0.09649159023265919,NS
GENE_0797,-0.10516611693166134,0.7941669898268813,0.9952413049184403,0.10008816868736421,NS
GENE_0369,0.12902037355315965,0.7915294200830757,0.9952413049184403,0.10153293836033356,NS
GENE_1911,-0.18534250290923993,0.7869194037729137,0.9952413049184403,0.10406974577194074,NS
GENE_0558,0.14065271488543107,0.8034166227949076,0.9952413049184403,0.09505918690180984,NS
GENE_1723,-0.09108585548701242,0.7981276609542252,0.9952413049184403,0.09792763745414128,NS
GENE_0307,0.1538039591332243,0.8020937177579506,0.9952413049184403,0.09577488517312517,NS
GENE_1497,0.1458352146167119,0.7915291844920779,0.9952413049184403,0.10153306762386183,NS
GENE_1370,0.0037514798576037123,0.802093493577197,0.9952413049184403,0.09577500655604552,NS
GENE_0727,0.07066432621033236,0.7981277294964786,0.9952413049184403,0.09792760015744975,NS
GENE_1380,-0.057227496071902806,0.8060643485529737,0.9952413049184403,0.09363028684755915,NS
GENE_1382,0.11276138507991362,0.7994489404906776,0.9952413049184403,0.09720926871733201,NS
GENE_0322,0.15435856625997868,0.7994490767178376,0.9952413049184403,0.09720919471298248,NS
GENE_0401,0.16278214762960364,0.8060647003454751,0.9952413049184403,0.09363009730746964,NS
GENE_1898,0.07839671571209994,0.798127523869509,0.9952413049184403,0.0979277120476478,NS
GENE_1976,-0.04966726127776511,0.7974670321224466,0.9952413049184403,0.0982872619551085,NS
GENE_0918,-0.1441379583990594,0.790211527580536,0.9952413049184403,0.10225663913432456,NS
GENE_0719,0.08589771773796517,0.8047403156223446,0.9952413049184403,0.09434424098230958,NS
GENE_1078,0.10298245651155913,0.7875775212614293,0.9952413049184403,0.10370668782523138,NS
GENE_1616,-0.06564757004620159,0.8007709316003625,0.9952413049184403,0.09649170035727284,NS
GENE_0435,-0.017639467281750143,0.7948259393237326,0.9952413049184403,0.09972796803260939,NS
GENE_1636,-0.026022273726265865,0.8047405148001954,0.9952413049184403,0.0943441334919439,NS
GENE_1575,0.06309550635531824,0.8073895086150847,0.9952413049184403,0.09291689820063528,NS
GENE_0833,0.1401348181327986,0.8060647882933012,0.9952413049184403,0.0936300499226214,NS
GENE_0189,0.013444078943430249,0.8034167564424048,0.9952413049184403,0.09505911465739253,NS
GENE_0620,0.0003205749501260513,0.8060643485529737,0.9952413049184403,0.09363028684755915,NS
GENE_1118,-0.1763161561076192,0.7862612213210686,0.9952413049184403,0.10443314336156316,NS
GENE_1425,-0.14114248119047712,0.8073895086150847,0.9952413049184403,0.09291689820063528,NS
GENE_1119,-0.2629431852822952,0.8080519896104149,0.9952911342391562,0.09256069606384176,NS
GENE_1066,-0.05269446028215086,0.8100401113796402,0.9962070601434563,0.09149347529477171,NS
GENE_1232,0.12982916008884793,0.8100408657791479,0.9962070601434563,0.0914930708316023,NS
GENE_1657,-0.1308690237065635,0.8113668923814414,0.9963067635585396,0.09078271754542143,NS
GENE_1091,-0.1685480253536138,0.8113673205729857,0.9963067635585396,0.0907824883504943,NS
GENE_0229,-0.020918990544185334,0.8140218516569696,0.9972702623668847,0.08936393672423196,NS
GENE_0841,-0.24345689775261015,0.8140217671782146,0.9972702623668847,0.08936398179508474,NS
GENE_0744,-0.059401263119229775,0.8140218305372916,0.9972702623668847,0.08936394799193899,NS
GENE_0191,0.023084297157919487,0.8146856090950577,0.9973197969029015,0.0890099551583714,NS
GENE_1731,0.10514821563482624,0.8487144796044186,0.997841275782391,0.07123838842231377,NS
GENE_0438,-0.05930308699050979,0.87290958384963,0.997841275782391,0.05903073827468739,NS
GENE_0529,-0.08981553679466447,0.8286591129494916,0.997841275782391,0.08162408924666598,NS
GENE_0082,-0.07286349398563452,0.8233293303308558,0.997841275782391,0.08442641298159177,NS
GENE_0780,-0.002459349163793867,0.8473742736499411,0.997841275782391,0.07192472534974724,NS
GENE_0042,0.050876141249402096,0.8473742736499411,0.997841275782391,0.07192472534974724,NS
GENE_1943,-0.17116328597498942,0.8233293504304581,0.997841275782391,0.08442640237933828,NS
GENE_1217,0.049949019461704935,0.8756054911376724,0.997841275782391,0.057691523527915047,NS
GENE_0696,-0.017023494352303103,0.8554220332078217,0.997841275782391,0.06781956776012792,NS
GENE_0044,-0.002674972113172025,0.8581080965142647,0.997841275782391,0.06645800030672536,NS
GENE_1103,0.10521635911007543,0.8567648250248944,0.997841275782391,0.06713837202117484,NS
GENE_1947,-0.08590509643694855,0.8193372970443409,0.997841275782391,0.0865372751761581,NS
GENE_1179,-0.07160723864795315,0.8420178308362776,0.997841275782391,0.0746787116454698,NS
GENE_1787,0.00078431141092139,0.8246610370240406,0.997841275782391,0.08372452417725523,NS
GENE_1710,0.05966364485963105,0.8675216781159873,0.997841275782391,0.06171966400853459,NS
GENE_0433,-0.14191320783383343,0.8233289484371089,0.997841275782391,0.08442661442514454,NS
GENE_0733,-0.15715262419313092,0.8446951546668237,0.997841275782391,0.07329999700653085,NS
GENE_0432,0.03358973120938913,0.8587796921630984,0.997841275782391,0.06611823401429927,NS
GENE_1673,0.11756764106384576,0.8206673851977652,0.997841275782391,0.08583282587990367,NS
GENE_0004,-0.19840332430158725,0.8527374394701936,0.997841275782391,0.06918466888211239,NS
GENE_1076,-0.2176266749795177,0.8480441567135595,0.997841275782391,0.07158153392516559,NS
GENE_0524,0.081565103353614,0.8742574691824277,0.997841275782391,0.05836064862597424,NS
GENE_1051,0.18228899510185492,0.8567648250248944,0.997841275782391,0.06713837202117484,NS
GENE_0512,-0.11813030825445203,0.8621401487284838,0.997841275782391,0.06442212991541285,NS
GENE_0410,0.1422987818729462,0.8742574691824277,0.997841275782391,0.05836064862597424,NS
GENE_0415,-0.04616576621043045,0.856764874194975,0.997841275782391,0.06713834709683916,NS
GENE_0411,0.03942629842734302,0.8742575124563433,0.997841275782391,0.05836062712930657,NS
GENE_0732,-0.0620283699189228,0.8313270116476018,0.997841275782391,0.08022810808355592,NS
GENE_0761,0.1398279570139085,0.8380052029573082,0.997841275782391,0.07675328493937288,NS
GENE_0549,-0.015482170059859968,0.8735835241545646,0.997841275782391,0.0586955653859408,NS
GENE_0587,-0.0614990858638107,0.8433560876168154,0.997841275782391,0.0739890158445055,NS
GENE_0599,-0.13357638074143896,0.8715620673460136,0.997841275782391,0.059701679642853465,NS
GENE_1369,0.10151189609986044,0.8433562485877635,0.997841275782391,0.0739889329509462,NS
GENE_0286,-0.08662437203329265,0.875604977319979,0.997841275782391,0.05769177837813775,NS
GENE_0951,0.07467521201765148,0.8500548148067975,0.997841275782391,0.07055306840269733,NS
GENE_1512,-0.010829819617255154,0.8756054911376724,0.997841275782391,0.057691523527915047,NS
GENE_0638,0.18925878292681553,0.8173422915092039,0.997841275782391,0.08759602892422916,NS
GENE_0640,-0.14469738863442227,0.8213325421574083,0.997841275782391,0.08548096957569663,NS
GENE_0630,0.02664883284602748,0.8400108515828852,0.997841275782391,0.07571510351892063,NS
GENE_0298,0.01003135177951986,0.8594513915680426,0.997841275782391,0.06577868089750692,NS
GENE_1352,-0.17039210318580444,0.8634846784788386,0.997841275782391,0.06374536407350978,NS
GENE_0880,0.11027279955681113,0.8487144968935926,0.997841275782391,0.07123837957529518,NS
GENE_0175,-0.08448488790313746,0.8206674463736223,0.997841275782391,0.08583279350584241,NS
GENE_0874,0.024718563187256848,0.8326617494952562,0.997841275782391,0.07953138534133226,NS
GENE_1659,0.12005512863414314,0.8756057194990481,0.997841275782391,0.05769141026221101,NS
GENE_0870,-0.09690037141116647,0.8286588007425542,0.997841275782391,0.08162425287218285,NS
GENE_1825,0.09225961976594821,0.8166783119917913,0.997841275782391,0.08794897754159973,NS
GENE_0884,0.11496713944792702,0.8353325725710194,0.997841275782391,0.07814058358630228,NS
GENE_0864,-0.015152586941019841,0.8581080315556301,0.997841275782391,0.06645803318274382,NS
GENE_0903,0.14864594963990463,0.8473742038958406,0.997841275782391,0.07192476109997371,NS
GENE_0948,-0.022725909344309514,0.832661692282149,0.997841275782391,0.07953141518218612,NS
GENE_1443,0.03025545744140512,0.87290958384963,0.997841275782391,0.05903073827468739,NS
GENE_1886,-0.0374373613454555,0.8246610370240406,0.997841275782391,0.08372452417725523,NS
GENE_0254,0.029864439247435648,0.8621401013653129,0.997841275782391,0.06442215377413738,NS
GENE_1419,-0.22115240914748213,0.8166777912598909,0.997841275782391,0.08794925445731999,NS
GENE_1449,-0.023793418508527786,0.8688679156826239,0.997841275782391,0.061046239489340334,NS
GENE_1453,-0.10815788866493925,0.870214923513726,0.997841275782391,0.06037347316455248,NS
GENE_1454,-0.0011800439256042239,0.8520667914817474,0.997841275782391,0.0695263605912461,NS
GENE_1488,0.021857409384113957,0.8554220332078217,0.997841275782391,0.06781956776012792,NS
GENE_0921,-0.12025229825666095,0.836000384646141,0.997841275782391,0.07779352274081842,NS
GENE_1460,0.02093033173896508,0.8634849755788835,0.997841275782391,0.06374521464539473,NS
GENE_0263,0.046732680137443694,0.8487141511089876,0.997841275782391,0.0712385565162771,NS
GENE_0940,0.00033877778022262106,0.8729093506230736,0.997841275782391,0.059030854310783094,NS
GENE_1404,0.039988401178635335,0.8621401487284838,0.997841275782391,0.06442212991541285,NS
GENE_1972,0.03333739501113886,0.8306599113292938,0.997841275782391,0.08057674861576554,NS
GENE_0219,-0.0905718393641104,0.8540793928593355,0.997841275782391,0.06850175662002879,NS
GENE_1484,-0.03576807439643481,0.8742574691824277,0.997841275782391,0.05836064862597424,NS
GENE_0233,0.03583756677868877,0.8313270116476018,0.997841275782391,0.08022810808355592,NS
GENE_1954,0.10899098209446745,0.8406797787869802,0.997841275782391,0.07536939871921049,NS
GENE_1269,0.23015948076411963,0.8634846784788386,0.997841275782391,0.06374536407350978,NS
GENE_1606,0.09912499240280503,0.8500548148067975,0.997841275782391,0.07055306840269733,NS
GENE_0110,0.0638624552982332,0.8193372765064977,0.997841275782391,0.08653728606236104,NS
GENE_1260,0.03498101958463984,0.844695083719805,0.997841275782391,0.07330003348347741,NS
GENE_1839,-0.038712166724246266,0.8426868122495769,0.997841275782391,0.07433380258054288,NS
GENE_0377,-0.01792309430033079,0.8607956735358464,0.997841275782391,0.06509992448929151,NS
GENE_0117,0.11917063771932224,0.8380052768757721,0.997841275782391,0.07675324663128187,NS
GENE_1795,0.006162950397602174,0.8339967419266732,0.997841275782391,0.07883564596421729,NS
GENE_0545,0.08833953516090798,0.8266595425380852,0.997841275782391,0.08267331661489354,NS
GENE_1610,-0.04476462632615874,0.836668614546123,0.997841275782391,0.07744652214024039,NS
GENE_1609,-0.1847314914940288,0.8420177586988006,0.997841275782391,0.07467874885241292,NS
GENE_0330,0.12173202105097136,0.8641575376133419,0.997841275782391,0.06340707756804456,NS
GENE_0121,0.001238605378238944,0.8574362787994395,0.997841275782391,0.06679814509750612,NS
GENE_1434,0.08576998647469924,0.818007233315065,0.997841275782391,0.08724285601702723,NS
GENE_0668,0.13161849376611734,0.8433561949308359,0.997841275782391,0.07398896058210248,NS
GENE_0365,0.12211030280182378,0.8702146854301107,0.997841275782391,0.0603735919839518,NS
GENE_1259,0.16952667346810113,0.8742570220160175,0.997841275782391,0.05836087075956871,NS
GENE_0107,0.26597784270270886,0.8621398487609109,0.997841275782391,0.06442228102110549,NS
GENE_1979,0.150121120314326,0.8715621115313901,0.997841275782391,0.059701657625529155,NS
GENE_1889,0.03011193826275349,0.8661757664174572,0.997841275782391,0.06239397098530299,NS
GENE_0556,0.05096940189913024,0.8513960820905724,0.997841275782391,0.0698683526676444,NS
GENE_1035,-0.018229452823650405,0.8567648905849907,0.997841275782391,0.06713833878873328,NS
GENE_0830,-0.03447988279889902,0.8420178308362776,0.997841275782391,0.0746787116454698,NS
GENE_0090,0.06704782507903673,0.8527374394701936,0.997841275782391,0.06918466888211239,NS
GENE_1580,0.1070137414581458,0.8756040638505808,0.997841275782391,0.05769223145336716,NS
GENE_1223,0.07626221939105449,0.8661757664174572,0.997841275782391,0.06239397098530299,NS
GENE_1002,0.05297539842130483,0.8513959121893184,0.997841275782391,0.06986843933375196,NS
GENE_1576,0.16558570344694523,0.8567648250248944,0.997841275782391,0.06713837202117484,NS
GENE_0504,0.13305270212204334,0.8769542462289281,0.9979565643823092,0.057023064705400056,NS
GENE_0287,0.06052210686479764,0.8769543309509542,0.9979565643823092,0.05702302274847152,NS
GENE_0595,-0.16888495366833656,0.8783030761982246,0.9980716774979824,0.05635559615761186,NS
GENE_0887,0.04599643211037474,0.878302182232954,0.9980716774979824,0.05635603819680327,NS
GENE_1949,-0.1250625495007549,0.9236737247631492,0.9985765308596715,0.0344814103369504,NS
GENE_1950,-0.08754782334467137,0.9549771165044904,0.9985765308596715,0.02000703500776839,NS
GENE_1792,-0.03164957237199051,0.8965473212822719,0.9985765308596715,0.0474267827003598,NS
GENE_1987,0.04026728373005106,0.9053517459204581,0.9985765308596715,0.04318265655927894,NS
GENE_1905,0.06431495000140064,0.9039964780714087,0.9985765308596715,0.043833261512615,NS
GENE_1978,-0.002737174306978396,0.99385730131096,0.9985765308596715,0.0026759674156568674,NS
GENE_1894,0.21432942152632073,0.99658737262654,0.9985765308596715,0.0014846199076443047,NS
GENE_1885,5.0042624747170805e-05,0.9815733942678233,0.9985765308596715,0.008077221755447435,NS
GENE_1874,-0.1296050629365082,0.9189193122081186,0.9985765308596715,0.03672262115056844,NS
GENE_1982,-0.013502599513393498,0.9754328740172278,0.9985765308596715,0.010802611914746024,NS
GENE_1782,0.0237363582175405,0.8931644318648114,0.9985765308596715,0.049068579994252466,NS
GENE_1819,0.02779157395746701,0.8958706480211417,0.9985765308596715,0.04775469224194478,NS
GENE_1784,-0.03648703823999355,0.9250326395324816,0.9985765308596715,0.03384294302446774,NS
GENE_1991,0.07982479769388728,0.9243528579218503,0.9985765308596715,0.034162211685435095,NS
GENE_1981,0.08675656223357109,0.9774793733241186,0.9985765308596715,0.009892398275860905,NS
GENE_1938,0.12023767344647673,0.9856676921741,0.9985765308596715,0.0062694783450621214,NS
GENE_1831,-0.06276072924216702,0.9365918573199122,0.9985765308596715,0.02844962227078946,NS
GENE_1969,0.0328198073171313,0.9406747609752757,0.9985765308596715,0.026560508272517592,NS
GENE_1988,-0.09869480243331896,0.9515701459270153,0.9985765308596715,0.021559191753038817,NS
GENE_0001,-0.06643021574339958,0.990444835993089,0.9985765308596715,0.004169708001211413,NS
GENE_1760,-0.030175469826933643,0.9311503826240446,0.9985765308596715,0.030980173938487593,NS
GENE_0613,-0.009952963403268456,0.9189193122081186,0.9985765308596715,0.03672262115056844,NS
GENE_0612,0.008175279345379316,0.9393136777925081,0.9985765308596715,0.02718935364919714,NS
GENE_0597,0.06881986120414307,0.8864043206646343,0.9985765308596715,0.05236813569750967,NS
GENE_0596,0.01635752109003885,0.9529329292828321,0.9985765308596715,0.020937665434516757,NS
GENE_0589,-0.025677975145971033,0.8837026703226682,0.9985765308596715,0.05369383267807928,NS
GENE_0580,0.04027264623894933,0.9026414571709639,0.9985765308596715,0.044484723766112295,NS
GENE_0570,0.08297698762196326,0.9774795920990637,0.9985765308596715,0.009892301074074992,NS
GENE_0566,0.08030289393705381,0.9094193293968444,0.9985765308596715,0.0412358192521172,NS
GENE_0560,-0.031091680676397893,0.976115115011553,0.9985765308596715,0.010498962183456155,NS
GENE_0535,-0.03653931406343869,0.928430874995843,0.9985765308596715,0.03225042550030212,NS
GENE_0532,-0.020437164855853673,0.9774795660547617,0.9985765308596715,0.009892312645566467,NS
GENE_0525,0.03409956014153703,0.8864043206646343,0.9985765308596715,0.05236813569750967,NS
GENE_0499,0.13069793420620268,0.9583847244015976,0.9985765308596715,0.01846011707596985,NS
GENE_0467,-0.09120463651574084,0.9162037513135249,0.9985765308596715,0.03800793437675628,NS
GENE_0454,-0.06675994470994251,0.9257117079289893,0.9985765308596715,0.03352424350113565,NS
GENE_0451,0.15786166423210712,0.8843775652413118,0.9985765308596715,0.053362283071482046,NS
GENE_0450,0.15919711661587232,0.9924923102831877,0.9985765308596715,0.0032728494157454155,NS
GENE_0624,0.03366572286622205,0.9270713954305257,0.9985765308596715,0.03288681877077664,NS
GENE_0632,-0.020909414192905373,0.9175614213561186,0.9985765308596715,0.03736485452742006,NS
GENE_0636,0.015634329575621386,0.8877557605894209,0.9985765308596715,0.05170650090854237,NS
GENE_0641,-0.10926243946359904,0.8999322353745864,0.9985765308596715,0.04579019157276976,NS
GENE_0763,-0.028623475956137234,0.9843028498857387,0.9985765308596715,0.006871257464788095,NS
GENE_0750,-0.12317576358843407,0.9781618303487774,0.9985765308596715,0.00958928814357283,NS
GENE_0749,0.0588445867478109,0.9420362634539874,0.9985765308596715,0.025932378826198744,NS
GENE_0747,0.022914365935933212,0.8951940152839212,0.9985765308596715,0.048082829895542904,NS
GENE_0737,-0.005878765949980824,0.909419120734787,0.9985765308596715,0.04123591889898811,NS
GENE_0731,-0.03753966383879259,0.9945398240677581,0.9985765308596715,0.0023778218642385575,NS
GENE_0725,-0.002231260713037919,0.9577029699359457,0.9985765308596715,0.01876916578581223,NS
GENE_0724,-0.054635557349833164,0.9291106807506341,0.9985765308596715,0.03193254738840818,NS
GENE_0448,0.08473910375855542,0.985667665649913,0.9985765308596715,0.006269490031869227,NS
GENE_0716,0.1217269444570741,0.8931644810024603,0.9985765308596715,0.049068556101441244,NS
GENE_0702,0.10759055183294652,0.94748303960288,0.9985765308596715,0.02342855536812795,NS
GENE_0688,0.023327214228482163,0.9270711346349233,0.9985765308596715,0.03288694094271242,NS
GENE_0683,-0.007889017100917606,0.8931644810024603,0.9985765308596715,0.049068556101441244,NS
GENE_0679,-0.0452421310431248,0.963838444889819,0.9985765308596715,0.015995754865569527,NS
GENE_0678,0.05262057753742155,0.9345506909794961,0.9985765308596715,0.029397137072079367,NS
GENE_0661,-0.0374352594211782,0.9325104055985998,0.9985765308596715,0.030346313332852166,NS
GENE_0660,0.04124989318525518,0.9638383612848483,0.9985765308596715,0.015995792537006233,NS
GENE_0651,-0.06508773086334774,0.9529329510360718,0.9985765308596715,0.020937655520585203,NS
GENE_0707,0.19248096693504557,0.9447594921473123,0.9985765308596715,0.024678735964014917,NS
GENE_0765,-0.09477013138768253,0.9474833186531799,0.9985765308596715,0.023428427460838328,NS
GENE_0439,-0.13690392312950017,0.9393136777925081,0.9985765308596715,0.02718935364919714,NS
GENE_0394,0.07106595155549211,0.9067071507730666,0.9985765308596715,0.042532959180140203,NS
GENE_0160,0.07294691569381495,0.946121335298204,0.9985765308596715,0.02405316394559062,NS
GENE_0146,0.053898619343159204,0.9720221061051154,0.9985765308596715,0.012323858067246679,NS
GENE_0144,0.11911802768372937,0.9216357443379797,0.9985765308596715,0.035440690097392966,NS
GENE_0141,0.10536850693503208,0.9284308006850546,0.9985765308596715,0.032250460260850815,NS
GENE_0140,0.1028836353158109,0.9284308502256058,0.9985765308596715,0.03225043708713939,NS
GENE_0135,-0.00679365040832014,0.9420362567606605,0.9985765308596715,0.025932381911934463,NS
GENE_0127,-0.13969484411667654,0.9311501363400643,0.9985765308596715,0.030980288806923214,NS
GENE_0120,0.035880961673962375,0.9870325473589796,0.9985765308596715,0.00566852625098131,NS
GENE_0103,0.005690232988894373,0.9413555525250475,0.9985765308596715,0.026246311392512718,NS
GENE_0086,-0.013938357458269657,0.9529328966529161,0.9985765308596715,0.020937680305440267,NS
GENE_0085,-0.03685091686007347,0.9515703417659768,0.9985765308596715,0.02155910237258491,NS
GENE_0070,-0.02632111698838191,0.9270713449541759,0.9985765308596715,0.032886842416852795,NS
GENE_0065,-0.0988058268794676,0.9747507078137,0.9985765308596715,0.011106440777604244,NS
GENE_0040,0.14049483530906226,0.9515703193845014,0.9985765308596715,0.021559112587438114,NS
GENE_0034,-0.04228914175361442,0.9890798924696032,0.9985765308596715,0.004768627050600974,NS
GENE_0014,0.03501957381169429,0.9461213539675075,0.9985765308596715,0.024053155375891228,NS
GENE_0009,0.0697551093202371,0.8918117880870893,0.9985765308596715,0.04972679138612023,NS
GENE_0197,0.044156124825147636,0.8931644687180543,0.9985765308596715,0.04906856207464088,NS
GENE_0204,-0.017249959042396235,0.9128107553067345,0.9985765308596715,0.03961925143071851,NS
GENE_0211,-0.041440898020988826,0.9843028861974192,0.9985765308596715,0.006871241443334735,NS
GENE_0221,-0.06838101176700562,0.9788441326391196,0.9985765308596715,0.009286458068145273,NS
GENE_0382,-0.10219175995336016,0.8810023345747766,0.9985765308596715,0.0550229407461817,NS
GENE_0349,-0.03800130140268454,0.9924923102831877,0.9985765308596715,0.0032728494157454155,NS
GENE_0338,0.043362561714923586,0.9202772462319311,0.9985765308596715,0.036081315730778885,NS
GENE_0327,0.07685986897390595,0.9073852451949641,0.9985765308596715,0.042208286985923875,NS
GENE_0321,-0.059543465120763805,0.9822556828393524,0.9985765308596715,0.007775449898561075,NS
GENE_0304,0.07840761818008879,0.8945173136884016,0.9985765308596715,0.04841124909709449,NS
GENE_0295,-0.09156331288824493,0.9046739948603795,0.9985765308596715,0.043507893435883384,NS
GENE_0293,-0.05207774026719658,0.9067073548831609,0.9985765308596715,0.04253286141552283,NS
GENE_0404,0.08845808441740477,0.9938573155222076,0.9985765308596715,0.0026759612056442513,NS
GENE_0291,0.07264416035252008,0.980208717091323,0.9985765308596715,0.0086814395832075,NS
GENE_0284,-0.03486663813143398,0.9053517786121547,0.9985765308596715,0.0431826408771717,NS
GENE_0278,-0.008923239013942208,0.9502078683218635,0.9985765308596715,0.02218137766905604,NS
GENE_0277,-0.048095390273604544,0.9094187451394496,0.9985765308596715,0.04123609826514879,NS
GENE_0273,-0.10064603734232946,0.9012866857368235,0.9985765308596715,0.045137044504072715,NS
GENE_0268,-0.013469515371621554,0.880327455480946,0.9985765308596715,0.05535575324092394,NS
GENE_0252,-0.02888273862702828,0.9549770696807409,0.9985765308596715,0.02000705630178282,NS
GENE_0231,0.011588217941684853,0.9202773932949851,0.9985765308596715,0.03608124632922839,NS
GENE_0223,0.0664801936791255,0.9216356901229369,0.9985765308596715,0.035440715644681854,NS
GENE_0289,-0.09364756470661195,0.916882570521188,0.9985765308596715,0.03768628291270639,NS
GENE_0783,-0.08663986500116394,0.993857312679966,0.9985765308596715,0.002675962447643284,NS
GENE_0789,0.04052258449031054,0.9979524205278841,0.9985765308596715,0.0008901641182118955,NS
GENE_0840,0.17023609036646103,0.9924922807557233,0.9985765308596715,0.0032728623363644906,NS
GENE_1451,-0.02983728019605536,0.8830274884892623,0.9985765308596715,0.05402577670172352,NS
GENE_1442,0.07838231848382815,0.9959048498033214,0.9985765308596715,0.0017821527202231684,NS
GENE_1436,-0.09691230905052173,0.885053288366449,0.9985765308596715,0.053030579983781106,NS
GENE_1427,-0.06054527821849032,0.9488454928402015,0.9985765308596715,0.022804501028904304,NS
GENE_1402,-0.059702234889867256,0.9924923102831877,0.9985765308596715,0.0032728494157454155,NS
GENE_1400,-0.11189092862900907,0.8999322353745864,0.9985765308596715,0.04579019157276976,NS
GENE_1398,0.10588607563427477,0.912132247876627,0.9985765308596715,0.039942189786480654,NS
GENE_1384,0.017279575998228935,0.9297905463423392,0.9985765308596715,0.031614873825364584,NS
GENE_1360,-0.1406785030091715,0.9692938541546982,0.9985765308596715,0.013544540914981782,NS
GENE_1358,-0.14017900611352108,0.9870325383594541,0.9985765308596715,0.005668530210773998,NS
GENE_1351,0.05213187475262693,0.9060294351463644,0.9985765308596715,0.04285769270510543,NS
GENE_1343,0.19957149467301605,0.9039964449161219,0.9985765308596715,0.04383327744094961,NS
GENE_1332,0.026584506096490657,0.9761151039630165,0.9985765308596715,0.010498967099186279,NS
GENE_1330,-0.08906317792577134,0.9706579420601296,0.9985765308596715,0.012933787648894067,NS
GENE_1306,-0.05485940618242857,0.9365918500004395,0.9985765308596715,0.02844962566480425,NS
GENE_1297,0.10754435494093251,0.9325104834828547,0.9985765308596715,0.030346277060119414,NS
GENE_1296,0.054662085744221045,0.9979524157906768,0.9985765308596715,0.000890166179776104,NS
GENE_1485,-0.08936207158727871,0.9733863129456701,0.9985765308596715,0.011714764784479085,NS
GENE_1500,0.018030951538488438,0.9652021091683878,0.9985765308596715,0.01538173773798097,NS
GENE_1525,0.045889325170199946,0.9556584759327295,0.9985765308596715,0.019697283997589063,NS
GENE_1528,0.08025251728244598,0.9897623675911141,0.9985765308596715,0.004469062808374722,NS
GENE_1737,-0.06265989746095713,0.9611113526791186,0.9985765308596715,0.01722629281789154,NS
GENE_1705,-0.09119405883793519,0.9502078740742392,0.9985765308596715,0.022181375039920778,NS
GENE_1702,-0.0638169716370669,0.9781617672091907,0.9985765308596715,0.00958931617694534,NS
GENE_1686,-0.03802864743736034,0.9856676988051237,0.9985765308596715,0.006269475423370533,NS
GENE_1684,-0.06922212894087743,0.9747506494172072,0.9985765308596715,0.011106466795821128,NS
GENE_1679,0.004597840264827013,0.8884314870956743,0.9985765308596715,0.05137605792458107,NS
GENE_1678,-0.11014317239001947,0.9502076727399033,0.9985765308596715,0.022181467060206846,NS
GENE_1656,0.018467202224452528,0.9542956767856844,0.9985765308596715,0.02031704363852408,NS
GENE_1294,-0.022221456388664684,0.9720221190455276,0.9985765308596715,0.012323852285537052,NS
GENE_1643,-0.007656601059633061,0.9870325233602033,0.9985765308596715,0.005668536810446926,NS
GENE_1627,-0.06334201357632097,0.8972242599097087,0.9985765308596715,0.047098992108155074,NS
GENE_1618,-0.07338934584393453,0.978844110618811,0.9985765308596715,0.009286467838136523,NS
GENE_1608,0.029693796874341594,0.9904448459405282,0.9985765308596715,0.004169703639415806,NS
GENE_1599,-0.02520972891590656,0.9474833550507171,0.9985765308596715,0.023428410777431928,NS
GENE_1579,0.08784090738134065,0.9080631076808895,0.9985765308596715,0.041883968257339456,NS
GENE_1539,-0.07353555392653188,0.9195983325482189,0.9985765308596715,0.03640182488184069,NS
GENE_1531,0.06162729796941413,0.9774795816813537,0.9985765308596715,0.00989230570266672,NS
GENE_1530,-0.11263930326002125,0.9611112672738131,0.9985765308596715,0.017226331409730504,NS
GENE_1630,-0.06542872089524643,0.8958705761598217,0.9985765308596715,0.0477547270784204,NS
GENE_1291,0.10148652394199598,0.9597479354061419,0.9985765308596715,0.01784281345664692,NS
GENE_1278,0.18875936079239075,0.9952223323452766,0.9985765308596715,0.0020798871694319345,NS
GENE_1274,0.07313196692566404,0.909419120734787,0.9985765308596715,0.04123591889898811,NS
GENE_1043,-0.06092475250180751,0.9938573148116476,0.9985765308596715,0.0026759615161438153,NS
GENE_1025,0.07587956847889021,0.8972242480867794,0.9985765308596715,0.04709899783095284,NS
GENE_1024,0.02114126602983024,0.9843028498857387,0.9985765308596715,0.006871257464788095,NS
GENE_1015,0.058025873686433194,0.9843028789351034,0.9985765308596715,0.006871244647616424,NS
GENE_1011,-0.013960436626602402,0.9447593709288564,0.9985765308596715,0.02467879168667268,NS
GENE_1009,0.034271261094269256,0.9440786215252627,0.9985765308596715,0.024991836768910064,NS
GENE_0993,0.1400792049353754,0.9067073548831609,0.9985765308596715,0.04253286141552283,NS
GENE_0991,-0.02999156348702403,0.9733863714178352,0.9985765308596715,0.011714738696031414,NS
GENE_1054,-0.038830227712820076,0.9067071507730666,0.9985765308596715,0.042532959180140203,NS
GENE_0988,0.030385318357452284,0.9134892451419717,0.9985765308596715,0.03929656139627169,NS
GENE_0967,-0.09095307145970555,0.9046739948603795,0.9985765308596715,0.043507893435883384,NS
GENE_0946,-0.03323591023364969,0.8810023345747766,0.9985765308596715,0.0550229407461817,NS
GENE_0926,0.056063261098180384,0.9638384030874061,0.9985765308596715,0.01599577370125483,NS
GENE_0908,-0.01619560583247548,0.9393137058186133,0.9985765308596715,0.027189340691243954,NS
GENE_0896,0.04244171280308606,0.9311503826240446,0.9985765308596715,0.030980173938487593,NS
GENE_0852,-0.004854031641717604,0.9461213601906043,0.9985765308596715,0.024053152519326805,NS
GENE_0851,0.049545563974611184,0.8999322699188897,0.9985765308596715,0.04579017490218121,NS
GENE_0843,0.009287931797510751,0.9556585784140205,0.9985765308596715,0.019697237425452763,NS
GENE_0975,-0.05963138380176325,0.9182402474781524,0.9985765308596715,0.03704367554887085,NS
GENE_1772,0.03179905139574846,0.9611113571741191,0.9985765308596715,0.01722629078674926,NS
GENE_1057,0.017382493796859855,0.9979524195804453,0.9985765308596715,0.0008901645305235769,NS
GENE_1110,-0.0028196995480200826,0.9311502555100621,0.9985765308596715,0.030980233225264414,NS
GENE_1262,-0.09232262191058105,0.8945174349954477,0.9985765308596715,0.048411190201669715,NS
GENE_1261,0.21344315108717637,0.8972240234503479,0.9985765308596715,0.047099106564499706,NS
GENE_1258,0.10034220600614407,0.9427167784252132,0.9985765308596715,0.02561876329871907,NS
GENE_1256,-0.08583938034257876,0.9795264063659688,0.9985765308596715,0.008983851670832172,NS
GENE_1251,0.09163804803276321,0.9788441326391196,0.9985765308596715,0.009286458068145273,NS
GENE_1242,0.029491932425834477,0.9216357804812789,0.9985765308596715,0.03544067306589738,NS
GENE_1230,-0.1405076518395223,0.9331905844605359,0.9985765308596715,0.030029651722972228,NS
GENE_1068,-0.01657653088938993,0.9406748979748232,0.9985765308596715,0.026560445022023767,NS
GENE_1222,-0.03849686736642077,0.9325103277140753,0.9985765308596715,0.03034634960571349,NS
GENE_1206,0.0603538830723922,0.9924923076778372,0.9985765308596715,0.0032728505557938887,NS
GENE_1187,0.10138136725295954,0.9053515715641711,0.9985765308596715,0.04318274019746813,NS
GENE_1160,-0.11885502206013054,0.9836204779263261,0.9985765308596715,0.007172438292584841,NS
GENE_1159,0.002629103196263749,0.9461213539675075,0.9985765308596715,0.024053155375891228,NS
GENE_1150,0.04453049722878699,0.9802087308250287,0.9985765308596715,0.00868143349830694,NS
GENE_1130,0.13658416823461117,0.9583847051631537,0.9985765308596715,0.018460125793919875,NS
GENE_1122,-0.07190093370477335,0.9972698960520618,0.9985765308596715,0.0011872905313563542,NS
GENE_1121,0.0013565285806089733,0.9359115023125265,0.9985765308596715,0.028765215230263028,NS
GENE_1208,0.11463595086286915,0.9672478578978089,0.9985765308596715,0.01446222340996523,NS
GENE_0997,0.0681557635613883,0.9536143021614079,0.9985765308596715,0.020627244072798468,NS
GENE_1245,-0.03634077824395465,0.9993174727644274,0.9993174727644274,0.0002965190148244876,NS
