gene,log2FC,pval,padj,-log10p,significance
GENE_0997,-0.5369323756968525,0.14144052681144717,0.9682798270938415,0.8494261347484341,NS
GENE_0898,-0.5939782104063953,0.05372181610214737,0.9682798270938415,1.2698493141379208,NS
GENE_0899,0.9969874779783092,0.012039162391704933,0.9682798270938415,1.919403727473095,NS
GENE_0900,0.7219339860657827,0.07215224031636927,0.9682798270938415,1.1417501795818294,NS
GENE_1433,-0.5513503153532007,0.12487294171756554,0.9682798270938415,0.9035316571889486,NS
GENE_0356,-0.4632507757161406,0.14327840808087802,0.9682798270938415,0.8438192524349255,NS
GENE_0355,0.6765744280311177,0.07766966895116324,0.9682798270938415,1.1097485459203908,NS
GENE_0354,0.8951748559897705,0.016191254850863063,0.9682798270938415,1.7907194913524547,NS
GENE_0353,0.5785260159503736,0.10434050766909982,0.9682798270938415,0.9815470545472043,NS
GENE_1774,-0.5398389504082424,0.11061161137630585,0.9682798270938415,0.9561992808797134,NS
GENE_1775,-0.5147832387350633,0.1455998742274227,0.9682798270938415,0.8368390001765522,NS
GENE_0913,0.7481989486077492,0.13826748670623268,0.9682798270938415,0.8592799312726517,NS
GENE_0914,0.4568680854258913,0.1529846912094913,0.9682798270938415,0.8153520257567927,NS
GENE_0345,-0.6278413137628371,0.16267750935678083,0.9682798270938415,0.788672485400022,NS
GENE_0342,0.4620638690372152,0.1642086289542658,0.9682798270938415,0.7846040249951581,NS
GENE_0915,0.7732344722650257,0.033797590663592066,0.9682798270938415,1.47111425826679,NS
GENE_1779,-0.6190601451601783,0.0301517092393117,0.9682798270938415,1.5206880635516637,NS
GENE_0337,-0.8157399584924017,0.05727641274955359,0.9682798270938415,1.242024189929597,NS
GENE_0332,-0.47788111103658526,0.12759388986578973,0.9682798270938415,0.8941701223319967,NS
GENE_1786,-0.4033457218710419,0.17523213303883256,0.9682798270938415,0.7563862524952091,NS
GENE_0370,0.7830131863933296,0.14007390755399368,0.9682798270938415,0.8536427559396189,NS
GENE_0372,-0.4312687107266475,0.17255853762892404,0.9682798270938415,0.7630635483782738,NS
GENE_0889,-0.6384113260691731,0.14606936974648557,0.9682798270938415,0.8354408446046016,NS
GENE_1438,-0.6756541200650297,0.1325201873461989,0.9682798270938415,0.8777179588196364,NS
GENE_0413,-0.5754830199929488,0.15814843054947836,0.9682798270938415,0.8009351136254841,NS
GENE_1733,-0.4651426575425823,0.15081341239366927,0.9682798270938415,0.821560033336697,NS
GENE_1734,-0.5256139702780809,0.09496351126518587,0.9682798270938415,1.0224432357667925,NS
GENE_1463,0.5997228291030616,0.10113671407303557,0.9682798270938415,0.995091160681039,NS
GENE_1462,-0.5303356142736444,0.15616670408396935,0.9682798270938415,0.8064115554395614,NS
GENE_1738,0.4677938924357701,0.10780908685463583,0.9682798270938415,0.9673446324284215,NS
GENE_1459,-0.4894755434182496,0.14560131843266627,0.9682798270938415,0.8368346924306788,NS
GENE_1453,0.6578394557275491,0.15129420201903812,0.9682798270938415,0.8201777149337598,NS
GENE_0401,-0.9188267199709372,0.022136305626881674,0.9682798270938415,1.6548948577001394,NS
GENE_1424,0.44534940277692137,0.14700892578069616,0.9682798270938415,0.8326562958666501,NS
GENE_1744,-0.6210078369021117,0.14583492064811934,0.9682798270938415,0.8361384703329808,NS
GENE_1449,0.46116538144065267,0.15177540066747205,0.9682798270938415,0.818798611972111,NS
GENE_0395,-0.7981168733750774,0.08565797178044707,0.9682798270938415,1.067232213093643,NS
GENE_0869,-0.4931444906440605,0.07967999957247643,0.9682798270938415,1.0986506769145676,NS
GENE_0389,0.5619034744834481,0.15616665619685013,0.9682798270938415,0.8064116886120897,NS
GENE_1748,0.6731779267064217,0.11638860511270109,0.9682798270938415,0.934089536687144,NS
GENE_0880,-0.6960392078730573,0.04995895570767833,0.9682798270938415,1.3013866482629308,NS
GENE_0385,-0.8449528197594249,0.02088899881643756,0.9682798270938415,1.6800823747117108,NS
GENE_1440,0.46409476577116404,0.17282465053472706,0.9682798270938415,0.7623943126228361,NS
GENE_0380,0.5474096582270285,0.14560145819422163,0.9682798270938415,0.8368342755550364,NS
GENE_0397,-0.7955933647837892,0.023655293454206,0.9682798270938415,1.6260716599700198,NS
GENE_0926,0.6810479718906883,0.036583142264324874,0.9682798270938415,1.4367189940633458,NS
GENE_0321,0.40583304399567766,0.1654912115688093,0.9682798270938415,0.781225064537893,NS
GENE_0320,-0.6087827347705179,0.12696226884218167,0.9682798270938415,0.8963253252510375,NS
GENE_0966,-0.5422908083619342,0.15420363687377528,0.9682798270938415,0.811905383382429,NS
GENE_0969,-0.6871825382792345,0.08535081910423296,0.9682798270938415,1.0687923066436646,NS
GENE_1819,0.531218957253305,0.10579010472374725,0.9682798270938415,0.9755549529516165,NS
GENE_0271,0.7222775012978149,0.09630879823418366,0.9682798270938415,1.0163340363436129,NS
GENE_0977,-0.4027542618818485,0.1720276772713154,0.9682798270938415,0.7644016744924054,NS
GENE_0267,-0.8581320503506289,0.07135305502026586,0.9682798270938415,1.1465874275943266,NS
GENE_1822,0.7702419662993778,0.03480089190821325,0.9682798270938415,1.4584096254254981,NS
GENE_1824,0.5029385319818074,0.09973802211272036,0.9682798270938415,1.0011392484502055,NS
GENE_0261,0.39226078120413455,0.12363234270690684,0.9682798270938415,0.907867901239914,NS
GENE_1394,0.3441779855036948,0.1696528141798529,0.9682798270938415,0.7704389319360787,NS
GENE_0259,-0.49868731132268795,0.1680799349927279,0.9682798270938415,0.774484128571553,NS
GENE_0256,0.9041766982407431,0.05278585447023926,0.9682798270938415,1.2774824439167178,NS
GENE_1827,-0.5262786917744275,0.13448947219569657,0.9682798270938415,0.8713117108010896,NS
GENE_0985,-0.7346733656494582,0.1011365956598789,0.9682798270938415,0.9950916691631575,NS
GENE_1368,0.6016252625963538,0.06899957598933583,0.9682798270938415,1.161153578046187,NS
GENE_0244,-0.7035541740625755,0.04669745887507639,0.9682798270938415,1.3307067516942452,NS
GENE_1834,-0.8426841753914989,0.01970384452272077,0.9682798270938415,1.7054490280462793,NS
GENE_0242,-0.7584646848529655,0.03907832882280192,0.9682798270938415,1.4080640170759404,NS
GENE_1837,0.6337088615610043,0.035831907970010186,0.9682798270938415,1.4457300659956098,NS
GENE_0999,-0.5338152270801038,0.13426931738965278,0.9682798270938415,0.872023218982552,NS
GENE_0258,0.5541955735977773,0.16730335014287556,0.9682798270938415,0.7764953624805395,NS
GENE_1464,-0.4388421452277207,0.14700906608465103,0.9682798270938415,0.8326558813802236,NS
GENE_0281,0.44007770474065566,0.11117896050113463,0.9682798270938415,0.9539773908365093,NS
GENE_1814,0.4477764093039376,0.1647209839790721,0.9682798270938415,0.7832510720760076,NS
GENE_0931,-0.47359255395367406,0.148902081026143,0.9682798270938415,0.827099232591309,NS
GENE_0932,0.6526219509740159,0.050653303706023285,0.9682798270938415,1.2953922238574,NS
GENE_0316,0.6644000249819833,0.14420261485410918,0.9682798270938415,0.8410268643987371,NS
GENE_0315,0.4318082276286246,0.15129420201903812,0.9682798270938415,0.8201777149337598,NS
GENE_1414,-0.6167857211526364,0.17149774288885855,0.9682798270938415,0.7657415914075919,NS
GENE_0940,-0.7470046936691777,0.05115412540816708,0.9682798270938415,1.2911193361501463,NS
GENE_0309,0.6944860853766635,0.0355350643521407,0.9682798270938415,1.4493428937362773,NS
GENE_0308,-0.7409398374986136,0.031195177349839898,0.9682798270938415,1.5059125409892873,NS
GENE_0943,0.6182697175129048,0.06546468668742955,0.9682798270938415,1.1839929063052985,NS
GENE_1398,0.7370500535808846,0.04811346211620581,0.9682798270938415,1.3177333913022609,NS
GENE_0945,0.6390060222994238,0.07377313804700919,0.9682798270938415,1.1321017428054876,NS
GENE_1800,-0.45843854953551055,0.163186648887924,0.9682798270938415,0.7873153759221693,NS
GENE_1803,0.8106970227657131,0.12404394670584219,0.9682798270938415,0.906424424268789,NS
GENE_1804,-0.5160686741158989,0.13692469461812493,0.9682798270938415,0.8635182190010476,NS
GENE_0296,0.5598678292839212,0.08814836640172785,0.9682798270938415,1.0547857317967546,NS
GENE_0946,0.553223507378255,0.15864701824030392,0.9682798270938415,0.7995680860215056,NS
GENE_1407,0.7584184422733209,0.027200207407918266,0.9682798270938415,1.565427784356574,NS
GENE_1808,-0.5336463353625795,0.16497661093263205,0.9682798270938415,0.7825776222279277,NS
GENE_0291,-0.9467967239611879,0.0026038851321741586,0.9682798270938415,2.5843781781542456,NS
GENE_0957,0.8080126744815397,0.033234791908327295,0.9682798270938415,1.4784070361119892,NS
GENE_0305,0.6080964398147248,0.09939095657620976,0.9682798270938415,1.0026531295636834,NS
GENE_0843,0.7167436589161973,0.09005436118057732,0.9682798270938415,1.045495250187079,NS
GENE_0422,0.6296899809695784,0.06387472534527829,0.9682798270938415,1.1946709542746323,NS
GENE_0424,0.7018312864834062,0.018832178911805435,0.9682798270938415,1.7250994285426564,NS
GENE_1622,-0.5110598332449552,0.14258706717701083,0.9682798270938415,0.8459198637434143,NS
GENE_0703,-0.5696367336713122,0.07738588080141366,0.9682798270938415,1.1113382699293597,NS
GENE_0716,0.7026800918337024,0.05320072189356312,0.9682798270938415,1.2740824746172845,NS
GENE_0717,0.819091327353366,0.037735435733342114,0.9682798270938415,1.4232506308191712,NS
GENE_0721,0.5820441789815849,0.12037055617313634,0.9682798270938415,0.9194797328070514,NS
GENE_0570,0.7177236141191976,0.051761445600487926,0.9682798270938415,1.2859936031363421,NS
GENE_1547,0.5904911525684762,0.08055477176206276,0.9682798270938415,1.0939087285091642,NS
GENE_0724,0.6010825793337302,0.06784662490551792,0.9682798270938415,1.168471751856378,NS
GENE_0565,-0.42762343842309214,0.16834484851940246,0.9682798270938415,0.7738001688145187,NS
GENE_0702,0.6731699406433238,0.060210928882284014,0.9682798270938415,1.2203246728204462,NS
GENE_1538,-0.5553458612350024,0.16166175954500284,0.9682798270938415,0.7913926986011399,NS
GENE_0558,0.7242964804171699,0.02749573229259088,0.9682798270938415,1.5607347092828379,NS
GENE_0557,-0.7512444216172138,0.04079356064385675,0.9682798270938415,1.3894083858697135,NS
GENE_0553,-0.589478924228338,0.12057239747630483,0.9682798270938415,0.9187521034378272,NS
GENE_0745,-0.7602100110361345,0.07322974037237305,0.9682798270938415,1.1353125056015843,NS
GENE_1527,0.5435890454310393,0.1265420745292474,0.9682798270938415,0.897765049999997,NS
GENE_0548,-0.6851233368781555,0.0990443088121324,0.9682798270938415,1.0041704744161644,NS
GENE_1642,-0.5528098954873526,0.16267731485643588,0.9682798270938415,0.7886730046511303,NS
GENE_0541,-0.5562355038003144,0.09597153594746943,0.9682798270938415,1.0178575546057063,NS
GENE_0538,-0.4463949489458674,0.1240448167116706,0.9682798270938415,0.9064213782724666,NS
GENE_0560,0.5516255186339372,0.11366447760661115,0.9682798270938415,0.9443752397083142,NS
GENE_1520,-0.4395667221045185,0.12117976933924109,0.9682798270938415,0.9165698785005727,NS
GENE_0588,0.912823986171583,0.013622175556672876,0.9682798270938415,1.865753527018981,NS
GENE_1619,-0.5453642133108438,0.10398070471728378,0.9682798270938415,0.9830472435114938,NS
GENE_0640,-0.52908726700222,0.16140929841296459,0.9682798270938415,0.7920714502017943,NS
GENE_0638,0.45574996934781176,0.17549946997165167,0.9682798270938415,0.7557241908148781,NS
GENE_1596,0.8269189363145442,0.025596642177356955,0.9682798270938415,1.5918170026370297,NS
GENE_0631,-0.762750793172458,0.05075335199547256,0.9682798270938415,1.2945352695711323,NS
GENE_0655,-0.6342167281268427,0.04486429983856589,0.9682798270938415,1.348099105548574,NS
GENE_0660,0.5536203296118352,0.10873653800750707,0.9682798270938415,0.9636244983360616,NS
GENE_1599,-0.6085254578952952,0.1730907717214466,0.9682798270938415,0.7617260857773406,NS
GENE_0618,-0.6384316412206648,0.05340892615472081,0.9682798270938415,1.2723861539119248,NS
GENE_0676,0.8414291669433034,0.024287683126146323,0.9682798270938415,1.6146139118527885,NS
GENE_0696,1.043189657795895,0.005732789421843835,0.9682798270938415,2.2416340105383976,NS
GENE_1564,-0.5771604096754253,0.15129420201903812,0.9682798270938415,0.8201777149337598,NS
GENE_0605,-0.9739999757361542,0.002632974068583671,0.9682798270938415,2.579553418116293,NS
GENE_0604,0.43014131385790666,0.15371587196875938,0.9682798270938415,0.8132812870053809,NS
GENE_0685,0.5564850918369721,0.13781917634341964,0.9682798270938415,0.8606903499123819,NS
GENE_1612,0.5975602896193459,0.08173263593390072,0.9682798270938415,1.0876044945586534,NS
GENE_1561,0.789996709515016,0.059982408131213874,0.9682798270938415,1.2219761024793956,NS
GENE_1615,-0.519297799404586,0.1493781711060995,0.9682798270938415,0.8257128620976621,NS
GENE_1616,-0.8408351121304625,0.016266163400381804,0.9682798270938415,1.7887148693451216,NS
GENE_1617,0.7057078741782936,0.03891846288183147,0.9682798270938415,1.4098443208990974,NS
GENE_0593,0.7883202837980035,0.019003940800352795,0.9682798270938415,1.7211563311322342,NS
GENE_0607,-0.5674236902736354,0.13849267931965703,0.9682798270938415,0.8585731826652689,NS
GENE_1367,-0.8546368948882979,0.03494754120793448,0.9682798270938415,1.4565833743500634,NS
GENE_1515,-0.44545472120953544,0.16497827268198917,0.9682798270938415,0.7825732477597083,NS
GENE_0770,-0.5190010387374047,0.1484271033938966,0.9682798270938415,0.8284867878734221,NS
GENE_0818,-0.6764868225366074,0.07486992520409971,0.9682798270938415,1.1256926007368333,NS
GENE_1691,-0.6763038885836448,0.07556178652940805,0.9682798270938415,1.1216977824774217,NS
GENE_0819,0.47277213252734107,0.17415911913602344,0.9682798270938415,0.7590537805409846,NS
GENE_0467,-0.6353026907606933,0.07404607067989259,0.9682798270938415,1.1304979827513812,NS
GENE_0820,0.34419347033147396,0.16065254327858258,0.9682798270938415,0.7941123947740789,NS
GENE_0461,-0.6651997268822694,0.03891859848380941,0.9682798270938415,1.4098428077075733,NS
GENE_0823,0.7353198634111253,0.014144552186068466,0.9682798270938415,1.8494107976730916,NS
GENE_1701,0.8010152061580511,0.035980938653370126,0.9682798270938415,1.4439275111777463,NS
GENE_0453,-0.9409722355432866,0.006535886732596369,0.9682798270938415,2.184695482766127,NS
GENE_0472,0.6054260692453814,0.129078480673303,0.9682798270938415,0.889146155129645,NS
GENE_1707,0.4960429484443072,0.16369611184409283,0.9682798270938415,0.785961635949752,NS
GENE_1709,-0.8232148060773925,0.022783678526983615,0.9682798270938415,1.6423761558057928,NS
GENE_1473,-0.6933459572430971,0.045681488163740964,0.9682798270938415,1.3402597565403718,NS
GENE_0838,-0.6748263940616033,0.024234475093333836,0.9682798270938415,1.6155663824416306,NS
GENE_0839,-0.5408025002892254,0.11443702530717483,0.9682798270938415,0.9414334398345311,NS
GENE_0840,0.5277316530152465,0.1481884068093358,0.9682798270938415,0.8291857710913295,NS
GENE_0432,-0.5858364097120541,0.13383065216726056,0.9682798270938415,0.8734444056825046,NS
GENE_1722,0.6741565279119026,0.038441658655930716,0.9682798270938415,1.4151978819406055,NS
GENE_0426,0.5409180967710441,0.1484271033938966,0.9682798270938415,0.8284867878734221,NS
GENE_1726,-0.5114338457287779,0.1481884068093358,0.9682798270938415,0.8291857710913295,NS
GENE_0448,-0.4165880215375646,0.1542027314206004,0.9682798270938415,0.8119079334809867,NS
GENE_0530,-0.5368490947959454,0.1094841846193598,0.9682798270938415,0.9606486116787428,NS
GENE_0816,0.5116194418983984,0.16939081044281457,0.9682798270938415,0.7711101541129343,NS
GENE_1680,0.7711008549971847,0.07738588080141366,0.9682798270938415,1.1113382699293597,NS
GENE_0772,-0.5432150610447151,0.07295927191473729,0.9682798270938415,1.1369195086296087,NS
GENE_0780,0.44830471334867816,0.16369708657457793,0.9682798270938415,0.7859590499456867,NS
GENE_0520,0.5782266371920217,0.11098983731063186,0.9682798270938415,0.9547167851950674,NS
GENE_1498,0.46707408624869373,0.1195660917149152,0.9682798270938415,0.922391966409796,NS
GENE_0514,-0.7585035385974619,0.02386419155033242,0.9682798270938415,1.6222532736872899,NS
GENE_0509,0.5717990920022196,0.16065273688083315,0.9682798270938415,0.7941118714064638,NS
GENE_1664,-0.4441705632390649,0.11060707478708244,0.9682798270938415,0.9562170932598594,NS
GENE_1665,-0.5339477603077949,0.07752681146637438,0.9682798270938415,1.1105480773878373,NS
GENE_1666,-0.6302596448840099,0.14866397758693012,0.9682798270938415,0.8277942515885957,NS
GENE_0477,-0.710137568629218,0.08084783210406948,0.9682798270938415,1.0923316210001632,NS
GENE_0503,0.550788909696478,0.0832247532091816,0.9682798270938415,1.0797474840060746,NS
GENE_1672,0.5109611809569881,0.11836691869642121,0.9682798270938415,0.92676965770657,NS
GENE_1492,-0.38327161270919685,0.17550071866075878,0.9682798270938415,0.7557211007949499,NS
GENE_0494,-0.48129605086188754,0.1709691796225261,0.9682798270938415,0.7670821722175135,NS
GENE_0492,-0.5421252755698092,0.0916677422315395,0.9682798270938415,1.037783465153231,NS
GENE_1677,-0.5760909376247403,0.1278046789230481,0.9682798270938415,0.8934532463868181,NS
GENE_1678,-0.5375129172090025,0.15177469022430934,0.9682798270938415,0.8188006448592986,NS
GENE_0802,-0.5700626405800477,0.07514616753493004,0.9682798270938415,1.1240931635916975,NS
GENE_0487,-0.612484902158192,0.10398070471728378,0.9682798270938415,0.9830472435114938,NS
GENE_0485,-0.5587831705333937,0.09939095657620976,0.9682798270938415,1.0026531295636834,NS
GENE_0795,0.9867237605698387,0.024181318985513952,0.9682798270938415,1.6165200139588078,NS
GENE_0234,0.9004491934748042,0.0034462438723565064,0.9682798270938415,2.4626539930890345,NS
GENE_0643,0.5565782143311289,0.0785264335331097,0.9682798270938415,1.1049841266284524,NS
GENE_0033,-0.4215869119589346,0.12950516139404775,0.9682798270938415,0.8877129225457813,NS
GENE_1888,-0.5052745528324794,0.11366431048793578,0.9682798270938415,0.9443758782435313,NS
GENE_0159,0.6950489918271936,0.03948123553196417,0.9682798270938415,1.4036092649102483,NS
GENE_1085,-0.5332748872703172,0.1318703657617557,0.9682798270938415,0.879852789230923,NS
GENE_1363,-0.4914982384747617,0.14075440283643606,0.9682798270938415,0.8515380114132935,NS
GENE_1310,-0.9433752007658605,0.00498046806162851,0.9682798270938415,2.302729840567543,NS
GENE_1082,-0.9252893462669363,0.022037883316025825,0.9682798270938415,1.656830120723838,NS
GENE_1278,0.5341648455834473,0.17070505910466183,0.9682798270938415,0.7677536077154956,NS
GENE_0168,-0.647925715309877,0.10166518981860494,0.9682798270938415,0.9928277241429327,NS
GENE_0099,-0.6754906134666703,0.16267580747555743,0.9682798270938415,0.7886770288768267,NS
GENE_0098,-0.7283095012870566,0.0693863127202731,0.9682798270938415,1.1587261908752924,NS
GENE_0094,0.8730109797382148,0.06327213497482254,0.9682798270938415,1.1987875110104103,NS
GENE_1233,-0.614440056326182,0.09869940566742663,0.9682798270938415,1.0056854624887641,NS
GENE_1151,-0.47281133068719683,0.126542250090245,0.9682798270938415,0.8977644474721824,NS
GENE_0017,0.6293722405419189,0.0637540810962723,0.9682798270938415,1.1954920094687267,NS
GENE_0090,-0.5960569765577635,0.15033303316900418,0.9682798270938415,0.8229455799803402,NS
GENE_1881,-0.5998878539020653,0.1414405728499774,0.9682798270938415,0.8494259933867124,NS
GENE_1153,-0.6660524527207468,0.0892558955105468,0.9682798270938415,1.0493630883458809,NS
GENE_1318,-0.6306137777071523,0.11638945006096511,0.9682798270938415,0.9340863838438205,NS
GENE_1322,-0.6980099306173893,0.12281043405668228,0.9682798270938415,0.9107647336774417,NS
GENE_0018,0.3766535550525276,0.15153475030127586,0.9682798270938415,0.819487762320055,NS
GENE_1107,-0.47899569316352864,0.14030067108324004,0.9682798270938415,0.8529402516583755,NS
GENE_0019,0.6508524000824725,0.10910985532459308,0.9682798270938415,0.9621360200827657,NS
GENE_1333,-0.6047985924923784,0.09749840147526603,0.9682798270938415,1.0110025046723576,NS
GENE_1265,-0.611246801527213,0.09597149750949358,0.9682798270938415,1.0178577285469066,NS
GENE_0188,0.5337262223995198,0.11174901858674459,0.9682798270938415,0.9517562822831211,NS
GENE_0157,-0.4984697500025179,0.13692496712924848,0.9682798270938415,0.8635173546576231,NS
GENE_0189,-0.5137559040588053,0.1391685779427032,0.9682798270938415,0.8564588104621764,NS
GENE_1141,-0.609051508958335,0.12363234270690684,0.9682798270938415,0.907867901239914,NS
GENE_1928,-0.5600661164277723,0.16014948358798053,0.9682798270938415,0.7954744574076027,NS
GENE_1908,0.506809080779691,0.14420419263777257,0.9682798270938415,0.8410221126195082,NS
GENE_1104,-0.5359469487830193,0.1493781711060995,0.9682798270938415,0.8257128620976621,NS
GENE_1909,-0.6679200881421199,0.1601485650496579,0.9682798270938415,0.7954769483133489,NS
GENE_1232,0.5773731329013607,0.09037520329261338,0.9682798270938415,1.0439507127816627,NS
GENE_0129,0.5483973844673597,0.1601495319320454,0.9682798270938415,0.7954743263078516,NS
GENE_1901,0.5509041590810764,0.14937774750374427,0.9682798270938415,0.8257140936593079,NS
GENE_1099,-0.5901728923126113,0.09630918330471001,0.9682798270938415,1.0163322999117035,NS
GENE_1305,-0.6388347796809075,0.037348085730958304,0.9682798270938415,1.427731652959341,NS
GENE_0143,-0.49751678795912735,0.15616574634054403,0.9682798270938415,0.8064142189007812,NS
GENE_0126,0.5330435921719276,0.16834386391161738,0.9682798270938415,0.7738027089039968,NS
GENE_1119,-0.6183663274317412,0.09166740438956296,0.9682798270938415,1.0377850657509218,NS
GENE_1132,-0.4775850712389351,0.14007317389497353,0.9682798270938415,0.853645030630916,NS
GENE_1095,0.5297812710365415,0.1636968916286723,0.9682798270938415,0.7859595671447601,NS
GENE_1223,0.6024696048347344,0.11876559056234073,0.9682798270938415,0.9253093673808945,NS
GENE_1089,-0.5441102507063329,0.11996792426390736,0.9682798270938415,0.9209348554298015,NS
GENE_0117,0.6279997329068525,0.03365613751372459,0.9682798270938415,1.4729357265279697,NS
GENE_1133,-0.9991284367409401,0.01653112303882896,0.9682798270938415,1.781697641709914,NS
GENE_1920,-0.4843045340084613,0.13470949957848483,0.9682798270938415,0.8706017771868447,NS
GENE_0151,-0.8633231593072779,0.015314880041962894,0.9682798270938415,1.8148864005758287,NS
GENE_1135,0.42624053013762353,0.1693909584580361,0.9682798270938415,0.7711097746226555,NS
GENE_1136,0.5993539274975799,0.0878340570570456,0.9682798270938415,1.0563370567128076,NS
GENE_1221,0.6816071216481658,0.051965040018369296,0.9682798270938415,1.2842887339266436,NS
GENE_1282,0.6935396385282733,0.04725959470449377,0.9682798270938415,1.3255100071716281,NS
GENE_0153,0.6805572621394642,0.16886727103225008,0.9682798270938415,0.7724545149490956,NS
GENE_1281,0.534601348464248,0.13470949957848483,0.9682798270938415,0.8706017771868447,NS
GENE_1231,-0.6770747498877379,0.11996792426390736,0.9682798270938415,0.9209348554298015,NS
GENE_1334,-0.47275929285765717,0.1479532838045467,0.9682798270938415,0.8298753912849116,NS
GENE_1108,-0.5606669063118357,0.11816772144797612,0.9682798270938415,0.9275011386110891,NS
GENE_0212,0.629658785709907,0.1652352764469146,0.9682798270938415,0.7818972286213858,NS
GENE_1966,0.7293990691634917,0.05115455546958094,0.9682798270938415,1.2911156849780792,NS
GENE_0205,0.7271527749992988,0.057498230267639304,0.9682798270938415,1.240345522211703,NS
GENE_1211,0.6064794791056674,0.15715529544483856,0.9682798270938415,0.803670980578785,NS
GENE_1344,-0.663189285929997,0.0728241457741683,0.9682798270938415,1.1377246009363517,NS
GENE_1179,-0.8031879693717929,0.016877215522933593,0.9682798270938415,1.7726992036094071,NS
GENE_1351,1.0418326637489095,0.00281405891960077,0.9682798270938415,2.5506668137279935,NS
GENE_0223,-0.9252135237278489,0.022284190642592804,0.9682798270938415,1.6520031347812578,NS
GENE_1857,0.8218922056905305,0.07188556078638415,0.9682798270938415,1.1433583349377012,NS
GENE_1235,-0.691389343123137,0.10043513242107432,0.9682798270938415,0.9981143434889173,NS
GENE_1960,0.7039727671697715,0.04112756983224506,0.9682798270938415,1.3858669515563908,NS
GENE_0192,0.8466142633703759,0.0823257585968881,0.9682798270938415,1.084464258758483,NS
GENE_1961,-0.8273868140421827,0.04586481247227631,0.9682798270938415,1.338520377855111,NS
GENE_0213,0.5619392229879132,0.10707132143420237,0.9682798270938415,0.9703268373915409,NS
GENE_0221,0.6026379066266685,0.16756336815845563,0.9682798270938415,0.7758209185547313,NS
GENE_0055,0.3400255118218549,0.1688655953575382,0.9682798270938415,0.7724588244869183,NS
GENE_0219,0.6133795225814076,0.13426886697387933,0.9682798270938415,0.8720246758560721,NS
GENE_1188,-0.5763649686481287,0.1491395341966769,0.9682798270938415,0.8264072176630204,NS
GENE_1995,0.5401438481118088,0.10184108364037295,0.9682798270938415,0.9920769882180055,NS
GENE_1981,-0.5581610614782555,0.05805273401815362,0.9682798270938415,1.2361773221607686,NS
GENE_1176,0.5626218568655563,0.04956510358819314,0.9682798270938415,1.3048239818344178,NS
GENE_1969,0.8706635321198508,0.016191057696237934,0.9682798270938415,1.7907247796199712,NS
GENE_0203,-0.7503753142447005,0.1680835760522834,0.9682798270938415,0.774474720696984,NS
GENE_1946,0.5216612355768078,0.12528850841186154,0.9682798270938415,0.902088761106308,NS
GENE_1949,-0.5793437667122889,0.1117489771429613,0.9682798270938415,0.95175644334771,NS
GENE_1168,-0.7742884196296647,0.009081584284547216,0.9682798270938415,2.041838382093647,NS
GENE_1051,0.8160051040804088,0.014345448650861365,0.9682798270938415,1.8432858647378527,NS
GENE_0007,0.9899779380501963,0.002692060494331289,0.9682798270938415,2.5699151851393407,NS
GENE_1206,0.7400766794279523,0.05237412977541017,0.9682798270938415,1.2808831800042095,NS
GENE_0036,0.662555898741326,0.11956540726565172,0.9682798270938415,0.9223944525108705,NS
GENE_1210,-0.6620220231422396,0.0844344141533471,0.9682798270938415,1.0734805056180572,NS
GENE_0032,-0.734029419242022,0.02638793581551246,0.9682798270938415,1.5785945809430575,NS
GENE_0198,-0.5088911889294989,0.08084793741860433,0.9682798270938415,1.0923310552769971,NS
GENE_1171,-0.5028843379006851,0.10452059914678338,0.9682798270938415,0.9807981094173863,NS
GENE_1996,-1.0049295187560565,0.012212901501895393,0.9682798270938415,1.9131811455092906,NS
GENE_1337,0.9158623598186599,0.011420030267796451,0.9682798270938415,1.9423327450289134,NS
GENE_0067,-0.6329812155104149,0.05299297654108117,0.9682798270938415,1.2757816860893392,NS
GENE_1259,-0.7452072117751056,0.02803387773311605,0.9682798270938415,1.5523168251217772,NS
GENE_1234,0.5239044580524563,0.16886727103225008,0.9682798270938415,0.7724545149490956,NS
GENE_0227,0.760364816493845,0.13383092203748814,0.9682798270938415,0.8734435299262365,NS
GENE_1237,-0.43164822259088176,0.1303615844876155,0.9682798270938415,0.884850369516758,NS
GENE_0420,-0.5159278153152611,0.18232741093950067,0.9713322051346679,0.7391480349935471,NS
GENE_0751,-0.4642998397819049,0.18149769472523358,0.9713322051346679,0.7411288867406424,NS
GENE_1000,0.6091526032582673,0.17902500243834707,0.9713322051346679,0.7470863116863902,NS
GENE_0393,0.503648056873911,0.17902575667139886,0.9713322051346679,0.7470844820058539,NS
GENE_1372,0.4786308886484969,0.18455291584526878,0.9713322051346679,0.7338790887749806,NS
GENE_0601,-0.6280921230446506,0.18067058095231003,0.9713322051346679,0.7431125589511628,NS
GENE_0433,-0.40668331879350195,0.1839938519723906,0.9713322051346679,0.7351966883984737,NS
GENE_1962,0.3532063462350976,0.17848096878860353,0.9713322051346679,0.748408085382204,NS
GENE_1352,-0.5152476714305525,0.18343685204666427,0.9713322051346679,0.7365134111264257,NS
GENE_1670,-0.4024251162915071,0.1845531189755869,0.9713322051346679,0.7338786107639597,NS
GENE_1582,-0.44019429148935796,0.17930007379780177,0.9713322051346679,0.746419531687279,NS
GENE_1476,-0.5123173819894857,0.1845530681930183,0.9713322051346679,0.7338787302666399,NS
GENE_0500,-0.4069801564179105,0.1798477281759464,0.9713322051346679,0.7450950437886554,NS
GENE_1792,0.49319577466553444,0.17820803468716317,0.9713322051346679,0.7490727192574178,NS
GENE_1255,0.5949379464125828,0.1862348873451477,0.975661171976916,0.7299389594328469,NS
GENE_1493,0.5649243454162356,0.18849597550198993,0.975661171976916,0.7246979177973741,NS
GENE_0718,-0.4754360181698676,0.20248504540104484,0.975661171976916,0.6936070462252805,NS
GENE_0476,0.38834922397822425,0.20278533361828865,0.975661171976916,0.6929634584066414,NS
GENE_0561,-0.39340359567266603,0.2091451670079697,0.975661171976916,0.6795521667803204,NS
GENE_1248,0.6192456366667765,0.18707898822353064,0.975661171976916,0.7279749875454758,NS
GENE_1450,-0.5937368945565717,0.19249969413491141,0.975661171976916,0.715569956210679,NS
GENE_0088,-0.48837411110792406,0.20549356289798715,0.975661171976916,0.6872017778836265,NS
GENE_1470,0.4317085809198291,0.2045860992327968,0.975661171976916,0.689123878109593,NS
GENE_0513,-0.30848166724942416,0.20792260354068737,0.975661171976916,0.6820982953756723,NS
GENE_0459,-0.5659698466214724,0.1953974635929001,0.975661171976916,0.7090810780520296,NS
GENE_0515,0.3922599775202871,0.19862267580659654,0.975661171976916,0.7019711716739317,NS
GENE_0830,0.6303508497520376,0.20188846335657573,0.975661171976916,0.694888497518617,NS
GENE_1982,-0.43359030611503524,0.2067050725922328,0.975661171976916,0.6846488655508232,NS
GENE_1930,-0.4804946745492309,0.19832948541945727,0.975661171976916,0.7026127149271183,NS
GENE_1646,-0.5237623045309325,0.20670454745205358,0.975661171976916,0.684649968889841,NS
GENE_1134,0.47921278707661674,0.20670538767593027,0.975661171976916,0.6846482035496195,NS
GENE_0611,-0.4575323477511235,0.2060988806879186,0.975661171976916,0.6859243668446615,NS
GENE_1269,0.4465655497790735,0.19423500429748863,0.975661171976916,0.7116725004665265,NS
GENE_0127,-0.49363275717704,0.1959809919148865,0.975661171976916,0.7077860485761385,NS
GENE_1904,0.5154503528527421,0.19307737514744083,0.975661171976916,0.7142686139694167,NS
GENE_0239,0.5450389647969107,0.2012919153999091,0.975661171976916,0.6961736675739189,NS
GENE_0907,0.4325927913037839,0.19077678147409116,0.975661171976916,0.7194744823115529,NS
GENE_0350,0.44722523674912296,0.20039820317575952,0.975661171976916,0.6981061767885793,NS
GENE_1781,0.4087037688705921,0.21037277036065072,0.975661171976916,0.677010473869108,NS
GENE_1991,0.4411661478355482,0.2109867284400081,0.975661171976916,0.6757448619845069,NS
GENE_1381,0.40702573982749346,0.21068000925088703,0.975661171976916,0.6763766712448344,NS
GENE_0920,0.6573836283637222,0.19539823884801844,0.975661171976916,0.7090793549572368,NS
GENE_1567,-0.4396173664030023,0.19832948541945727,0.975661171976916,0.7026127149271183,NS
GENE_1884,-0.40247943479628123,0.20853331496543925,0.975661171976916,0.6808245529211097,NS
GENE_1587,-0.4496620852548485,0.21037282312125327,0.975661171976916,0.6770103649498992,NS
GENE_1328,0.5146435288588842,0.1896339029671107,0.975661171976916,0.7220840163899223,NS
GENE_0311,-0.493626463130294,0.20129207178896535,0.975661171976916,0.696173330159087,NS
GENE_1746,0.5144216645433985,0.21006538179974443,0.975661171976916,0.6776455122399211,NS
GENE_1585,-0.5444115413966513,0.19481701746199576,0.975661171976916,0.7103731097415735,NS
GENE_0206,0.46131233821328443,0.19049011316774667,0.975661171976916,0.7201275601884547,NS
GENE_0272,0.27737775380465557,0.20792276133168297,0.975661171976916,0.6820979657927818,NS
GENE_0924,0.4859634790010494,0.19774100066565592,0.975661171976916,0.7039032724329722,NS
GENE_1091,0.30868908696418096,0.20975837119093588,0.975661171976916,0.6782806980106609,NS
GENE_0266,0.4945460440295193,0.1942360361359975,0.975661171976916,0.7116701933613683,NS
GENE_1009,-0.44348719242970436,0.20010324951626113,0.975661171976916,0.698745858712503,NS
GENE_0888,-0.5125000550972088,0.19020468434155036,0.975661171976916,0.720778791506727,NS
GENE_1010,0.3791651305655641,0.222930030380174,0.9775311450512856,0.6518314247906053,NS
GENE_1189,-0.4415455499437231,0.21346441218137513,0.9775311450512856,0.6706745182104954,NS
GENE_0762,0.38553573065186875,0.22422120639613863,0.9775311450512856,0.6493233150894531,NS
GENE_1460,0.4440067120461837,0.21974626788025708,0.9775311450512856,0.6580784921484979,NS
GENE_1852,0.3926758769442005,0.217217851797313,0.9775311450512856,0.6631044856279729,NS
GENE_1425,-0.35290686666950233,0.2222955761042742,0.9775311450512856,0.6530691800928209,NS
GENE_1661,0.45078517246455085,0.22422120639613863,0.9775311450512856,0.6493233150894531,NS
GENE_0164,-0.3777569741066378,0.22293538304313842,0.9775311450512856,0.6518209972852682,NS
GENE_0330,-0.49254256628339554,0.2131539233622931,0.9775311450512856,0.6713066692147699,NS
GENE_0225,0.49935886895749615,0.220381498943375,0.9775311450512856,0.6568248673704247,NS
GENE_1163,-0.44501442322436446,0.2222955761042742,0.9775311450512856,0.6530691800928209,NS
GENE_0454,0.40277106043561606,0.2140839313592925,0.9775311450512856,0.6694159286134561,NS
GENE_0599,-0.3850976646675148,0.21471026984094876,0.9775311450512856,0.6681471822587413,NS
GENE_0240,-0.5097546141440397,0.22421986645268754,0.9775311450512856,0.6493259104362316,NS
GENE_0774,0.5792510557147645,0.220381498943375,0.9775311450512856,0.6568248673704247,NS
GENE_1489,-0.505551517556909,0.22038117866239493,0.9775311450512856,0.6568254985321331,NS
GENE_0277,0.5830080289206805,0.22293345609527515,0.9775311450512856,0.6518247511373003,NS
GENE_1654,0.41705936671379273,0.21784750628253435,0.9775311450512856,0.6618474071027206,NS
GENE_0038,-0.34672037715687676,0.22293645356447733,0.9775311450512856,0.6518189118361679,NS
GENE_0980,-0.4954383598077188,0.21596157310389497,0.9775311450512856,0.6656235177082372,NS
GENE_0996,0.49549453905920693,0.2222952551647841,0.9775311450512856,0.6530698071064243,NS
GENE_0813,0.4667271817192331,0.23072656977181016,0.979608298660731,0.6369023905640695,NS
GENE_1644,-0.2786295708511899,0.2300710303431983,0.979608298660731,0.6381380625749753,NS
GENE_1213,-0.4999706654593643,0.22941477214310368,0.979608298660731,0.6393786210743158,NS
GENE_1731,0.5525944088691093,0.23072759465635095,0.979608298660731,0.6369004614376905,NS
GENE_1354,0.3594111406648466,0.22810882819601674,0.979608298660731,0.6418579064698554,NS
GENE_0287,-0.4460520514158768,0.2281091510358314,0.979608298660731,0.6418572918182791,NS
GENE_1851,0.5469880642136493,0.23204455372401078,0.979608298660731,0.6344286203730117,NS
GENE_1217,-0.5188435666875337,0.23007000609129025,0.979608298660731,0.6381399960124066,NS
GENE_1195,-0.4672967375547783,0.22680813806127942,0.979608298660731,0.6443413666587641,NS
GENE_1914,0.4320465871728354,0.23204471574526064,0.979608298660731,0.6344283171342195,NS
GENE_1198,-0.38864302938497364,0.226158519227872,0.979608298660731,0.6455870480508566,NS
GENE_1618,0.4051252344995522,0.23105589009752525,0.979608298660731,0.6362829559301801,NS
GENE_1985,0.47375721201355514,0.24073513711007755,0.9798901159121371,0.6184605165412677,NS
GENE_0229,0.37917906797749534,0.24141417294094436,0.9798901159121371,0.6172372369339457,NS
GENE_0486,-0.39602265382863067,0.23703094219470466,0.9798901159121371,0.6251949571659501,NS
GENE_1073,0.4324510671980608,0.23904668325076694,0.9798901159121371,0.621517277719636,NS
GENE_0303,-0.41119217100560146,0.24345416737107073,0.9798901159121371,0.6135827869395303,NS
GENE_1964,0.5922189004583203,0.23602623390016164,0.9798901159121371,0.6270397232803749,NS
GENE_1300,0.39846565850580085,0.24345585772103429,0.9798901159121371,0.6135797715583557,NS
GENE_0328,-0.5054176074362715,0.24550986527268615,0.9798901159121371,0.6099310520240732,NS
GENE_0005,-0.33330214893176624,0.2333661381544292,0.9798901159121371,0.6319621606281005,NS
GENE_0728,-0.5347954412669003,0.23904668325076694,0.9798901159121371,0.621517277719636,NS
GENE_0438,0.40955774556235536,0.242093245533619,0.9798901159121371,0.6160173273215831,NS
GENE_1608,-0.40561980335048187,0.24619739162292442,0.9798901159121371,0.6087165525816783,NS
GENE_0466,0.4304342604408351,0.2340304447802486,0.9798901159121371,0.6307276419915272,NS
GENE_1353,0.37643453155791295,0.23669669900187107,0.9798901159121371,0.6258077987471687,NS
GENE_1706,-0.4474645032014761,0.24073513711007755,0.9798901159121371,0.6184605165412677,NS
GENE_1586,0.3801599233920774,0.2461972277057567,0.9798901159121371,0.6087168417331785,NS
GENE_1703,-0.5127950173731399,0.24141226751102252,0.9798901159121371,0.6172406647400117,NS
GENE_0678,0.43321171882715426,0.24345416737107073,0.9798901159121371,0.6135827869395303,NS
GENE_1274,-0.2947179475919386,0.24550899148729588,0.9798901159121371,0.6099325977087985,NS
GENE_1613,0.44466324104196087,0.24073568122482913,0.9798901159121371,0.6184595349406176,NS
GENE_1478,-0.4179119282185795,0.24413939919215077,0.9798901159121371,0.6123621285262999,NS
GENE_0463,0.27580346170723313,0.24039585100188,0.9798901159121371,0.6190730321041494,NS
GENE_0156,0.47439479004983376,0.23736655054877287,0.9798901159121371,0.6245804814033372,NS
GENE_0298,-0.2970072426457264,0.24895928582549276,0.9855454721079615,0.6038716705230388,NS
GENE_1953,0.3976139372740093,0.24965394105840366,0.9855454721079615,0.6026615737450304,NS
GENE_0047,0.48412869872656916,0.24965257172782418,0.9855454721079615,0.6026639558197654,NS
GENE_1811,-0.45155117024670854,0.25034972868602046,0.9855454721079615,0.6014528749270573,NS
GENE_1437,0.39369817005258145,0.2506981294674627,0.9855454721079615,0.6008489064286594,NS
GENE_1474,0.40353507901575725,0.252444437943498,0.9875577034464471,0.5978341935842902,NS
GENE_1167,0.4026878736139876,0.2524442184416479,0.9875577034464471,0.5978345712059344,NS
GENE_0510,-0.5190772262304613,0.26058576227537966,0.9878510891033017,0.5840493166900337,NS
GENE_0531,-0.3365635437031127,0.25737876521022207,0.9878510891033017,0.5894272870060179,NS
GENE_0845,0.43030793197794104,0.2616604383606339,0.9878510891033017,0.5822619353672787,NS
GENE_0053,0.3260298564693178,0.26345984290273183,0.9878510891033017,0.5792855714753673,NS
GENE_1603,-0.3876608155086174,0.2652675422904123,0.9878510891033017,0.5763158863408085,NS
GENE_0366,0.3118725846820869,0.25525494499094714,0.9878510891033017,0.59302583567992,NS
GENE_0904,-0.2628769179289625,0.25454918706940477,0.9878510891033017,0.5942282855912292,NS
GENE_0358,-0.448467048490401,0.25596233464045504,0.9878510891033017,0.5918239372713366,NS
GENE_1196,-0.5430985648609532,0.2609443278237815,0.9878510891033017,0.5834521390139449,NS
GENE_1607,-0.3772445780379643,0.2545508905106689,0.9878510891033017,0.5942253793055151,NS
GENE_1783,-0.37064825710313176,0.263820634987889,0.9878510891033017,0.5786912386952917,NS
GENE_1626,-0.26915501627247806,0.25880106718708096,0.9878510891033017,0.5870339371513092,NS
GENE_0632,0.4328300581803637,0.2566699263990747,0.9878510891033017,0.590625013931047,NS
GENE_1454,0.2780095024650011,0.26599254362934943,0.9878510891033017,0.5751305374517,NS
GENE_0253,0.4347042512659005,0.2602274818578264,0.9878510891033017,0.5846468407914863,NS
GENE_0051,0.3883453025895367,0.2531453076530533,0.9878510891033017,0.5966301183631488,NS
GENE_1566,0.3073976720022502,0.26526776342421754,0.9878510891033017,0.5763155243019759,NS
GENE_0720,0.5189356116982831,0.25951359501951776,0.9878510891033017,0.5858398860340057,NS
GENE_1019,0.2935515920160059,0.2667197940578915,0.9878510891033017,0.573944752847338,NS
GENE_0193,-0.4921594624014789,0.2630980108704939,0.9878510891033017,0.5798824353473411,NS
GENE_0194,-0.49924958244655393,0.26345984290273183,0.9878510891033017,0.5792855714753673,NS
GENE_1937,-0.4389401256871208,0.2663562194982404,0.9878510891033017,0.5745371578533205,NS
GENE_0175,-0.44476226496702687,0.2634603399917048,0.9878510891033017,0.5792847520609474,NS
GENE_1434,-0.5260343099758877,0.2681761760038147,0.9909512277277218,0.5715798062370258,NS
GENE_0216,-0.28152941135326515,0.2703726517891113,0.9921964714859766,0.5680372394232539,NS
GENE_1942,-0.36870708695833354,0.2703735384799286,0.9921964714859766,0.5680358151508834,NS
GENE_0516,-0.49819649071509087,0.26963968081598455,0.9921964714859766,0.5692161956258833,NS
GENE_1336,-0.27668576815509205,0.2711085970328523,0.9926172889074683,0.5668567104360039,NS
GENE_1230,0.3743318878499666,0.2718448567561874,0.9930405726253422,0.5656788793388831,NS
GENE_1574,0.34053801963206,0.28762273484217904,0.994949564433311,0.5411767885733341,NS
GENE_1553,0.2855647148700955,0.2853316612452419,0.994949564433311,0.5446500350685342,NS
GENE_1309,0.3475170696661234,0.28456982817100596,0.994949564433311,0.545811148360908,NS
GENE_1087,0.3428081397024174,0.2733215357170409,0.994949564433311,0.5633261477636234,NS
GENE_0621,-0.40482132299184226,0.2841904298751414,0.994949564433311,0.5463905510475265,NS
GENE_1121,0.45073472675764314,0.2853318284222456,0.994949564433311,0.5446497806136706,NS
GENE_1096,-0.5985157506391126,0.28267404300853494,0.994949564433311,0.5487140694578585,NS
GENE_1114,0.4390541763846372,0.2748035785834636,0.994949564433311,0.5609776160486887,NS
GENE_0034,-0.3888078700369846,0.2857123131287227,0.994949564433311,0.5440710427512141,NS
GENE_0230,0.4483606910651572,0.28305262457942904,0.994949564433311,0.5481328138050762,NS
GENE_1303,-0.43360247845123023,0.28571281471583254,0.994949564433311,0.5440702803188204,NS
GENE_0394,-0.54569331620129,0.27629009959639694,0.994949564433311,0.5586346770367593,NS
GENE_0161,-0.4725059120519237,0.27890760563194883,0.994949564433311,0.5545396426398309,NS
GENE_1279,0.4186416011402532,0.2876229021273994,0.994949564433311,0.541176535981942,NS
GENE_1220,0.31450873051384765,0.2770368320426658,0.994949564433311,0.5574624876521254,NS
GENE_0169,0.4009249906181207,0.2887711841627797,0.994949564433311,0.5394461462252361,NS
GENE_0204,0.4454368207195847,0.2891571613791529,0.994949564433311,0.5388660473204936,NS
GENE_1813,0.30427956976269677,0.28456982817100596,0.994949564433311,0.545811148360908,NS
GENE_0635,-0.369189182980298,0.288388841925849,0.994949564433311,0.5400215469476765,NS
GENE_1262,-0.23520803732720452,0.289157217163431,0.994949564433311,0.5388659635362923,NS
GENE_1410,-0.3774011519055387,0.2868576685752531,0.994949564433311,0.5423335356180402,NS
GENE_0810,0.4253196781158701,0.2864753166831612,0.994949564433311,0.5429127918121459,NS
GENE_1482,-0.48625929615765084,0.27703649861766133,0.994949564433311,0.5574630103433706,NS
GENE_0815,-0.47474710118502195,0.2891569940262464,0.994949564433311,0.538866298673303,NS
GENE_1079,0.37755058546465126,0.2762909884774928,0.994949564433311,0.5586332798258764,NS
GENE_1935,0.3637001363080117,0.2740616783180101,0.994949564433311,0.5621516870382041,NS
GENE_1477,-0.287703096665175,0.28762273484217904,0.994949564433311,0.5411767885733341,NS
GENE_0700,-0.33835081860703387,0.2918534625202137,0.9955967459134742,0.5348351498970727,NS
GENE_0683,0.23261303180542203,0.3008397372572451,0.9955967459134742,0.5216647992913879,NS
GENE_1552,-0.3258670956900165,0.3160830966155479,0.9955967459134742,0.5001987285921841,NS
GENE_0674,-0.3171571068123633,0.3437425458795048,0.9955967459134742,0.4637667108154956,NS
GENE_0709,-0.3404260648114503,0.37380770357258764,0.9955967459134742,0.4273517527576372,NS
GENE_0647,-0.42340095509595255,0.35946218715500655,0.9955967459134742,0.4443467875443226,NS
GENE_0648,-0.28339072193896353,0.30799810516523995,0.9955967459134742,0.5114519553138795,NS
GENE_0672,-0.23498820074147986,0.3756226328405615,0.9955967459134742,0.42524824755174434,NS
GENE_1003,-0.3985930285549122,0.3352021828917878,0.9955967459134742,0.47469316183540305,NS
GENE_1471,0.3770179162465883,0.3729008478194,0.9955967459134742,0.4284066292349156,NS
GENE_1205,0.40247120165737904,0.3079970419147321,0.9955967459134742,0.5114534545589,NS
GENE_0874,0.3809457521795627,0.35329612566640034,0.9955967459134742,0.4518611251208558,NS
GENE_0881,-0.3876445735726488,0.29612840831853904,0.9955967459134742,0.5285199276860947,NS
GENE_1442,-0.39324231214712224,0.3185349427959909,0.9955967459134742,0.49684291927497887,NS
GENE_0886,-0.33907559573234014,0.3603483098737237,0.9955967459134742,0.44327751055260856,NS
GENE_0895,-0.3935882259901131,0.29965697183726137,0.9955967459134742,0.523375613528223,NS
GENE_0896,-0.29828181379968655,0.36123602547406974,0.9955967459134742,0.4422089447250536,NS
GENE_1308,0.43190279419400834,0.30639774053300106,0.9955967459134742,0.513714441642788,NS
GENE_1431,-0.18481639123209082,0.35946196483536086,0.9955967459134742,0.4443470561462191,NS
GENE_1430,0.3080612114409744,0.3792765680214989,0.9955967459134742,0.4210439874931194,NS
GENE_1427,0.3953233207066571,0.32347703745261447,0.9955967459134742,0.4901565430063133,NS
GENE_0912,0.3710967671935803,0.3201771203445303,0.9955967459134742,0.4946097057182125,NS
GENE_1299,-0.3253070034846939,0.34633168222869626,0.9955967459134742,0.46050777761679357,NS
GENE_0919,-0.4799772803556772,0.31608304063448345,0.9955967459134742,0.5001988055095195,NS
GENE_1331,0.29975619761428085,0.3318248632787484,0.9955967459134742,0.47909107587581823,NS
GENE_1052,-0.3394634845551119,0.31040914488289495,0.9955967459134742,0.5080654925888632,NS
GENE_1335,-0.47135037033596205,0.3120231463126829,0.9955967459134742,0.505813188215474,NS
GENE_1046,0.4026654196895736,0.35329595860703034,0.9955967459134742,0.451861330481103,NS
GENE_0952,0.3368273713561578,0.36883655092485357,0.9955967459134742,0.4331660478179389,NS
GENE_0955,0.33489344684529065,0.37109122866569577,0.9955967459134742,0.43051931077411326,NS
GENE_1345,-0.4618761500195028,0.35023835469939846,0.9955967459134742,0.4556362959390337,NS
GENE_0975,-0.3117186080128329,0.3226499030947845,0.9955967459134742,0.491268460993573,NS
GENE_1382,-0.3932807617572518,0.34417284544653337,0.9955967459134742,0.463223397628278,NS
GENE_0988,-0.26370414133476583,0.3559305209293032,0.9955967459134742,0.44863476978527006,NS
GENE_1014,-0.43288163271198066,0.31526833371000507,0.9955967459134742,0.5013196486166701,NS
GENE_1072,-0.3335704525297061,0.37018758058083034,0.9955967459134742,0.4315781554796278,NS
GENE_0722,-0.37959308228753574,0.32679971652320816,0.9955967459134742,0.48571832886073546,NS
GENE_1294,0.25302908438013727,0.3783626429998057,0.9955967459134742,0.42209174948995987,NS
GENE_0841,-0.3448549608940832,0.3120231463126829,0.9955967459134742,0.505813188215474,NS
GENE_1243,-0.36618417638109335,0.3783620914087108,0.9955967459134742,0.4220923826210256,NS
GENE_1535,0.21375098034266227,0.3756257256608492,0.9955967459134742,0.42524467165099394,NS
GENE_1530,0.17619960604711604,0.36748748757053906,0.9955967459134742,0.4347574434412295,NS
GENE_1191,-0.3034801338016795,0.34633173801650596,0.9955967459134742,0.46050770765976334,NS
GENE_0748,0.3908002212217472,0.2941810243040588,0.9955967459134742,0.5313853442047486,NS
GENE_0754,0.48874279663543785,0.3394553621928489,0.9955967459134742,0.4692173266202518,NS
GENE_0757,0.37737829019247293,0.30321340442616296,0.9955967459134742,0.5182516033709988,NS
GENE_1517,-0.422424011806215,0.2980860262039726,0.9955967459134742,0.5256583825207076,NS
GENE_0767,-0.2762393445358793,0.35769361052094906,0.9955967459134742,0.4464888175817491,NS
GENE_1504,0.2947145701692566,0.3394551387221164,0.9955967459134742,0.4692176125257013,NS
GENE_1501,0.41913233271394645,0.3197663100513265,0.9955967459134742,0.4951672945908567,NS
GENE_1289,-0.31850434518365134,0.33098370248970144,0.9955967459134742,0.4801933901911863,NS
GENE_1500,-0.3804579331891942,0.37973514339719905,0.9955967459134742,0.42051920829290507,NS
GENE_1174,-0.2669586991604662,0.3234744627021312,0.9955967459134742,0.4901599998339948,NS
GENE_1173,0.3965673037314854,0.3403100324853643,0.9955967459134742,0.4681252475283194,NS
GENE_1495,-0.3315061519612055,0.34633168222869626,0.9955967459134742,0.46050777761679357,NS
GENE_1261,0.22634475177827262,0.33098280748630504,0.9955967459134742,0.48019456455584214,NS
GENE_1162,-0.2971714748438581,0.37289996309837337,0.9955967459134742,0.4284076596158277,NS
GENE_1488,0.46410336963209975,0.3251357838726088,0.9955967459134742,0.4879352301864615,NS
GENE_1154,0.31324582664963074,0.333509757778087,0.9955967459134742,0.4768914550392328,NS
GENE_1271,-0.27754562831111507,0.35593029835795376,0.9955967459134742,0.4486350413594494,NS
GENE_0821,0.3740531029488494,0.3594616313554758,0.9955967459134742,0.4443474590498786,NS
GENE_1475,0.3010383565762984,0.35285776946370706,0.9955967459134742,0.45240031553162724,NS
GENE_0836,0.37138221277947636,0.30162959884967744,0.9955967459134742,0.520526043484112,NS
GENE_0789,0.41047986679454507,0.31689918440610243,0.9955967459134742,0.49907887853890426,NS
GENE_0929,-0.4000901376878012,0.3639075579092408,0.9955967459134742,0.439008924561628,NS
GENE_0598,-0.45807255843100947,0.35549055059032,0.9955967459134742,0.4491719389033383,NS
GENE_0312,-0.33798374783973095,0.3210001124282026,0.9955967459134742,0.4934948154862823,NS
GENE_0226,0.34359353326690467,0.3420236739737623,0.9955967459134742,0.4659438321885047,NS
GENE_0236,-0.3405028817261426,0.3498029047098359,0.9955967459134742,0.4561765885273949,NS
GENE_0269,-0.38566203616677974,0.2949591679893455,0.9955967459134742,0.5302381004431175,NS
GENE_1820,-0.24463232135087498,0.380193507345708,0.9955967459134742,0.4199953039566575,NS
GENE_0286,0.19467281130095504,0.3756226328405615,0.9955967459134742,0.42524824755174434,NS
GENE_1787,0.2719246973658622,0.3484986172693567,0.9955967459134742,0.4577989407036465,NS
GENE_0347,0.2549694158350313,0.30719703687135014,0.9955967459134742,0.5125829776920496,NS
GENE_0364,0.20709980924978044,0.36257033432356667,0.9955967459134742,0.44060773296702777,NS
GENE_1766,0.300637248710637,0.3059979385136079,0.9955967459134742,0.514281499319663,NS
GENE_0378,-0.39193418802378055,0.33817390109228085,0.9955967459134742,0.47085991255428783,NS
GENE_0382,0.236842136443161,0.37562567043230466,0.9955967459134742,0.42524473550565633,NS
GENE_0386,-0.3883565612352582,0.3071972606979503,0.9955967459134742,0.5125826612611917,NS
GENE_1743,-0.3766637795202046,0.35681132402426086,0.9955967459134742,0.4475613709909577,NS
GENE_1740,0.4231911641817394,0.36123619211327396,0.9955967459134742,0.44220874438382224,NS
GENE_0410,-0.3407708099578821,0.344604158988566,0.9955967459134742,0.4626794854054456,NS
GENE_1730,0.3152130561562849,0.3719953560076288,0.9955967459134742,0.42946248181931224,NS
GENE_1727,-0.251996495106245,0.3639073914285913,0.9955967459134742,0.4390091232429755,NS
GENE_1723,-0.3494316318113144,0.3343557280957584,0.9955967459134742,0.475791232179737,NS
GENE_1697,-0.2294862841789227,0.37380770357258764,0.9955967459134742,0.4273517527576372,NS
GENE_1693,-0.33636374767381305,0.3008350403480101,0.9955967459134742,0.5216715798374194,NS
GENE_0468,-0.3716203199461079,0.3546117507741112,0.9955967459134742,0.45024687727486506,NS
GENE_0473,0.2263450518013519,0.3484981154426797,0.9955967459134742,0.4577995660740291,NS
GENE_1675,0.28288083083123094,0.3581346843489167,0.9955967459134742,0.4459536167375977,NS
GENE_1674,0.2782339441568036,0.31242773349386355,0.9955967459134742,0.5052504217577606,NS
GENE_0517,0.39233411675782826,0.29534909168348267,0.9955967459134742,0.5296643604332799,NS
GENE_0522,0.4425161448609529,0.35769355490891186,0.9955967459134742,0.4464888851032313,NS
GENE_1657,-0.194760324277941,0.3603474208583082,0.9955967459134742,0.44327858200196735,NS
GENE_0532,0.36640417318309826,0.30480228114413266,0.9955967459134742,0.5159817870548713,NS
GENE_1651,-0.4235919684031737,0.32930423349371496,0.9955967459134742,0.4824026860170894,NS
GENE_1853,-0.3059120440966714,0.31935461339896387,0.9955967459134742,0.4957268056395771,NS
GENE_1855,0.23557288518773767,0.3364741153428449,0.9955967459134742,0.473048340046718,NS
GENE_0201,0.2467968382044985,0.330144145222554,0.9955967459134742,0.4812964001025672,NS
GENE_1864,0.16430051345679608,0.30559937673700743,0.9955967459134742,0.514847535829183,NS
GENE_1992,-0.22713756918803973,0.3201771203445303,0.9955967459134742,0.4946097057182125,NS
GENE_0011,0.2650301367990746,0.3541729214169981,0.9955967459134742,0.4507846462197084,NS
GENE_0013,0.22887278518077991,0.34417334778273634,0.9955967459134742,0.46322276375583665,NS
GENE_1989,0.27701975488865305,0.37018813416413754,0.9955967459134742,0.43157750603051487,NS
GENE_1986,0.3728483126281361,0.3661431073249487,0.9955967459134742,0.43634913708063594,NS
GENE_0030,-0.3403599290439905,0.3140483585995457,0.9955967459134742,0.5030034721310203,NS
GENE_0040,-0.2868228131279018,0.35946196483536086,0.9955967459134742,0.4443470561462191,NS
GENE_0043,0.22127145944977578,0.369286183403457,0.9955967459134742,0.4326369408837836,NS
GENE_0044,-0.42562966111992306,0.3360502403196818,0.9955967459134742,0.47359578968598315,NS
GENE_1956,0.4777346721744351,0.29379191063298293,0.9955967459134742,0.5319601663940384,NS
GENE_1955,0.40395518788989815,0.3738078693920661,0.9955967459134742,0.4273515601065285,NS
GENE_1954,-0.40081053420408796,0.36928706946215706,0.9955967459134742,0.43263589884657855,NS
GENE_1940,0.34341472478610413,0.30880038594585124,0.9955967459134742,0.5103221655446928,NS
GENE_1939,0.3353533509662716,0.339027957159416,0.9955967459134742,0.4697644872263157,NS
GENE_0537,-0.40482400025981224,0.30559960052949875,0.9955967459134742,0.5148472177925119,NS
GENE_0089,0.47585505743539347,0.340308971164633,0.9955967459134742,0.4681266019593143,NS
GENE_1931,-0.2408358629778906,0.3301443130508446,0.9955967459134742,0.48129617932966223,NS
GENE_1926,-0.32516097287682033,0.37199447094384386,0.9955967459134742,0.429463515108489,NS
GENE_1923,-0.4622080924610037,0.30361023205707505,0.9955967459134742,0.5176835962447861,NS
GENE_0110,-0.42778885897997476,0.32679988440382024,0.9955967459134742,0.4857181057589363,NS
GENE_1918,-0.4015226188568324,0.34719636466713544,0.9955967459134742,0.4594248307687842,NS
GENE_0122,0.35981407844993374,0.35946218715500655,0.9955967459134742,0.4443467875443226,NS
GENE_1912,-0.43053345223258344,0.378362422363538,0.9955967459134742,0.42209200274208,NS
GENE_0135,0.3437747861664082,0.29573919231414214,0.9955967459134742,0.5290911175507313,NS
GENE_1905,0.20860445032176855,0.29573919231414214,0.9955967459134742,0.5290911175507313,NS
GENE_1897,0.44030242382793805,0.37109122866569577,0.9955967459134742,0.43051931077411326,NS
GENE_0146,-0.3656040499864641,0.36123602547406974,0.9955967459134742,0.4422089447250536,NS
GENE_0154,0.22359499791751603,0.32596705997842557,0.9955967459134742,0.48682628457131316,NS
GENE_1887,0.3226106549610712,0.29534925927114264,0.9955967459134742,0.5296641140049774,NS
GENE_0190,0.24752967551199045,0.29847842724784146,0.9955967459134742,0.5250870523596938,NS
GENE_1932,-0.307667917559602,0.378362422363538,0.9955967459134742,0.42209200274208,NS
GENE_0539,-0.3391112986602689,0.33435595175009425,0.9955967459134742,0.4757909416753333,NS
GENE_1227,-0.3553018040027389,0.31445506361499154,0.9955967459134742,0.5024414075109038,NS
GENE_0626,0.22634299601894448,0.3792765680214989,0.9955967459134742,0.4210439874931194,NS
GENE_0620,0.30395361861375303,0.34116507534970364,0.9955967459134742,0.46703543342251885,NS
GENE_0629,-0.48598839948587713,0.3594616313554758,0.9955967459134742,0.4443474590498786,NS
GENE_0587,-0.32211325753312625,0.3181253454165086,0.9955967459134742,0.49740172876741057,NS
GENE_0606,0.2670266752431134,0.34806459819072044,0.9955967459134742,0.4583401467596142,NS
GENE_0625,-0.3946808908358195,0.300051198993893,0.9955967459134742,0.5228046334691522,NS
GENE_0568,0.2900819447156264,0.35946196483536086,0.9955967459134742,0.4443470561462191,NS
GENE_1609,0.4711488827067658,0.3008395135968974,0.9955967459134742,0.5216651221692491,NS
GENE_0577,0.4155872520551034,0.2976940816005078,0.9955967459134742,0.5262297993935543,NS
GENE_1226,0.3230565641920293,0.36079027417003084,0.9955967459134742,0.4427451782565331,NS
GENE_0612,0.3172024146196435,0.3104089210030958,0.9955967459134742,0.5080658058199585,NS
GENE_1606,-0.275723281551584,0.3437416527527615,0.9955967459134742,0.4637678392196598,NS
GENE_0571,0.2683501937668522,0.37380770357258764,0.9955967459134742,0.4273517527576372,NS
GENE_1879,-0.4685600543936479,0.4790849141678164,0.9990291369142028,0.3195875043596042,NS
GENE_1875,0.18497290239104558,0.7120600475810943,0.9990291369142028,0.1474833810351869,NS
GENE_1321,0.14703270032692206,0.7993221601506227,0.9990291369142028,0.09727814662260936,NS
GENE_1874,0.028501917189328374,0.7246898098609298,0.9990291369142028,0.139847845418692,NS
GENE_1323,-0.20089309825340518,0.47333353868041794,0.9990291369142028,0.3248327219258601,NS
GENE_1532,-0.0015534585704948256,0.9811327571443735,0.9990291369142028,0.008272224226207896,NS
GENE_1325,-0.2989082531720637,0.42871643336917,0.9990291369142028,0.36782986898583764,NS
GENE_1327,0.03430651552634156,0.8545792560258128,0.9990291369142028,0.06824765341311564,NS
GENE_1873,0.08291344247956633,0.8334292448602201,0.9990291369142028,0.07913126430761126,NS
GENE_1329,0.06756770312580329,0.7057752322320079,0.9990291369142028,0.15133358640351463,NS
GENE_1330,-0.17709592812004438,0.647722556104181,0.9990291369142028,0.18861097893651801,NS
GENE_1872,0.1447240330475239,0.7876007072142328,0.9990291369142028,0.10369390256553324,NS
GENE_1332,0.19479374370986413,0.6562445278964559,0.9990291369142028,0.18293430494108281,NS
GENE_1871,-0.0342485919082689,0.7739868767586099,0.9990291369142028,0.1112664028825305,NS
GENE_1324,0.23169700338133303,0.5572059492401777,0.9990291369142028,0.25398425529834767,NS
GENE_1326,0.20145713106867724,0.5303068610992798,0.9990291369142028,0.27547275395199916,NS
GENE_1882,0.14060476878048078,0.6356280385097204,0.9990291369142028,0.1967969536586855,NS
GENE_1880,0.2013744040099965,0.8811630033332623,0.9990291369142028,0.054943745503922815,NS
GENE_1301,0.1510567948880368,0.68083796863289,0.9990291369142028,0.16695623272965243,NS
GENE_1903,0.17218925282837105,0.7133199889445034,0.9990291369142028,0.14671560583118376,NS
GENE_1902,-0.3602391846121744,0.46348813358583285,0.9990291369142028,0.3339613803634182,NS
GENE_1898,0.2704121468113616,0.4522348898657701,0.9990291369142028,0.3446359349325931,NS
GENE_1304,-0.046858377376470806,0.8446514219412179,0.9990291369142028,0.0733224824830771,NS
GENE_1896,-0.021402405637972244,0.8705118626398375,0.9990291369142028,0.06022530628827064,NS
GENE_1894,0.19463841561896178,0.4912331317145606,0.9990291369142028,0.30871234944921544,NS
GENE_1306,-0.07040207662499487,0.5731980241452554,0.9990291369142028,0.24169531531637417,NS
GENE_1320,-0.14767019161834138,0.9400799445009338,0.9990291369142028,0.026835212379770424,NS
GENE_1892,0.3346486845091263,0.4376386622378131,0.9990291369142028,0.3588843181763505,NS
GENE_1889,0.19426753708916955,0.6428732355224305,0.9990291369142028,0.19187465466606798,NS
GENE_1610,0.3123606418054363,0.4785607955019654,0.9990291369142028,0.3200628823931926,NS
GENE_1562,0.4402222655038033,0.48276510756323987,0.9990291369142028,0.3162641266035908,NS
GENE_1886,-0.255731440103915,0.5419937398364001,0.9990291369142028,0.2660057296428093,NS
GENE_1312,-0.3576486664196752,0.39036281001707107,0.9990291369142028,0.4085315644011405,NS
GENE_1885,-0.0022415847429320124,0.882496690143739,0.9990291369142028,0.054286914784338884,NS
GENE_1314,-0.09769606968111777,0.5929047032305279,0.9990291369142028,0.22701510459016203,NS
GENE_1316,-0.10602925334743585,0.7876009470259472,0.9990291369142028,0.10369377032988714,NS
GENE_1891,0.01780550549768556,0.7424961843095641,0.9990291369142028,0.1293057738458463,NS
GENE_1870,0.33986863953463065,0.44515276586486796,0.9990291369142028,0.3514909238802948,NS
GENE_1560,0.05892682773854041,0.8864976563518852,0.9990291369142028,0.05232240821285384,NS
GENE_1868,-0.2789553098282864,0.4189273932443136,0.9990291369142028,0.3778612406273684,NS
GENE_1361,0.28967403628391963,0.589403104720205,0.9990291369142028,0.22958758080488978,NS
GENE_1849,-0.33003093512636816,0.3992786051935773,0.9990291369142028,0.3987239602672365,NS
GENE_1848,0.04717863627338392,0.798017444069278,0.9990291369142028,0.09798761519033901,NS
GENE_1362,0.08140873305877605,0.5600456765514457,0.9990291369142028,0.251776551091512,NS
GENE_1847,0.1683193596245589,0.7259567976422416,0.9990291369142028,0.13908922379557678,NS
GENE_1364,-0.06121831206776829,0.8281599889398127,0.9990291369142028,0.08188575548349204,NS
GENE_1365,0.30342433305264116,0.4073574016937488,0.9990291369142028,0.39002438814050483,NS
GENE_1366,0.32526024971637746,0.41311867297903704,0.9990291369142028,0.3839251744533891,NS
GENE_1844,-0.1776465093031092,0.5192970069691394,0.9990291369142028,0.2845841805062972,NS
GENE_1360,0.12898170545444732,0.7830554655052634,0.9990291369142028,0.10620747483894497,NS
GENE_1556,-0.1313306478044156,0.7610853614385598,0.9990291369142028,0.1185666311102361,NS
GENE_1839,-0.05717574693537841,0.813709308517106,0.9990291369142028,0.08953071581649077,NS
GENE_1833,-0.2609882389061333,0.6236291710615134,0.9990291369142028,0.2050735783216478,NS
GENE_1369,-0.1800041945749422,0.5975863090978397,0.9990291369142028,0.2235993609104807,NS
GENE_1832,-0.11841814004285389,0.7221577316980938,0.9990291369142028,0.14136793466782746,NS
GENE_1370,0.2812270544713673,0.4960310118290058,0.9990291369142028,0.30449117059612396,NS
GENE_1831,0.31637923693363224,0.6344238847152397,0.9990291369142028,0.19762047511547273,NS
GENE_1373,-0.36928331257503366,0.421850815241381,0.9990291369142028,0.37484110726676434,NS
GENE_1830,0.057328046932555665,0.7915028025171281,0.9990291369142028,0.10154754306875172,NS
GENE_1374,0.11847081042640806,0.8991857144202221,0.9990291369142028,0.04615060146112564,NS
GENE_1842,0.2444270948598044,0.4578414512990515,0.9990291369142028,0.339284890439326,NS
GENE_1869,0.18294001215203437,0.5122043159129636,0.9990291369142028,0.2905567664195463,NS
GENE_1557,-0.13308699698780924,0.670957907510896,0.9990291369142028,0.17330472440500105,NS
GENE_1358,0.3609041453566144,0.429702193371471,0.9990291369142028,0.3668324294980948,NS
GENE_1863,-0.34045350124740903,0.39410242876057355,0.9990291369142028,0.40439088867140605,NS
GENE_1559,0.2773311933521114,0.5766528780406521,0.9990291369142028,0.23908553609222905,NS
GENE_1339,-0.11814512738466476,0.95621893864566,0.9990291369142028,0.01944265902147432,NS
GENE_1340,-0.20301543508044073,0.7227902522280454,0.9990291369142028,0.14098771310075311,NS
GENE_1342,0.05559890906592102,0.8202702900596841,0.9990291369142028,0.08604301817815599,NS
GENE_1343,0.23863864343256402,0.4619458984783694,0.9990291369142028,0.3354088845480695,NS
GENE_1860,-0.21265336699927317,0.5755001250844018,0.9990291369142028,0.2399545776406888,NS
GENE_1859,0.2706364138021682,0.4707318868007643,0.9990291369142028,0.32722638212132793,NS
GENE_1346,0.09719261650102329,0.737394000019808,0.9990291369142028,0.13230040045500407,NS
GENE_1359,0.3556896053629801,0.4336601990296207,0.9990291369142028,0.36285043520655963,NS
GENE_1347,-0.0008768401579324347,0.9279914640175437,0.9990291369142028,0.03245601855175006,NS
GENE_1349,-0.046981292932564145,0.9340338256703599,0.9990291369142028,0.02963739567999339,NS
GENE_1350,-0.12640735501698508,0.6338217581705317,0.9990291369142028,0.1980328561977798,NS
GENE_1858,0.23176463531269764,0.6623581850572775,0.9990291369142028,0.1789070925457872,NS
GENE_1856,-0.2816706767539401,0.5447949747900964,0.9990291369142028,0.26376690702588224,NS
GENE_1558,-0.06082534712869592,0.5835922865377738,0.9990291369142028,0.23389045690233404,NS
GENE_1854,0.11073200494486635,0.8598844179674179,0.9990291369142028,0.0655599208638934,NS
GENE_1620,-0.24292798466206378,0.4040193864209948,0.9990291369142028,0.39359779525162153,NS
GENE_1356,-0.11493076303739436,0.8156764050576064,0.9990291369142028,0.08848210027894732,NS
GENE_1357,0.23261978702130648,0.47333302688279977,0.9990291369142028,0.32483319151227946,NS
GENE_1348,0.16591476773584102,0.7967134520070225,0.9990291369142028,0.09869784998254406,NS
GENE_1910,0.1201769168751543,0.6212407428439217,0.9990291369142028,0.20674006966586522,NS
GENE_1296,-0.35961298491033133,0.5116598967146755,0.9990291369142028,0.29101862117142824,NS
GENE_1297,-0.05527859925828338,0.9939350229109597,0.9990291369142028,0.0026420060590196795,NS
GENE_1247,0.036981648841980075,0.7733402064403148,0.9990291369142028,0.11162940999362778,NS
GENE_1972,0.06064049962074769,0.8123988796367012,0.9990291369142028,0.09023068419378662,NS
GENE_1249,-0.09340445595276137,0.9045357456881994,0.9990291369142028,0.043574265898264845,NS
GENE_1970,-0.3867736781591349,0.4547794056639519,0.9990291369142028,0.3421992102310318,NS
GENE_1252,0.1751628246947865,0.5425534393664253,0.9990291369142028,0.2655574790850577,NS
GENE_1967,-0.14476914762090676,0.9925872846190964,0.9990291369142028,0.0032312925631688724,NS
GENE_1965,-0.06191718084637543,0.8242127600875511,0.9990291369142028,0.08396066620949501,NS
GENE_1253,-0.12363896210898684,0.5391994292592431,0.9990291369142028,0.26825057617172116,NS
GENE_1254,-0.10898925795267811,0.9831538920007579,0.9990291369142028,0.0073784972078400485,NS
GENE_1963,-0.2618961456771114,0.5352994707574158,0.9990291369142028,0.27140318599681784,NS
GENE_1256,-0.2730399773732106,0.5459172564606425,0.9990291369142028,0.2628731774156286,NS
GENE_1958,-0.2923192568539559,0.4859303889649448,0.9990291369142028,0.31342594031320503,NS
GENE_1257,0.26628166539791387,0.6538050156124495,0.9990291369142028,0.18455175208777733,NS
GENE_1258,0.1517736475518321,0.4759418049251831,0.9990291369142028,0.32244614674371286,NS
GENE_1957,-0.07441006417513929,0.7234234233243704,0.9990291369142028,0.14060743356744124,NS
GENE_1580,-0.23599111235462988,0.7310292410196733,0.9990291369142028,0.13606525100451577,NS
GENE_1579,0.33962930249178935,0.4064018687698808,0.9990291369142028,0.39104430369022675,NS
GENE_1952,0.09263399605809752,0.8572313137868568,0.9990291369142028,0.0669019730053254,NS
GENE_1260,-0.056498934804081635,0.9912395651395237,0.9990291369142028,0.0038213715040270714,NS
GENE_1583,0.2526385768999697,0.40975257465551507,0.9990291369142028,0.3874783088857853,NS
GENE_1246,0.11253844434404225,0.5347440092988667,0.9990291369142028,0.2718540721010223,NS
GENE_1245,0.036718951659361565,0.8222410846568224,0.9990291369142028,0.0850008267602814,NS
GENE_1973,-0.013006584790320908,0.893172104226927,0.9990291369142028,0.049064849381948814,NS
GENE_1590,-0.05694354630754894,0.7323036301038393,0.9990291369142028,0.1353088130157386,NS
GENE_1592,-0.07246815671160434,0.6913953471312129,0.9990291369142028,0.16027354744625683,NS
GENE_1990,-0.10182910977467774,0.719628939756108,0.9990291369142028,0.14289137989615777,NS
GENE_1593,0.18930497659154089,0.45477909261338123,0.9990291369142028,0.3421995091807654,NS
GENE_1594,-0.1573037256093306,0.9804590391177324,0.9990291369142028,0.008570545246301263,NS
GENE_1988,0.08961982583579431,0.8705118626398375,0.9990291369142028,0.06022530628827064,NS
GENE_1987,0.03165988682296206,0.7095440503752345,0.9990291369142028,0.14902063721703382,NS
GENE_1597,0.018688751654178937,0.9454571037406317,0.9990291369142028,0.024358170712492813,NS
GENE_1984,0.14837942370518942,0.6308157346423613,0.9990291369142028,0.2000974824592939,NS
GENE_1951,0.2947908242720274,0.4306900699516737,0.9990291369142028,0.36583514127410366,NS
GENE_1980,-0.07629153932438104,0.942768274905927,0.9990291369142028,0.025595040344906752,NS
GENE_1978,-0.11632328157638572,0.9629491341904751,0.9990291369142028,0.016396652983287824,NS
GENE_1238,0.08717915766533668,0.649544542819646,0.9990291369142028,0.1873910616233173,NS
GENE_1584,-0.007445130170646408,0.937392323145655,0.9990291369142028,0.028078607492928835,NS
GENE_1977,-0.22478073117830988,0.4496990652195,0.9990291369142028,0.347078015190419,NS
GENE_1239,0.2710740504471554,0.6356272958171836,0.9990291369142028,0.19679746110555596,NS
GENE_1241,-0.07430194431039805,0.9508368598925894,0.9990291369142028,0.021893990871424438,NS
GENE_1242,-0.15166285540726232,0.8347479759586005,0.9990291369142028,0.07844462532070352,NS
GENE_1976,-0.16454564835193786,0.7701094487316538,0.9990291369142028,0.11344754807124414,NS
GENE_1974,-0.09386367022769537,0.9710289435307765,0.9990291369142028,0.01276782485166199,NS
GENE_1979,0.0354563753596997,0.9407519782130569,0.9990291369142028,0.026524859772795,NS
GENE_1911,0.3068362178513899,0.657465773398672,0.9990291369142028,0.1821268509157608,NS
GENE_1950,-0.021782086223307573,0.8045463191129926,0.9990291369142028,0.09444894776618472,NS
GENE_1945,0.016597402853691712,0.6519779168061997,0.9990291369142028,0.18576711404051935,NS
GENE_1284,-0.03212351244797862,0.8506056868853604,0.9990291369142028,0.07027171805430783,NS
GENE_1922,-0.38021339432461865,0.4976336567385703,0.9990291369142028,0.3030902544395628,NS
GENE_1602,-0.016245989441319608,0.9750699652502749,0.9990291369142028,0.010964220781513781,NS
GENE_1921,0.11143951745748382,0.5882399786039555,0.9990291369142028,0.23044546283290288,NS
GENE_1919,-0.23938080588238098,0.5247872683768853,0.9990291369142028,0.28001670972373655,NS
GENE_1285,0.08020292837327503,0.8420081450854326,0.9990291369142028,0.07468370737380799,NS
GENE_1286,-0.150167359258921,0.9885442101580075,0.9990291369142028,0.00500390318559534,NS
GENE_1287,-0.08506919538362645,0.722157824123361,0.9990291369142028,0.1413678790847059,NS
GENE_1288,0.027476558376156035,0.7020119109757088,0.9990291369142028,0.1536555191705646,NS
GENE_1917,-0.1378265921939814,0.7463289717963988,0.9990291369142028,0.12706969914459568,NS
GENE_1290,-0.2577747083764761,0.5999330149372419,0.9990291369142028,0.2218972377282657,NS
GENE_1291,-0.007702750139580772,0.7694638042373163,0.9990291369142028,0.11381180466905007,NS
GENE_1915,0.042617952561880834,0.5583408617930764,0.9990291369142028,0.2531005874426538,NS
GENE_1293,-0.37099248290041675,0.4126372180246394,0.9990291369142028,0.3844316031836016,NS
GENE_1604,0.17937850233678443,0.8373864304654467,0.9990291369142028,0.07707408096774818,NS
GENE_1913,0.1326521199020112,0.8439905572403977,0.9990291369142028,0.07366241233326702,NS
GENE_1295,-0.2263132284073297,0.5726231490524696,0.9990291369142028,0.2421310990274259,NS
GENE_1605,-0.4181587546927261,0.6416632972340435,0.9990291369142028,0.1926928013891753,NS
GENE_1375,-0.06478580122879052,0.6586877113270848,0.9990291369142028,0.18132043880931378,NS
GENE_1283,-0.028824709404308813,0.9642955217535507,0.9990291369142028,0.015789850123599423,NS
GENE_1569,0.1587541844708955,0.6684968148959629,0.9990291369142028,0.17490065762623458,NS
GENE_1571,0.010610228175367276,0.637435784687002,0.9990291369142028,0.19556355953836604,NS
GENE_1929,-0.13532156859593059,0.6093632087113474,0.9990291369142028,0.21512377055310672,NS
GENE_1264,0.32113304974223045,0.49656613061067867,0.9990291369142028,0.3040229057853128,NS
GENE_1944,-0.10671502198580196,0.9669886748092389,0.9990291369142028,0.01457861226307488,NS
GENE_1943,-0.05682562960563686,0.9723759148113182,0.9990291369142028,0.012165806918463171,NS
GENE_1941,-0.0613841758767002,0.6783626273538902,0.9990291369142028,0.168538086430981,NS
GENE_1266,0.19950068961711231,0.6452961064335471,0.9990291369142028,0.19024095531675048,NS
GENE_1267,0.10706191866289316,0.6970089469777494,0.9990291369142028,0.15676164715575275,NS
GENE_1578,0.29092991182748307,0.4547796143640377,0.9990291369142028,0.34219901093160504,NS
GENE_1270,0.22953464168470283,0.9052039180555301,0.9990291369142028,0.04325357492697102,NS
GENE_1577,-0.1396578269297537,0.6452959535752398,0.9990291369142028,0.19024105819282014,NS
GENE_1948,0.06680969699758688,0.8858301748067042,0.9990291369142028,0.052649530047148195,NS
GENE_1576,-0.047351164822655,0.8638669857922454,0.9990291369142028,0.06355312301136917,NS
GENE_1936,0.2299272591943593,0.4446502137167362,0.9990291369142028,0.3519814946089113,NS
GENE_1272,-0.03833738640099238,0.7234228403944076,0.9990291369142028,0.14060778351929515,NS
GENE_1273,0.11771690566088466,0.8019330655129446,0.9990291369142028,0.09586187921146967,NS
GENE_1933,0.18810717841454405,0.6075896956277413,0.9990291369142028,0.21638960013176448,NS
GENE_1275,-0.2415464362907187,0.7986697661335107,0.9990291369142028,0.09763275559495718,NS
GENE_1276,0.04989375706392085,0.8071617129251321,0.9990291369142028,0.0930394466964456,NS
GENE_1575,0.18517114680020175,0.6808378290946316,0.9990291369142028,0.16695632173864522,NS
GENE_1601,-0.20296379951534327,0.8387061896069381,0.9990291369142028,0.07639015190060541,NS
GENE_1280,0.15713848761060056,0.5526768851529322,0.9990291369142028,0.25752869872644646,NS
GENE_1938,-0.17015833022690074,0.8321112852833804,0.9990291369142028,0.07981858794904041,NS
GENE_1829,0.25875846334083796,0.7284933864667291,0.9990291369142028,0.1375743865625469,NS
GENE_1380,-0.18673691164600736,0.6392456554544288,0.9990291369142028,0.19433221491457908,NS
GENE_1533,-0.005737809443876252,0.7540175147363852,0.9990291369142028,0.12261856598033365,NS
GENE_1708,-0.10860538850957902,0.9831539231757895,0.9990291369142028,0.007378483436706025,NS
GENE_1705,0.001807015168093784,0.9414240401204681,0.9990291369142028,0.026214715782597174,NS
GENE_1702,0.13509214121425295,0.7444117246281408,0.9990291369142028,0.12818679526560675,NS
GENE_1700,-0.21143528518381327,0.7456908208493647,0.9990291369142028,0.12744120286483346,NS
GENE_1696,0.18710639892319225,0.6356279212427789,0.9990291369142028,0.19679703378163038,NS
GENE_1695,0.04224889409599886,0.6721899778146432,0.9990291369142028,0.17250796704096097,NS
GENE_1633,-0.3043367252601996,0.5812747432598191,0.9990291369142028,0.23561854699233,NS
GENE_1690,0.06384128199704087,0.6586874894431978,0.9990291369142028,0.18132058510468615,NS
GENE_1479,-0.1079335025904955,0.8268427212880742,0.9990291369142028,0.08257709234911775,NS
GENE_1545,0.18064483942098963,0.5743486391036035,0.9990291369142028,0.24082440363901936,NS
GENE_1688,-0.09995705706471547,0.5958287383197385,0.9990291369142028,0.22487855349981994,NS
GENE_1686,-0.3345470747250818,0.46917520639878163,0.9990291369142028,0.32866494627667303,NS
GENE_1685,-0.006960994599247705,0.8084701878867826,0.9990291369142028,0.09233598995049797,NS
GENE_1684,-0.2625549288795783,0.45071171364337115,0.9990291369142028,0.34610115480993503,NS
GENE_1483,-0.287874522868127,0.5336320698528589,0.9990291369142028,0.27275807837634025,NS
GENE_1484,0.036960797981396176,0.9360487779783505,0.9990291369142028,0.028701519365664275,NS
GENE_1485,0.13072135466522994,0.7643041717436259,0.9990291369142028,0.11673376993184911,NS
GENE_1682,0.0678872485210924,0.7591556722057874,0.9990291369142028,0.11966915869254131,NS
GENE_1679,0.1540173068972308,0.7746333991237386,0.9990291369142028,0.11090378188849101,NS
GENE_1710,-0.06204217090609543,0.9730493823247328,0.9990291369142028,0.011865118696785963,NS
GENE_1712,0.03977932401542539,0.9414240333566987,0.9990291369142028,0.026214718902835905,NS
GENE_1472,-0.02495736949645888,0.7585126392885619,0.9990291369142028,0.12003717805781282,NS
GENE_1714,-0.005063056149015921,0.7514524162335698,0.9990291369142028,0.12409851477296825,NS
GENE_1458,-0.34909477280297896,0.5116606781011437,0.9990291369142028,0.2910179579348243,NS
GENE_1629,0.12022246527984226,0.8439905750555057,0.9990291369142028,0.0736624031660993,NS
GENE_1737,0.12956204735720256,0.8705123674300219,0.9990291369142028,0.060225054450774265,NS
GENE_1461,0.11880429435478845,0.8400266791293449,0.9990291369142028,0.07570692058733243,NS
GENE_1736,-0.005208985545173128,0.9259782048418912,0.9990291369142028,0.03339923537885942,NS
GENE_1630,-0.04518202077003686,0.5280951275753734,0.9990291369142028,0.2772878394739946,NS
GENE_1732,0.07790605824303753,0.9602567257687982,0.9990291369142028,0.017612642294474685,NS
GENE_1465,-0.10110624540221558,0.8373863748208459,0.9990291369142028,0.0770741098267588,NS
GENE_1466,0.21743466977041592,0.7876001076813939,0.9990291369142028,0.10369423315678383,NS
GENE_1544,-0.2865372447434753,0.45528936838287204,0.9990291369142028,0.34171249093178707,NS
GENE_1467,-0.1166025354552307,0.9306764082537383,0.9990291369142028,0.031201294892426977,NS
GENE_1548,0.26203699587761164,0.6870402918120037,0.9990291369142028,0.16301779278250972,NS
GENE_1469,-0.08170174566700794,0.9494918178389774,0.9990291369142028,0.022508773404786676,NS
GENE_1631,0.11127217453811689,0.8169865961506104,0.9990291369142028,0.08778506863965141,NS
GENE_1632,-0.08221926829986259,0.9273202925363253,0.9990291369142028,0.03277023645328571,NS
GENE_1721,-0.19465527121315418,0.5436735621634725,0.9990291369142028,0.26466178541962876,NS
GENE_1720,0.17377662096848745,0.750170377020682,0.9990291369142028,0.12484008941278553,NS
GENE_1718,-0.3253520769784508,0.513288156572812,0.9990291369142028,0.2896387563790467,NS
GENE_1717,0.029009516718244477,0.7348474019751629,0.9990291369142028,0.13380283691677658,NS
GENE_1716,0.2404954818217302,0.46606835212094644,0.9990291369142028,0.33155038637417084,NS
GENE_1468,-0.14803304668643325,0.5203922386204134,0.9990291369142028,0.28366918933847324,NS
GENE_1543,0.042525152863445825,0.7265907253332551,0.9990291369142028,0.13871015004926926,NS
GENE_1673,-0.08831570960149993,0.9400799445009338,0.9990291369142028,0.026835212379770424,NS
GENE_1494,-0.2468376459307784,0.3829508252624265,0.9990291369142028,0.4168569902305978,NS
GENE_1516,-0.2175466010743694,0.4588670070524512,0.9990291369142028,0.33831316734384875,NS
GENE_1635,0.21467060741470956,0.5737716659114178,0.9990291369142028,0.2412609019634051,NS
GENE_1650,0.145053941286732,0.4954961499048326,0.9990291369142028,0.3049597157126759,NS
GENE_1519,-0.040720408150734855,0.9407519166431685,0.9990291369142028,0.0265248881962948,NS
GENE_1536,0.001413869798900791,0.9723759148113182,0.9990291369142028,0.012165806918463171,NS
GENE_1636,-0.076581414289417,0.7850026219902497,0.9990291369142028,0.10512889266367059,NS
GENE_1521,-0.07559882244024596,0.9434403883538017,0.9990291369142028,0.02528553569712867,NS
GENE_1522,-0.33439975056835003,0.4722924422256496,0.9990291369142028,0.32578900408656053,NS
GENE_1648,-0.19982417016003673,0.6152900365374924,0.9990291369142028,0.21092011743565395,NS
GENE_1652,0.08069928785841096,0.9320192502269866,0.9990291369142028,0.03057511749471258,NS
GENE_1523,-0.154464730012843,0.6740394834882286,0.9990291369142028,0.1713146628729484,NS
GENE_1524,0.12463613443629651,0.6034616960903872,0.9990291369142028,0.21935029094279862,NS
GENE_1525,0.10866145085645229,0.8163319028028639,0.9990291369142028,0.08813323064684715,NS
GENE_1643,-0.13956306565193177,0.6995093884058552,0.9990291369142028,0.1552064522865283,NS
GENE_1526,-0.12410499215007853,0.666653248486369,0.9990291369142028,0.176100000306141,NS
GENE_1639,0.2662797921274871,0.8045463191129926,0.9990291369142028,0.09444894776618472,NS
GENE_1638,0.06586250797944437,0.969682118371016,0.9990291369142028,0.013370613015605678,NS
GENE_1528,-0.02966064765252785,0.9642955877931543,0.9990291369142028,0.015789820381021773,NS
GENE_1637,0.04610433525258628,0.8891664183648698,0.9990291369142028,0.05101694790088536,NS
GENE_1531,0.23684219865902456,0.5686065732463572,0.9990291369142028,0.2451881240544399,NS
GENE_1647,-0.290178162188103,0.541433907527656,0.9990291369142028,0.26645454983806505,NS
GENE_1456,0.23174064943402417,0.419901330248892,0.9990291369142028,0.3768527495134339,NS
GENE_1514,0.16560200183728835,0.4131191593440172,0.9990291369142028,0.38392466315841123,NS
GENE_1512,0.09682577807976323,0.8691822683297549,0.9990291369142028,0.060889142044439015,NS
GENE_1669,-0.17420584786019777,0.6802184953960719,0.9990291369142028,0.16735156361286588,NS
GENE_1667,0.10587752691347596,0.5269906903184833,0.9990291369142028,0.2781970568539113,NS
GENE_1496,-0.2913265921205177,0.651368594227568,0.9990291369142028,0.1861731847985834,NS
GENE_1497,0.18223560232507197,0.41941419607950714,0.9990291369142028,0.3773568738834215,NS
GENE_1662,-0.13074466740072133,0.7811094449060727,0.9990291369142028,0.10728811082345983,NS
GENE_1634,-0.20779591621338867,0.43465263708117896,0.9990291369142028,0.36185768112259503,NS
GENE_1660,-0.05895325586154865,0.7694638042373163,0.9990291369142028,0.11381180466905007,NS
GENE_1542,-0.06740638264188004,0.8645306132634882,0.9990291369142028,0.06321962363238322,NS
GENE_1502,0.17820423188444856,0.8998543263837568,0.9990291369142028,0.045827790969884964,NS
GENE_1539,0.10727472028945328,0.8156764050576064,0.9990291369142028,0.08848210027894732,NS
GENE_1503,0.1789088206053302,0.6332206193826438,0.9990291369142028,0.19844495177193183,NS
GENE_1506,-0.24133219120968796,0.6170726610330772,0.9990291369142028,0.20966369426862705,NS
GENE_1540,-0.2332931464360266,0.647721264338118,0.9990291369142028,0.18861184505956274,NS
GENE_1508,0.17132284195368985,0.7597978743537019,0.9990291369142028,0.11930192578228432,NS
GENE_1656,0.23118857980984853,0.48171203822627784,0.9990291369142028,0.3172125003122694,NS
GENE_1509,-0.04172036880083407,0.9723758828690219,0.9990291369142028,0.01216582118492439,NS
GENE_1655,0.1826906891839446,0.38803625625708693,0.9990291369142028,0.41112769410488076,NS
GENE_1510,0.18727849008808306,0.7746335513159563,0.9990291369142028,0.11090369656266601,NS
GENE_1653,-0.021098922814870136,0.9400799445009338,0.9990291369142028,0.026835212379770424,NS
GENE_1511,0.1651823903645111,0.68083796863289,0.9990291369142028,0.16695623272965243,NS
GENE_1659,0.11307187743048175,0.6550243114655381,0.9990291369142028,0.18374258071143904,NS
GENE_1378,0.1785175485021222,0.5008543830264458,0.9990291369142028,0.3002885213191774,NS
GENE_1455,0.086985078533659,0.9710289770292264,0.9990291369142028,0.012767809869418886,NS
GENE_1742,0.1739570755822495,0.5847524742314492,0.9990291369142028,0.23302793190822021,NS
GENE_1405,0.09016342455126303,0.6489370935073375,0.9990291369142028,0.18779740068308703,NS
GENE_1406,0.32158209678028715,0.4598910896887659,0.9990291369142028,0.3373450047257844,NS
GENE_1807,-0.1912924068600974,0.7863010167413376,0.9990291369142028,0.10441116276071542,NS
GENE_1806,-0.23357906559062513,0.8393664880464952,0.9990291369142028,0.07604837411311412,NS
GENE_1798,0.06967019611361636,0.8765005137433947,0.9990291369142028,0.057247825017013386,NS
GENE_1408,0.09141518316929353,0.8321109791727255,0.9990291369142028,0.0798187477139602,NS
GENE_1797,0.07536274085476702,0.8758351210891012,0.9990291369142028,0.057577643536026665,NS
GENE_1409,-0.30441293114692236,0.594073400006446,0.9990291369142028,0.22615989298443792,NS
GENE_1589,-0.32481584133668484,0.41941419607950714,0.9990291369142028,0.3773568738834215,NS
GENE_1796,0.07549218591801754,0.504083223569606,0.9990291369142028,0.29749775610754725,NS
GENE_1795,0.24759072400434778,0.7393059771373456,0.9990291369142028,0.1311757826063872,NS
GENE_1416,0.14975218849855576,0.38943238064970953,0.9990291369142028,0.40956794045639144,NS
GENE_1417,0.10161598800346727,0.9152486809338062,0.9990291369142028,0.03846088835583536,NS
GENE_1418,0.034717169132068015,0.9548732449100442,0.9990291369142028,0.020054275211765855,NS
GENE_1794,-0.09253432858509036,0.8844966993893256,0.9990291369142028,0.05330378337571349,NS
GENE_1793,0.06023780195882278,0.6746557619805087,0.9990291369142028,0.1709177661417704,NS
GENE_1791,-0.21090106058456826,0.9199413789517221,0.9990291369142028,0.03623984614240507,NS
GENE_1419,0.1213883562597875,0.927320082931011,0.9990291369142028,0.03277033461833441,NS
GENE_1420,0.24035857965756957,0.7335751057191369,0.9990291369142028,0.134555415113736,NS
GENE_1404,0.27296794985813566,0.41167433558733724,0.9990291369142028,0.38544620674606556,NS
GENE_1810,0.13120888473111236,0.979111624238596,0.9990291369142028,0.00916779335784961,NS
GENE_1402,0.10034567573230824,0.7202608511945061,0.9990291369142028,0.142510190071643,NS
GENE_1812,0.040676625528731414,0.8931722147788513,0.9990291369142028,0.04906479562737287,NS
GENE_1828,-0.026679180285226423,0.6550243114655381,0.9990291369142028,0.18374258071143904,NS
GENE_1825,-0.0841292270081686,0.8998542572418243,0.9990291369142028,0.0458278243396872,NS
GENE_1821,0.21856752378686384,0.7013871907948008,0.9990291369142028,0.15404216976037965,NS
GENE_1383,-0.14332487461118237,0.6034610258184954,0.9990291369142028,0.2193507733189752,NS
GENE_1555,-0.0480016067170812,0.7746331201038724,0.9990291369142028,0.11090393831966244,NS
GENE_1621,-0.04078019930968502,0.8242125600619887,0.9990291369142028,0.08396077160704854,NS
GENE_1384,-0.030418501189859448,0.7837043917505344,0.9990291369142028,0.10584771951040019,NS
GENE_1385,-0.06463186563516832,0.7348472248704072,0.9990291369142028,0.1338029415856196,NS
GENE_1387,-0.19911199148730496,0.4223392293840492,0.9990291369142028,0.37433857684233685,NS
GENE_1790,0.14827659465658627,0.9212826357978356,0.9990291369142028,0.035607114279849465,NS
GENE_1388,0.24991726518040114,0.52699159851276,0.9990291369142028,0.27819630840914705,NS
GENE_1818,0.018483750576411495,0.7785173264407658,0.9990291369142028,0.1087317174646722,NS
GENE_1391,-0.05105220347625483,0.9683353495297785,0.9990291369142028,0.013974213736432697,NS
GENE_1817,0.41379968502974673,0.42674737020521136,0.9990291369142028,0.36982914650821247,NS
GENE_1816,0.027956417031251846,0.8958442024703517,0.9990291369142028,0.04776751253729108,NS
GENE_1396,0.22859244086683006,0.7553005225186838,0.9990291369142028,0.12188021485678113,NS
GENE_1397,-0.31678137650952287,0.4316786216491275,0.9990291369142028,0.36483945870929646,NS
GENE_1815,-0.21387677700492258,0.6236298135287124,0.9990291369142028,0.20507313090862006,NS
GENE_1399,0.030115251976725155,0.9481466863173063,0.9990291369142028,0.023124468431905448,NS
GENE_1400,0.3163299385188081,0.4796099566448202,0.9990291369142028,0.3191118095785698,NS
GENE_1389,0.21684239632219615,0.4507127088703544,0.9990291369142028,0.3461001958352805,NS
GENE_1421,-0.277588655052476,0.4316777692355461,0.9990291369142028,0.36484031628912933,NS
GENE_1789,-0.38089949779969245,0.3997511715515848,0.9990291369142028,0.39821025479212674,NS
GENE_1422,0.15216636965692754,0.5697527533377411,0.9990291369142028,0.24431356740866886,NS
GENE_1436,-0.03484138707308837,0.9797853546669543,0.9990291369142028,0.008869056444153478,NS
GENE_1759,0.018288180769145512,0.6513691967603203,0.9990291369142028,0.1861727830651704,NS
GENE_1758,-0.3233800534755309,0.6562439325722518,0.9990291369142028,0.18293469891942943,NS
GENE_1756,-0.06991055353082043,0.6920184899952023,0.9990291369142028,0.1598823015033463,NS
GENE_1628,0.1973731838319699,0.622435528071971,0.9990291369142028,0.20590562616418048,NS
GENE_1755,-0.11754469162972381,0.9172600332392977,0.9990291369142028,0.03750752911507099,NS
GENE_1754,0.04965601059296265,0.9656420111278916,0.9990291369142028,0.015183848125983581,NS
GENE_1551,-0.24753748994874947,0.5766530544103132,0.9990291369142028,0.23908540326299713,NS
GENE_1443,-0.4119478178716447,0.5171091076982497,0.9990291369142028,0.28641781305318725,NS
GENE_1760,-0.10234034109265622,0.6452959535752398,0.9990291369142028,0.19024105819282014,NS
GENE_1751,0.2433700072222953,0.41892545595550035,0.9990291369142028,0.37786324898442597,NS
GENE_1444,-0.02356765966085206,0.9306763282633058,0.9990291369142028,0.031201332219477095,NS
GENE_1445,0.18421093901466445,0.5917368049001086,0.9990291369142028,0.2278714175948462,NS
GENE_1749,0.1726565042086765,0.41990025476887993,0.9990291369142028,0.37685386185959513,NS
GENE_1447,-0.0464807079327052,0.9616029232850389,0.9990291369142028,0.017004225078615556,NS
GENE_1448,-0.24198013841415023,0.7412197402504497,0.9990291369142028,0.13005302301789853,NS
GENE_1747,-0.2343978643780824,0.5532417367343853,0.9990291369142028,0.25708506401156633,NS
GENE_1745,-0.17580775389338577,0.5894044396473077,0.9990291369142028,0.22958659718126567,NS
GENE_1451,0.19501235940833084,0.5720485478319853,0.9990291369142028,0.24256711253416474,NS
GENE_1452,-0.1972326207657753,0.8572313137868568,0.9990291369142028,0.0669019730053254,NS
GENE_1549,0.08373562958238523,0.9306760402954564,0.9990291369142028,0.031201466597953836,NS
GENE_1741,-0.05352947483742465,0.880497391362135,0.9990291369142028,0.05527192637326111,NS
GENE_1761,-0.31945566124047176,0.42576610097373246,0.9990291369142028,0.37082891956776526,NS
GENE_1762,0.3374293738612355,0.42185097632479784,0.9990291369142028,0.3748409414317744,NS
GENE_1624,-0.10042933881284632,0.9266491379888858,0.9990291369142028,0.03308467392392676,NS
GENE_1784,-0.0031402411879675185,0.792804595996275,0.9990291369142028,0.10083384085119246,NS
GENE_1782,-0.039525940651818026,0.9508369507710777,0.9990291369142028,0.021893949362701157,NS
GENE_1780,-0.13229969664060093,0.4650364457623416,0.9990291369142028,0.3325130093181855,NS
GENE_1426,-0.24395877187900172,0.5089474487447061,0.9990291369142028,0.2933270583281295,NS
GENE_1778,-0.1914300739346988,0.46917520639878163,0.9990291369142028,0.32866494627667303,NS
GENE_1777,-0.04605523444206838,0.985848985918722,0.9990291369142028,0.006189605956469366,NS
GENE_1554,-0.0012736149202838831,0.8110887856958691,0.9990291369142028,0.09093160321513727,NS
GENE_1773,0.22011684122717146,0.5303065756889875,0.9990291369142028,0.27547298768864764,NS
GENE_1435,0.10325328223014463,0.5094882078946623,0.9990291369142028,0.29286586328766934,NS
GENE_1772,0.14515471650727996,0.6022846847856305,0.9990291369142028,0.22019818015941406,NS
GENE_1771,0.26513654508065887,0.6932651290537637,0.9990291369142028,0.159100644082777,NS
GENE_1770,0.10732924748258643,0.8851636922984296,0.9990291369142028,0.052976408298586054,NS
GENE_1769,-0.15125230724177374,0.40927248155940055,0.9990291369142028,0.38798745522933326,NS
GENE_1768,-0.2378052029518658,0.5560718879671989,0.9990291369142028,0.2548690599839231,NS
GENE_1432,0.10731018592864139,0.8137094354402176,0.9990291369142028,0.08953064807485121,NS
GENE_1767,0.039817428587758386,0.8228981852756969,0.9990291369142028,0.08465389541747786,NS
GENE_1625,-0.23457420949940921,0.5526768851529322,0.9990291369142028,0.25752869872644646,NS
GENE_1627,0.256112276397614,0.5560720707277111,0.9990291369142028,0.2548689172472182,NS
GENE_1763,0.2725195295470879,0.4126372180246394,0.9990291369142028,0.3844316031836016,NS
GENE_1428,0.17023640218097214,0.8453127330657251,0.9990291369142028,0.07298258913563124,NS
GENE_1588,-0.29987576352862,0.5264400612561575,0.9990291369142028,0.2786510690132578,NS
GENE_1998,0.26171042139770595,0.39269753954854025,0.9990291369142028,0.40594181979869176,NS
GENE_1225,-0.07933868819301182,0.6034610258184954,0.9990291369142028,0.2193507733189752,NS
GENE_0414,0.1656071571723441,0.8745039492652888,0.9990291369142028,0.058238224904287275,NS
GENE_0412,-0.34450689021847136,0.5754994181369869,0.9990291369142028,0.2399551111306682,NS
GENE_0411,0.4874511607903296,0.43465279651025646,0.9990291369142028,0.3618575218249169,NS
GENE_0409,0.08191253174933344,0.9468019421384619,0.9990291369142028,0.02374085989044956,NS
GENE_0408,-0.03153378139133878,0.9636223949045709,0.9990291369142028,0.016093115408377212,NS
GENE_0407,0.03803529913245818,0.8598843698454285,0.9990291369142028,0.06555994516845642,NS
GENE_0405,0.402560752376937,0.4386363377671908,0.9990291369142028,0.3578953930915189,NS
GENE_0404,-0.013510835719958258,0.9791117087908969,0.9990291369142028,0.009167755853855953,NS
GENE_0403,-0.1311844649750986,0.7915023548390314,0.9990291369142028,0.10154778870803617,NS
GENE_0400,-0.3110979969041985,0.4502058041073834,0.9990291369142028,0.3465889103227036,NS
GENE_0399,-0.09698829329670033,0.9387360041523887,0.9990291369142028,0.027456524943512632,NS
GENE_0396,-0.22427002349575087,0.8078158722663213,0.9990291369142028,0.09268761790289887,NS
GENE_0392,0.17640862666163848,0.6882839916540551,0.9990291369142028,0.16223233129932144,NS
GENE_0390,-0.23066954851641697,0.7559428287877624,0.9990291369142028,0.12151104852111703,NS
GENE_0388,0.13316736148220176,0.8539170534805284,0.9990291369142028,0.06858431311102729,NS
GENE_0415,-0.18921690033924676,0.8453127153976895,0.9990291369142028,0.0729825982128995,NS
GENE_0387,0.05082948538933163,0.9845014378161421,0.9990291369142028,0.006783645259575004,NS
GENE_0417,0.2302987284796867,0.39129634593476215,0.9990291369142028,0.40749420767759487,NS
GENE_0425,0.22118968802805128,0.7668829855624402,0.9990291369142028,0.11527089759132186,NS
GENE_0455,0.19996728241006334,0.5882395901879802,0.9990291369142028,0.23044574959846892,NS
GENE_0452,-0.06831826375125427,0.9427682088149107,0.9990291369142028,0.025595070790314617,NS
GENE_0450,-0.2939451462356786,0.6218386973452811,0.9990291369142028,0.20632225508056481,NS
GENE_0449,-0.01683254423628444,0.8084701878867826,0.9990291369142028,0.09233598995049797,NS
GENE_0447,0.1853477542068731,0.5347435367483941,0.9990291369142028,0.2718544558849446,NS
GENE_0445,-0.15007850417916035,0.6058189020152389,0.9990291369142028,0.21765718047023208,NS
GENE_0444,-0.22174615784013252,0.6081800580120007,0.9990291369142028,0.2159678243058872,NS
GENE_0443,0.17913209282042608,0.9145794045185566,0.9990291369142028,0.03877858275487029,NS
GENE_0439,-0.16992581917176697,0.6574656621158639,0.9990291369142028,0.18212692442455095,NS
GENE_0437,0.0021922272300853862,0.9461293489738641,0.9990291369142028,0.024049485474077387,NS
GENE_0435,-0.23849457442871724,0.5447935323687428,0.9990291369142028,0.26376805688315463,NS
GENE_0434,0.19375094431269702,0.4396356904409183,0.9990291369142028,0.3569070579856613,NS
GENE_0429,0.1257272126402551,0.5560711569229055,0.9990291369142028,0.2548696309329644,NS
GENE_0428,0.034617405527828105,0.7850021610561325,0.9990291369142028,0.10512914767071997,NS
GENE_0427,-0.33866378980309175,0.4780368382345854,0.9990291369142028,0.3205386347151865,NS
GENE_0421,-0.33596366782773757,0.5314135858245608,0.9990291369142028,0.2745673468523183,NS
GENE_0383,0.11279522609801873,0.7057752322320079,0.9990291369142028,0.15133358640351463,NS
GENE_0381,0.11742222309593231,0.85855766620921,0.9990291369142028,0.06623052953582874,NS
GENE_0379,0.14495552132694112,0.6416632972340435,0.9990291369142028,0.1926928013891753,NS
GENE_0338,0.25038419376918064,0.4179558591141148,0.9990291369142028,0.3788695822331539,NS
GENE_0336,-0.14088842512345678,0.9360487779783505,0.9990291369142028,0.028701519365664275,NS
GENE_0333,0.0760326900009689,0.8334294157360101,0.9990291369142028,0.07913117526537335,NS
GENE_0331,0.09784312151458163,0.9414240401204681,0.9990291369142028,0.026214715782597174,NS
GENE_0327,-0.3441197305218493,0.4311842613800776,0.9990291369142028,0.3653370996778321,NS
GENE_0326,0.06238517749828443,0.9777644051667737,0.9990291369142028,0.009765776973013209,NS
GENE_0325,-0.30762968908008226,0.38479582604353624,0.9990291369142028,0.41476964748685297,NS
GENE_0324,-0.024996698436440923,0.7668829855624402,0.9990291369142028,0.11527089759132186,NS
GENE_0323,-0.08570197776298638,0.8506056868853604,0.9990291369142028,0.07027171805430783,NS
GENE_0322,0.07759561657032155,0.8281599106682089,0.9990291369142028,0.08188579652982085,NS
GENE_0319,0.10236005239769685,0.858557358611453,0.9990291369142028,0.06623068513170507,NS
GENE_0318,-0.009867822301345974,0.8143650044275886,0.9990291369142028,0.08918089747114682,NS
GENE_0317,0.3566672063769243,0.43068905688439585,0.9990291369142028,0.3658361628208648,NS
GENE_0314,-0.3081267711160107,0.3829511554802385,0.9990291369142028,0.41685661573940397,NS
GENE_0313,-0.007223172516157561,0.7973651937583202,0.9990291369142028,0.09834272589536323,NS
GENE_0340,-0.05887593030140703,0.785002646249858,0.9990291369142028,0.10512887924229648,NS
GENE_0341,0.10754052029467598,0.9838276608163834,0.9990291369142028,0.0070809711942076085,NS
GENE_0346,-0.20853437147311382,0.6428732355224305,0.9990291369142028,0.19187465466606798,NS
GENE_0348,5.4468003485297345e-06,0.9038670564491916,0.9990291369142028,0.043895442197595474,NS
GENE_0377,0.17221732761129616,0.5492920822061221,0.9990291369142028,0.26019666108964273,NS
GENE_0375,-0.16117227022614156,0.8638669857922454,0.9990291369142028,0.06355312301136917,NS
GENE_0374,0.10959532861449528,0.8019331328193311,0.9990291369142028,0.0958618427610572,NS
GENE_0371,0.14883621762840704,0.7876007072142328,0.9990291369142028,0.10369390256553324,NS
GENE_0369,-0.0670138469948709,0.8985173598888073,0.9990291369142028,0.0464735276467346,NS
GENE_0368,0.38757532817313756,0.6672675838296542,0.9990291369142028,0.17569997286519148,NS
GENE_0367,0.3369755432493209,0.4426409402285234,0.9990291369142028,0.35394842029339396,NS
GENE_0456,0.2615357738560897,0.44767513281283977,0.9990291369142028,0.3490370288734361,NS
GENE_0365,-0.2342037588958732,0.44767513281283977,0.9990291369142028,0.3490370288734361,NS
GENE_0362,0.03064168181002369,0.9454572045341058,0.9990291369142028,0.02435812441314505,NS
GENE_0361,-0.01993957002621194,0.9293338595775847,0.9990291369142028,0.03182823937018652,NS
GENE_0359,-0.0005518010348932734,0.925307291425151,0.9990291369142028,0.033714015576801544,NS
GENE_0357,0.2191459003901164,0.6684961297428048,0.9990291369142028,0.17490110274187565,NS
GENE_0352,0.26282556332390783,0.7476099615235386,0.9990291369142028,0.12632492050096156,NS
GENE_0351,-0.08180088827685772,0.8678528212303459,0.9990291369142028,0.06155392038479704,NS
GENE_0349,0.0456501901626849,0.5864950900154389,0.9990291369142028,0.23173561933383469,NS
GENE_0363,-0.1684343156746504,0.7335751057191369,0.9990291369142028,0.134555415113736,NS
GENE_0307,-0.0007673680990993859,0.9642956043029979,0.9990291369142028,0.01578981294540348,NS
GENE_0457,-0.3175205310215281,0.5549392278571325,0.9990291369142028,0.2557545744474407,NS
GENE_0460,-0.16290135368500192,0.7578701794651732,0.9990291369142028,0.12040518113643707,NS
GENE_0580,0.037045574390177194,0.829476615909584,0.9990291369142028,0.08119585282778274,NS
GENE_0576,0.004050247954863195,0.7501709357464618,0.9990291369142028,0.12483976595102256,NS
GENE_0574,0.13201136594879692,0.8625389631346658,0.9990291369142028,0.06422127759708397,NS
GENE_0573,0.37500447780432733,0.4954961499048326,0.9990291369142028,0.3049597157126759,NS
GENE_0572,-0.20975761226154965,0.6876621051376863,0.9990291369142028,0.16262490758039702,NS
GENE_0566,0.028870333553971506,0.9791117087908969,0.9990291369142028,0.009167755853855953,NS
GENE_0564,-0.2191133163162604,0.49870743373939774,0.9990291369142028,0.30215415813427643,NS
GENE_0562,-0.06945604953307605,0.9407519166431685,0.9990291369142028,0.0265248881962948,NS
GENE_0556,0.3002811894672419,0.46606886792965707,0.9990291369142028,0.3315499057306091,NS
GENE_0555,-0.08116488518942155,0.728493265802682,0.9990291369142028,0.1375744584969462,NS
GENE_0551,0.2460524778337243,0.5391996170034741,0.9990291369142028,0.26825042495444446,NS
GENE_0549,-0.0042272081809136,0.8045463191129926,0.9990291369142028,0.09444894776618472,NS
GENE_0547,-0.1875065294596503,0.7348474019751629,0.9990291369142028,0.13380283691677658,NS
GENE_0546,0.423415148105196,0.5143812882782717,0.9990291369142028,0.288714838189004,NS
GENE_0545,0.284128632633986,0.4702129674062556,0.9990291369142028,0.3277053981899686,NS
GENE_0581,-0.21952290383528972,0.5325231439206309,0.9990291369142028,0.27366151266181094,NS
GENE_0544,0.28753995388840803,0.4466665806699136,0.9990291369142028,0.35001653996959864,NS
GENE_0582,-0.19036222869579333,0.6075896956277413,0.9990291369142028,0.21638960013176448,NS
GENE_0584,0.02692320524461067,0.9629491341904751,0.9990291369142028,0.016396652983287824,NS
GENE_0613,-0.2045269629417943,0.5731980685116159,0.9990291369142028,0.24169528170135113,NS
GENE_0610,0.03359298751864426,0.9642956001755391,0.9990291369142028,0.015789814804307103,NS
GENE_0609,-0.2423597470002603,0.48066052366928647,0.9990291369142028,0.3181615447251134,NS
GENE_0608,0.00757681605015037,0.987196556078081,0.9990291369142028,0.00559636838264718,NS
GENE_0603,-0.13909790444124415,0.6895279856651728,0.9990291369142028,0.1614481025507742,NS
GENE_0602,-0.02737671716315937,0.9562189588833577,0.9990291369142028,0.019442649829938777,NS
GENE_0600,0.1911726790968764,0.6611343229872244,0.9990291369142028,0.17971029572511138,NS
GENE_0597,-0.11514835675643376,0.9045360204461119,0.9990291369142028,0.04357413397884903,NS
GENE_0596,-0.3943650684089537,0.39129634593476215,0.9990291369142028,0.40749420767759487,NS
GENE_0595,0.09134550186343482,0.9656420111278916,0.9990291369142028,0.015183848125983581,NS
GENE_0594,0.1364430102078371,0.7221575468472828,0.9990291369142028,0.1413680458342582,NS
GENE_0591,0.1456779839479898,0.8084702096120334,0.9990291369142028,0.09233597828011535,NS
GENE_0590,-0.18036345652342156,0.44565822225242213,0.9990291369142028,0.350998076471711,NS
GENE_0589,0.01503931526882063,0.9092211672487629,0.9990291369142028,0.04133046217679994,NS
GENE_0585,0.20240258164203517,0.5686067074271162,0.9990291369142028,0.2451880215688918,NS
GENE_0583,-0.40399318068118806,0.3941007328824392,0.9990291369142028,0.4043927575056142,NS
GENE_0543,-0.17037994822145297,0.47856049020848823,0.9990291369142028,0.3200631594474687,NS
GENE_0542,-0.0679842488380471,0.7373941755576698,0.9990291369142028,0.13230029707049637,NS
GENE_0535,0.22255966310488962,0.7993221601506227,0.9990291369142028,0.09727814662260936,NS
GENE_0493,-0.014987074743411988,0.8711772791304001,0.9990291369142028,0.05989345978690749,NS
GENE_0490,-0.002294039422289451,0.8572307582979508,0.9990291369142028,0.06690225442976815,NS
GENE_0489,-0.27366740731798433,0.4928294494919706,0.9990291369142028,0.30730334838884565,NS
GENE_0488,0.08400205958092588,0.6697270075768653,0.9990291369142028,0.17410218724404916,NS
GENE_0481,0.3302256866562878,0.57204770314629,0.9990291369142028,0.24256775381296639,NS
GENE_0480,0.3619707896834141,0.5286463566448143,0.9990291369142028,0.27683475654233963,NS
GENE_0479,0.05714255537929347,0.6988843025165985,0.9990291369142028,0.15559471400747718,NS
GENE_0478,-0.18283159050593945,0.7393062386755529,0.9990291369142028,0.13117562896962023,NS
GENE_0475,0.044753807430161,0.922623968846945,0.9990291369142028,0.034975267045387136,NS
GENE_0474,0.2747730768616439,0.6995100497667349,0.9990291369142028,0.15520604167696453,NS
GENE_0471,-0.005561830178572258,0.9468017270718743,0.9990291369142028,0.02374095854069383,NS
GENE_0469,0.2950219729440038,0.45989207598718396,0.9990291369142028,0.33734407332374,NS
GENE_0465,-0.15268719205486825,0.8281599106682089,0.9990291369142028,0.08188579652982085,NS
GENE_0464,-0.06966039616720732,0.7361205438751167,0.9990291369142028,0.1330510616772742,NS
GENE_0462,-0.32226897947419975,0.4532516044481433,0.9990291369142028,0.3436606498871877,NS
GENE_0495,0.13698618397873208,0.518200887473535,0.9990291369142028,0.28550184757456865,NS
GENE_0496,-0.19958599417792033,0.5225876216891177,0.9990291369142028,0.28184088143567076,NS
GENE_0498,0.03248985017091233,0.9414240333566987,0.9990291369142028,0.026214718902835905,NS
GENE_0499,-0.3607103488529839,0.3988064296986471,0.9990291369142028,0.3992378484543319,NS
GENE_0534,-0.22007915048677074,0.6386427334941236,0.9990291369142028,0.1947420248824492,NS
GENE_0533,0.1179418404030077,0.750170377020682,0.9990291369142028,0.12484008941278553,NS
GENE_0529,-0.17278850704451987,0.5182023879019959,0.9990291369142028,0.2855005900953296,NS
GENE_0528,-0.36798937303867074,0.4901704658972359,0.9990291369142028,0.30965285971851114,NS
GENE_0527,0.3337102409267736,0.4006973672960983,0.9990291369142028,0.3971835110051169,NS
GENE_0525,0.22633667845372685,0.44013530084592356,0.9990291369142028,0.35641379765435016,NS
GENE_0524,0.09463544766659027,0.8479582833943792,0.9990291369142028,0.07162551299950257,NS
GENE_0458,0.17544340149944482,0.7514524162335698,0.9990291369142028,0.12409851477296825,NS
GENE_0523,0.031585799918322444,0.8824964742411343,0.9990291369142028,0.05428702103439326,NS
GENE_0512,-0.1870248903996803,0.620049697963069,0.9990291369142028,0.20757349971767886,NS
GENE_0511,0.0011363212991089,0.9871965797733361,0.9990291369142028,0.005596357958463316,NS
GENE_0508,0.12414174277322054,0.7424963566963296,0.9990291369142028,0.1293056730148738,NS
GENE_0507,-0.03917624981671075,0.9636223570579318,0.9990291369142028,0.0160931324654599,NS
GENE_0506,0.3521526166092963,0.467100502095639,0.9990291369142028,0.3305896658801723,NS
GENE_0504,-0.10068005842378103,0.710801717836185,0.9990291369142028,0.1482515312805312,NS
GENE_0501,-0.09258111308288886,0.7361204263272896,0.9990291369142028,0.13305113102784075,NS
GENE_0519,-0.08769526748623946,0.9932611510107265,0.9990291369142028,0.002936550566340582,NS
GENE_1228,-0.2594758573219087,0.4944265478854295,0.9990291369142028,0.3058982181566884,NS
GENE_0306,-0.011835170803022876,0.8985173482129971,0.9990291369142028,0.04647353329018703,NS
GENE_0300,0.07712713412330441,0.7386687629437863,0.9990291369142028,0.13155026617189788,NS
GENE_0097,-0.09082211382797123,0.5182016134890416,0.9990291369142028,0.28550123911496345,NS
GENE_0096,-0.16892705736725766,0.4150503099428069,0.9990291369142028,0.38189925748966846,NS
GENE_0093,-0.04974948681784941,0.6721899778146432,0.9990291369142028,0.17250796704096097,NS
GENE_0092,-0.04222643529503145,0.7045205562254511,0.9990291369142028,0.1521063306950932,NS
GENE_0087,0.2291777067417886,0.40879321010977465,0.9990291369142028,0.3884963262694952,NS
GENE_0086,0.05300165412560531,0.801932930899966,0.9990291369142028,0.0958619521124152,NS
GENE_0085,0.288734347154441,0.5414343752728363,0.9990291369142028,0.26645417465088117,NS
GENE_0084,-0.27436600599326777,0.5258886753713633,0.9990291369142028,0.2791061813004071,NS
GENE_0082,-0.13134235078125567,0.6272190841672745,0.9990291369142028,0.20258073600211368,NS
GENE_0081,0.2150771979345203,0.39036390644728114,0.9990291369142028,0.4085303445797101,NS
GENE_0080,-0.3282524667700413,0.4764646589052256,0.9990291369142028,0.32196930701233983,NS
GENE_0079,-0.1902475643993986,0.45682071582941597,0.9990291369142028,0.34025421000212014,NS
GENE_0078,-0.30629043138107104,0.5555054854375967,0.9990291369142028,0.2553116481839294,NS
GENE_0075,0.22764838531910048,0.5538060005336463,0.9990291369142028,0.25664234294845645,NS
GENE_0073,-0.31598642370659924,0.4733338457582824,0.9990291369142028,0.32483244017490037,NS
GENE_0100,-0.24963763919377246,0.42380597401513065,0.9990291369142028,0.37283292571979737,NS
GENE_0071,0.16320513281629268,0.6709573342661437,0.9990291369142028,0.1733050954523295,NS
GENE_0101,0.24985316537776825,0.5319682426611647,0.9990291369142028,0.27411429336037496,NS
GENE_0103,-0.06055000799698895,0.9031981281825145,0.9990291369142028,0.04421697112831378,NS
GENE_0132,-0.21172292854699482,0.4754200315765812,0.9990291369142028,0.3229225234494586,NS
GENE_0128,0.32985929500716793,0.41311813257211916,0.9990291369142028,0.3839257425610813,NS
GENE_0125,-0.25537879671684394,0.4568205596187026,0.9990291369142028,0.3402543585099703,NS
GENE_0123,0.03465161047205356,0.6623591010080915,0.9990291369142028,0.17890649197630965,NS
GENE_0121,0.10450477431813354,0.666652922375348,0.9990291369142028,0.17610021275279428,NS
GENE_0120,0.22635693136394597,0.4912331317145606,0.9990291369142028,0.30871234944921544,NS
GENE_0119,-0.11688353218836856,0.8268434309620232,0.9990291369142028,0.0825767195970335,NS
GENE_0118,0.2410327945474906,0.6011083733337663,0.9990291369142028,0.2210472223436077,NS
GENE_0115,0.2006381230455494,0.8439905037950372,0.9990291369142028,0.07366243983479026,NS
GENE_0114,0.13484599883025972,0.6236298135287124,0.9990291369142028,0.20507313090862006,NS
GENE_0111,-0.1625858048658344,0.7064026762592925,0.9990291369142028,0.1509476640702936,NS
GENE_0108,-0.10091445896047002,0.8433294817272554,0.9990291369142028,0.07400271702418353,NS
GENE_0107,-0.3858581961025003,0.4568197264926587,0.9990291369142028,0.3402551505548245,NS
GENE_0106,0.00047823351125586555,0.8071614942482053,0.9990291369142028,0.09303956435588603,NS
GENE_0104,-0.10710342878532142,0.9259782048418912,0.9990291369142028,0.03339923537885942,NS
GENE_0102,0.22015409789166984,0.7746336274119495,0.9990291369142028,0.11090365389982466,NS
GENE_0070,0.16883488247769396,0.7013871907948008,0.9990291369142028,0.15404216976037965,NS
GENE_0069,-0.2067043456782054,0.6117304989643915,0.9990291369142028,0.21343986640142407,NS
GENE_0066,0.06535542828443663,0.9871965856971292,0.9990291369142028,0.005596355352426474,NS
GENE_0026,-0.04893537752138233,0.8771667307119081,0.9990291369142028,0.056917848656891756,NS
GENE_0025,-0.12765933486926162,0.6212413482986187,0.9990291369142028,0.2067396464072351,NS
GENE_0024,-0.22821382969758108,0.505700671300594,0.9990291369142028,0.29610646985578815,NS
GENE_0023,-0.12829953011246698,0.5870764961723844,0.9990291369142028,0.23130530641669259,NS
GENE_0022,-0.09077384574406988,0.9065434087788561,0.9990291369142028,0.042611395383410806,NS
GENE_0021,0.010164040703515731,0.968335338546823,0.9990291369142028,0.0139742186622438,NS
GENE_0020,0.0921958259592861,0.712060365813286,0.9990291369142028,0.147483186941368,NS
GENE_0016,-0.325890896688418,0.421850815241381,0.9990291369142028,0.37484110726676434,NS
GENE_0015,-0.15277563381051618,0.6260169612623225,0.9990291369142028,0.2034138998840712,NS
GENE_0014,-0.14531509492972994,0.6660391727657566,0.9990291369142028,0.1765002272625701,NS
GENE_0012,0.08972674033154426,0.7630163770704466,0.9990291369142028,0.11746614042651593,NS
GENE_0009,-0.16500845873509462,0.7876008511013589,0.9990291369142028,0.10369382322408699,NS
GENE_0008,0.10728515423199703,0.7993221828688399,0.9990291369142028,0.09727813427915546,NS
GENE_0004,0.08221543619338956,0.7196283184820995,0.9990291369142028,0.1428917548338169,NS
GENE_0002,-0.09053113769870613,0.7726936162629118,0.9990291369142028,0.11199267573639189,NS
GENE_0029,0.3288738631730217,0.4287161129379671,0.9990291369142028,0.3678301935863064,NS
GENE_0031,-0.10369140222797046,0.9898918732283066,0.9990291369142028,0.0044122411851552894,NS
GENE_0035,-0.1515584800224401,0.6040504223253587,0.9990291369142028,0.21892680769727338,NS
GENE_0037,-0.09326196549291765,0.8931721779282481,0.9990291369142028,0.049064813545545545,NS
GENE_0065,-0.23431368179267675,0.5280956048042247,0.9990291369142028,0.27728744701106084,NS
GENE_0064,-0.1421627671777861,0.5841719200614819,0.9990291369142028,0.23345932250016033,NS
GENE_0063,-0.14947365731059303,0.6586871196357595,0.9990291369142028,0.1813208289310491,NS
GENE_0062,-0.14713087438694128,0.5425534860595623,0.9990291369142028,0.2655574417088853,NS
GENE_0059,0.09337042295488285,0.7993221828688399,0.9990291369142028,0.09727813427915546,NS
GENE_0057,0.18765576694115182,0.5030051313031512,0.9990291369142028,0.2984275845558485,NS
GENE_0056,0.03733557100054785,0.6895274409508755,0.9990291369142028,0.16144844563548125,NS
GENE_0133,-0.05298415757051789,0.9206119980733914,0.9990291369142028,0.03592336936914378,NS
GENE_0054,-0.2068263341557124,0.6783626273538902,0.9990291369142028,0.168538086430981,NS
GENE_0050,0.07946448557777241,0.922623968846945,0.9990291369142028,0.034975267045387136,NS
GENE_0049,0.30937561368233535,0.40544800093189126,0.9990291369142028,0.3920648365364772,NS
GENE_0048,-0.0834280365072928,0.8838300536458414,0.9990291369142028,0.0536312348277694,NS
GENE_0046,0.12957820291142053,0.9306764562478649,0.9990291369142028,0.031201272496260483,NS
GENE_0045,-0.17162941736401027,0.6562445278964559,0.9990291369142028,0.18293430494108281,NS
GENE_0042,-0.22548057688245926,0.5674616756835738,0.9990291369142028,0.24606346382853692,NS
GENE_0039,0.12930572952419528,0.9952827776507746,0.9990291369142028,0.002053510886838166,NS
GENE_0052,-0.3508987006854136,0.39223035626728675,0.9990291369142028,0.406458797590222,NS
GENE_0304,0.26155706310184623,0.5062420687696025,0.9990291369142028,0.2956417677606397,NS
GENE_0134,-0.25078671927710694,0.4326688603655304,0.9990291369142028,0.3638443603087104,NS
GENE_0137,0.1631066137831212,0.7424948626661976,0.9990291369142028,0.12930654689080476,NS
GENE_0254,0.060014024641709796,0.968335338546823,0.9990291369142028,0.0139742186622438,NS
GENE_0252,0.291884776581246,0.57896138107363,0.9990291369142028,0.23735040440034397,NS
GENE_0251,0.09075038622166076,0.43068905688439585,0.9990291369142028,0.3658361628208648,NS
GENE_0250,0.04882839254243354,0.6296164119837289,0.9990291369142028,0.2009239599039585,NS
GENE_0249,0.1643033502681437,0.6260215948041994,0.9990291369142028,0.20341068541170684,NS
GENE_0248,0.12166681011131253,0.8958441904904796,0.9990291369142028,0.04776751834498885,NS
GENE_0247,-0.01080789818543959,0.9105603800471729,0.9990291369142028,0.04069125047108276,NS
GENE_0243,0.2043461707186749,0.5830121378453625,0.9990291369142028,0.2343224034838854,NS
GENE_0241,0.08345052448179668,0.6765082871223665,0.9990291369142028,0.16972687899323088,NS
GENE_0238,0.1579673899014189,0.6660384832092769,0.9990291369142028,0.1765006768918732,NS
GENE_0237,-0.07323562724362631,0.9407519782130569,0.9990291369142028,0.026524859772795,NS
GENE_0233,0.056963862022110234,0.7876008511013589,0.9990291369142028,0.10369382322408699,NS
GENE_0232,0.25437812925412207,0.47280463880802803,0.9990291369142028,0.32531827113093337,NS
GENE_0231,0.07295995315358361,0.8123988157458497,0.9990291369142028,0.09023071834873936,NS
GENE_0228,-0.1715582897051826,0.7424958969975188,0.9990291369142028,0.12930594189796915,NS
GENE_0262,-0.1258665509857,0.8851634284587923,0.9990291369142028,0.052976537748219706,NS
GENE_0224,0.0185722250275413,0.9696821078547301,0.9990291369142028,0.013370617725566704,NS
GENE_0263,0.08979943668320356,0.7954094730255299,0.9990291369142028,0.09940924103646556,NS
GENE_0268,-0.025245930246536652,0.85855766620921,0.9990291369142028,0.06623052953582874,NS
GENE_0299,0.21128206358720902,0.45835495316914665,0.9990291369142028,0.33879807112658245,NS
GENE_0295,-0.2453300639054783,0.4598916087938596,0.9990291369142028,0.3373445145133068,NS
GENE_0294,0.08369778664508232,0.9454570092462424,0.9990291369142028,0.02435821411836891,NS
GENE_0293,-0.1542354943695594,0.5812748744270226,0.9990291369142028,0.23561844899188025,NS
GENE_0292,0.23747443689637748,0.6058184850909749,0.9990291369142028,0.2176574793515792,NS
GENE_0289,0.24719618877216742,0.4891087874605027,0.9990291369142028,0.31059453445673174,NS
GENE_0288,0.30315635443688116,0.5929043182652826,0.9990291369142028,0.22701538657196305,NS
GENE_0285,0.1560791663239378,0.7980170783187713,0.9990291369142028,0.09798781423794677,NS
GENE_0284,-0.11049063362519451,0.7380314085674792,0.9990291369142028,0.1319251554164107,NS
GENE_0283,0.10211579089097889,0.7617288952229687,0.9990291369142028,0.11819956968182899,NS
GENE_0279,-0.1258279284779329,0.7915028025171281,0.9990291369142028,0.10154754306875172,NS
GENE_0278,-0.15419046658476798,0.5946583353547374,0.9990291369142028,0.22573248921119046,NS
GENE_0276,-0.03774011555744394,0.9589106966853648,0.9990291369142028,0.018221836773735695,NS
GENE_0274,-0.052894761162638915,0.8784988135578077,0.9990291369142028,0.05625882069759364,NS
GENE_0273,-0.03513365219963127,0.7941068973682394,0.9990291369142028,0.10012103181432869,NS
GENE_0264,0.30496997457167296,0.503006119257034,0.9990291369142028,0.2984267315575954,NS
GENE_0218,0.0563273280690213,0.5487290826978906,0.9990291369142028,0.2606420215416661,NS
GENE_0217,0.2417716451568186,0.541433907527656,0.9990291369142028,0.26645454983806505,NS
GENE_0215,0.024234843954474172,0.9394079320013718,0.9990291369142028,0.027145777120746468,NS
GENE_0171,-0.03665100582070835,0.8519293950308723,0.9990291369142028,0.06959639657025797,NS
GENE_0166,0.14875394971495925,0.5731978910460909,0.9990291369142028,0.24169541616152193,NS
GENE_0165,-0.06664839893222751,0.7431340422596644,0.9990291369142028,0.12893284362399893,NS
GENE_0160,-0.10231695867664303,0.7565851932077612,0.9990291369142028,0.12114216234421038,NS
GENE_0158,-0.13645398809544584,0.7221578549317631,0.9990291369142028,0.14136786055701256,NS
GENE_0152,0.28083690980618226,0.40449514733985414,0.9990291369142028,0.3930866841781994,NS
GENE_0149,0.0442073864362893,0.8176440795689597,0.9990291369142028,0.08743570356266878,NS
GENE_0147,-0.04845379769719127,0.9656420746801493,0.9990291369142028,0.0151838195435549,NS
GENE_0145,-0.09633705421391703,0.8791647959428257,0.9990291369142028,0.05592971052300038,NS
GENE_0144,0.11966442247136388,0.4859311961766859,0.9990291369142028,0.3134252188779507,NS
GENE_0142,-0.038900191870549605,0.8612114223677729,0.9990291369142028,0.0648902187017821,NS
GENE_0141,0.1775132159327324,0.6988843025165985,0.9990291369142028,0.15559471400747718,NS
GENE_0140,0.04473201486138745,0.9925872820467023,0.9990291369142028,0.0032312936886885837,NS
GENE_0139,-0.301307961321311,0.43963389133547126,0.9990291369142028,0.3569088352371078,NS
GENE_0138,0.2640306627596214,0.41215458259992865,0.9990291369142028,0.3849398670278544,NS
GENE_0172,-0.05922581161509477,0.6907722766649411,0.9990291369142028,0.16066510065443446,NS
GENE_0174,-0.18264966635294666,0.7013874867414117,0.9990291369142028,0.15404198651216153,NS
GENE_0177,0.14558698764385714,0.6350258213232802,0.9990291369142028,0.1972086151328735,NS
GENE_0178,0.18098928577131446,0.6176677386079612,0.9990291369142028,0.2092450816968493,NS
GENE_0214,-0.0903581215817244,0.9818064283068505,0.9990291369142028,0.00797412871501101,NS
GENE_0211,-0.040465132144278826,0.9952827776507746,0.9990291369142028,0.002053510886838166,NS
GENE_0210,-0.09038641163960204,0.8818300782485491,0.9990291369142028,0.05461509195266682,NS
GENE_0209,-0.004919184213046712,0.9898918732283066,0.9990291369142028,0.0044122411851552894,NS
GENE_0208,-0.10841449133537218,0.910559524905692,0.9990291369142028,0.04069165833354736,NS
GENE_0207,0.05015269941147604,0.882496690143739,0.9990291369142028,0.054286914784338884,NS
GENE_0200,0.03147083347226598,0.9589106207022396,0.9990291369142028,0.018221871186797706,NS
GENE_0136,-0.08328555854647046,0.7120606840444232,0.9990291369142028,0.14748299284827895,NS
GENE_0197,0.1677613463105061,0.7714014468032068,0.9990291369142028,0.11271955092750886,NS
GENE_0195,0.037523968968799615,0.9683353495297785,0.9990291369142028,0.013974213736432697,NS
GENE_0191,-0.08288453395512363,0.8691824182943139,0.9990291369142028,0.060889067113348946,NS
GENE_0187,0.08607231832390383,0.8838293064332418,0.9990291369142028,0.05363160199162029,NS
GENE_0183,0.09918015432323202,0.6740382752946719,0.9990291369142028,0.17131544133218984,NS
GENE_0182,0.22992179552423764,0.9582376830914997,0.9990291369142028,0.018526754332701248,NS
GENE_0181,-0.1671910717648908,0.4059246044339242,0.9990291369142028,0.39155462385878453,NS
GENE_0180,0.06179277878941747,0.8466352568038168,0.9990291369142028,0.07230364996958707,NS
GENE_0196,0.12514545198757165,0.7655930445295174,0.9990291369142028,0.11600202081137397,NS
GENE_0615,-0.19305121431115335,0.8321112852833804,0.9990291369142028,0.07981858794904041,NS
GENE_0614,-0.26345695452510043,0.5651748413306608,0.9990291369142028,0.2478171789438843,NS
GENE_0622,-0.33062812137722286,0.469175000754962,0.9990291369142028,0.32866513663199115,NS
GENE_1035,-0.07066295305231485,0.8851636922984296,0.9990291369142028,0.052976408298586054,NS
GENE_1032,0.024357954518438696,0.9730494072560346,0.9990291369142028,0.01186510756936853,NS
GENE_1029,0.08765054592260224,0.5555050738408743,0.9990291369142028,0.25531196997058353,NS
GENE_1027,0.35509186085427835,0.4426409402285234,0.9990291369142028,0.35394842029339396,NS
GENE_1025,0.06440522450272201,0.7610853614385598,0.9990291369142028,0.1185666311102361,NS
GENE_1024,-0.25302365248359227,0.57204770314629,0.9990291369142028,0.24256775381296639,NS
GENE_1023,-0.0611475751435151,0.8248702931807093,0.9990291369142028,0.08361433676466246,NS
GENE_1022,-0.12792452487099215,0.9293338595775847,0.9990291369142028,0.03182823937018652,NS
GENE_1021,-0.12068533548555038,0.6783620653992443,0.9990291369142028,0.1685384462000677,NS
GENE_1018,-0.3323154287938159,0.4660691774141762,0.9990291369142028,0.3315496173453864,NS
GENE_1017,-0.2029632167354425,0.6123220323403915,0.9990291369142028,0.21302011366289866,NS
GENE_1016,0.20758576542793428,0.8373863748208459,0.9990291369142028,0.0770741098267588,NS
GENE_1015,0.11633769342796363,0.5526768851529322,0.9990291369142028,0.25752869872644646,NS
GENE_1012,0.11164387283727262,0.8071617129251321,0.9990291369142028,0.0930394466964456,NS
GENE_1011,0.009145486942744085,0.8215836627453321,0.9990291369142028,0.08534820530427303,NS
GENE_1036,0.21032771375252768,0.7476099615235386,0.9990291369142028,0.12632492050096156,NS
GENE_1008,-0.24704812980161694,0.666653248486369,0.9990291369142028,0.176100000306141,NS
GENE_1038,0.30213016534031656,0.3866448786770046,0.9990291369142028,0.4126877379158999,NS
GENE_1040,0.08841839695284737,0.9239650660021783,0.9990291369142028,0.03434444861678925,NS
GENE_1069,-0.0982946769546551,0.6857979843417985,0.9990291369142028,0.1638037956726943,NS
GENE_1068,0.17650117996818704,0.5674616756835738,0.9990291369142028,0.24606346382853692,NS
GENE_1066,0.05152303177660045,0.9784379671552996,0.9990291369142028,0.009466703348999909,NS
GENE_1064,-0.2002830179105457,0.7450502321335286,0.9990291369142028,0.12781444563697564,NS
GENE_1063,0.19186690585360822,0.6428730049119732,0.9990291369142028,0.19187481045551683,NS
GENE_1062,-0.22289767035916874,0.6224347631516816,0.9990291369142028,0.2059061598754645,NS
GENE_1059,0.24429208207479736,0.5040835195422468,0.9990291369142028,0.29749750111146533,NS
GENE_1057,0.10221895744968545,0.942768248469548,0.9990291369142028,0.02559505252305697,NS
GENE_1055,-0.257481193161353,0.4121556100681706,0.9990291369142028,0.38493878436797274,NS
GENE_1054,0.11550688766227957,0.9845014037562715,0.9990291369142028,0.00678366028445312,NS
GENE_1048,-0.17274846348226003,0.5894044396473077,0.9990291369142028,0.22958659718126567,NS
GENE_1047,0.07179312259092807,0.7164720774089113,0.9990291369142028,0.1448007304076398,NS
GENE_1045,0.16280229651449662,0.5526766094790238,0.9990291369142028,0.25752891535154937,NS
GENE_1043,-0.2755037534236493,0.4907016942335366,0.9990291369142028,0.30918244253873856,NS
GENE_1042,-0.25728069012157206,0.5766528780406521,0.9990291369142028,0.23908553609222905,NS
GENE_1039,0.3265796302196202,0.5303068610992798,0.9990291369142028,0.27547275395199916,NS
GENE_1007,0.08271524581239387,0.7902015191262016,0.9990291369142028,0.10226213974253445,NS
GENE_1006,-0.0859143642176976,0.9892180303647624,0.9990291369142028,0.004707976402370046,NS
GENE_1005,-0.14281068251687756,0.9952827470927966,0.9990291369142028,0.002053524220899292,NS
GENE_0965,-0.3207090724929813,0.5220384028829926,0.9990291369142028,0.2822975476745437,NS
GENE_0964,-0.28269705409942336,0.42478545706282955,0.9990291369142028,0.3718303601598225,NS
GENE_0962,-0.11607345799096258,0.9892180415892257,0.9990291369142028,0.004707971474515646,NS
GENE_0960,-0.26903560864636855,0.5628919946455802,0.9990291369142028,0.24957492775829573,NS
GENE_0959,0.03690725852049326,0.915919580293046,0.9990291369142028,0.03814265664678194,NS
GENE_0958,-0.14956858276425944,0.5870763231631654,0.9990291369142028,0.23130543440164977,NS
GENE_0954,-0.34676922491999473,0.4150500940783076,0.9990291369142028,0.38189948336297347,NS
GENE_0951,-0.09782147449900513,0.9333621146621259,0.9990291369142028,0.029949831185062954,NS
GENE_0950,0.17807990324390044,0.5253374407507082,0.9990291369142028,0.2795616459663914,NS
GENE_0949,-0.13644292492168741,0.7259558545012974,0.9990291369142028,0.13908978801809682,NS
GENE_0948,-0.0498427044986407,0.6152899138948646,0.9990291369142028,0.21092020400136868,NS
GENE_0944,0.22832862734552872,0.6672675476530573,0.9990291369142028,0.17569999641091322,NS
GENE_0942,0.04263286419856538,0.5414343284983822,0.9990291369142028,0.2664542121695337,NS
GENE_0938,-0.2335793415460632,0.587075631124124,0.9990291369142028,0.23130594634345739,NS
GENE_0937,-0.311819329031195,0.4960310118290058,0.9990291369142028,0.30449117059612396,NS
GENE_0967,0.17574161936031096,0.5876576937032333,0.9990291369142028,0.23087557362554115,NS
GENE_0970,0.3361479026631633,0.4145664964798875,0.9990291369142028,0.3824057986769003,NS
GENE_0971,-0.10807292146657588,0.9609297972878679,0.9990291369142028,0.017308339453381998,NS
GENE_0972,0.3546594727826582,0.514925844464828,0.9990291369142028,0.28825531010171235,NS
GENE_1004,0.3511188134280676,0.4933625730433455,0.9990291369142028,0.3068337995914551,NS
GENE_1002,-0.13583948887176245,0.669726288689372,0.9990291369142028,0.17410265341763256,NS
GENE_0998,0.12291017305445351,0.7630163770704466,0.9990291369142028,0.11746614042651593,NS
GENE_1997,0.011126328073810754,0.9474742947459954,0.9990291369142028,0.023432563736043376,NS
GENE_0995,0.035900161884343085,0.8532546388029177,0.9990291369142028,0.0689213419581621,NS
GENE_0993,-0.014683319281427742,0.8791649207785661,0.9990291369142028,0.05592964885598459,NS
GENE_0991,-0.28722445119136086,0.5051624819707806,0.9990291369142028,0.29656891163633,NS
GENE_1070,-0.23830777721924612,0.4238049553543086,0.9990291369142028,0.3728339695920708,NS
GENE_0987,0.048364192602720735,0.9360488075059286,0.9990291369142028,0.02870150566588248,NS
GENE_0984,-0.0627558722929038,0.9925872854765605,0.9990291369142028,0.0032312921879958955,NS
GENE_0983,-0.0300243186273077,0.9468018192435884,0.9990291369142028,0.023740916261868444,NS
GENE_0982,0.03248772515529108,0.8731713596069436,0.9990291369142028,0.05890051777354151,NS
GENE_0981,-0.3140086517127969,0.4557993397933764,0.9990291369142028,0.34122630821290784,NS
GENE_0979,-0.21014204466697173,0.5549390905302347,0.9990291369142028,0.25575468191924716,NS
GENE_0974,-0.21301073165125128,0.6224347631516816,0.9990291369142028,0.2059061598754645,NS
GENE_0973,-0.1740225892307734,0.5894045688331133,0.9990291369142028,0.22958650199250802,NS
GENE_0986,-0.06809811057113269,0.7361199561344114,0.9990291369142028,0.13305140843114371,NS
GENE_0617,0.2867051417398718,0.4848742330790631,0.9990291369142028,0.31437089431077214,NS
GENE_1074,0.14276609592460954,0.6550243114655381,0.9990291369142028,0.18374258071143904,NS
GENE_1076,0.2697603310999659,0.5171088168526232,0.9990291369142028,0.28641805732017905,NS
GENE_1184,-0.22361594605902724,0.5743461596612809,0.9990291369142028,0.24082627847665256,NS
GENE_1183,0.060462586426271336,0.7694640374559034,0.9990291369142028,0.11381167303773804,NS
GENE_1178,0.32662346377032137,0.4712518926590181,0.9990291369142028,0.32674689255332934,NS
GENE_1177,0.40511136466258435,0.40783567006892396,0.9990291369142028,0.38951479269070516,NS
GENE_1175,-0.2513080615016001,0.4764635878451624,0.9990291369142028,0.32197028327781796,NS
GENE_1170,-0.14598044838698243,0.5051623341923658,0.9990291369142028,0.29656903868329365,NS
GENE_1169,0.02605219503944589,0.8678528212303459,0.9990291369142028,0.06155392038479704,NS
GENE_1165,-0.25973852178738355,0.5481653503929083,0.9990291369142028,0.2610884197427943,NS
GENE_1164,0.1408586795480291,0.7070308056155615,0.9990291369142028,0.15056166340622942,NS
GENE_1161,0.15014718082572553,0.9279914640175437,0.9990291369142028,0.03245601855175006,NS
GENE_1160,0.3580073409859459,0.3922300276819324,0.9990291369142028,0.40645916141434657,NS
GENE_1159,-0.15892544401866449,0.5755002576366507,0.9990291369142028,0.23995447761168603,NS
GENE_1158,-0.1219751945670211,0.6368324550585335,0.9990291369142028,0.19597481164340888,NS
GENE_1156,0.12981262392317472,0.621241994113771,0.9990291369142028,0.20673919493404844,NS
GENE_1152,0.2202184671319598,0.7463305585534277,0.9990291369142028,0.12706877579964293,NS
GENE_1185,-0.09897759695901609,0.8519299198785015,0.9990291369142028,0.06959612901480051,NS
GENE_1150,-0.034492295159422426,0.6795997965150664,0.9990291369142028,0.16774675983889112,NS
GENE_1187,-0.23795111569169247,0.6332198725952678,0.9990291369142028,0.19844546395649734,NS
GENE_1193,0.005146768742863905,0.8373864490136343,0.9990291369142028,0.07707407134808494,NS
GENE_1224,0.43262947710879995,0.5391991476424696,0.9990291369142028,0.2682508029980791,NS
GENE_1222,0.2824146796100857,0.4316777692355461,0.9990291369142028,0.36484031628912933,NS
GENE_1218,0.278513080335717,0.455799548284607,0.9990291369142028,0.341226109558451,NS
GENE_1216,0.16776841733371484,0.6081800580120007,0.9990291369142028,0.2159678243058872,NS
GENE_1215,0.004769364803689058,0.8459739581324586,0.9990291369142028,0.07264300577119749,NS
GENE_1214,-0.18268638961327888,0.6260217146349004,0.9990291369142028,0.20341060228069718,NS
GENE_1212,0.24058365818580274,0.5447946956128329,0.9990291369142028,0.2637671295778177,NS
GENE_1209,-0.11768089371146662,0.9427677197342741,0.9990291369142028,0.02559529608967751,NS
GENE_1208,0.09591846603843646,0.4917647282363211,0.9990291369142028,0.3082426241976927,NS
GENE_1207,0.2924386856295289,0.49710066005328646,0.9990291369142028,0.30355566020175767,NS
GENE_1204,0.014311255941776402,0.9441125436279343,0.9990291369142028,0.024976232223906034,NS
GENE_1203,-0.065311588856801,0.7591556722057874,0.9990291369142028,0.11966915869254131,NS
GENE_1202,0.17180348746242213,0.8215839874078545,0.9990291369142028,0.08534803368558037,NS
GENE_1197,-0.3275650619473085,0.4671031813894193,0.9990291369142028,0.3305871747692406,NS
GENE_1194,0.07330927066629478,0.6938886590903427,0.9990291369142028,0.1587102105566027,NS
GENE_1190,0.03029135510692349,0.8718422685748024,0.9990291369142028,0.05956207938372137,NS
GENE_1149,0.1779940737008996,0.4738548166000346,0.9990291369142028,0.32435470053629945,NS
GENE_1148,-0.22179115503315394,0.4396356904409183,0.9990291369142028,0.3569070579856613,NS
GENE_1147,0.3461728143445413,0.3950404894744026,0.9990291369142028,0.4033583892997989,NS
GENE_1110,0.1473121518405982,0.8307933752693888,0.9990291369142028,0.08050697517908995,NS
GENE_1109,0.0907863795927435,0.9521822471465582,0.9990291369142028,0.02127991994002231,NS
GENE_1105,-0.34351374788650624,0.4681384563015193,0.9990291369142028,0.32962568129610026,NS
GENE_1103,0.12291599421234256,0.8426687846360756,0.9990291369142028,0.07434309354926218,NS
GENE_1098,-0.119577325638482,0.7967134290067962,0.9990291369142028,0.0986978625201402,NS
GENE_1097,-0.1029072950045613,0.8718425478159976,0.9990291369142028,0.05956194028414438,NS
GENE_1090,-0.20690346173552854,0.5737731728305971,0.9990291369142028,0.24125976136015864,NS
GENE_1088,-0.3005365318340454,0.5314145356371279,0.9990291369142028,0.27456657062453804,NS
GENE_1086,-0.19494466446334613,0.6117307460901381,0.9990291369142028,0.21343969095598428,NS
GENE_1084,-0.08225907360919305,0.9730493823247328,0.9990291369142028,0.011865118696785963,NS
GENE_1083,-0.20451311345957013,0.6200495765606522,0.9990291369142028,0.2075735847502255,NS
GENE_1081,-0.01832690015134375,0.7954099358458737,0.9990291369142028,0.09940898833610207,NS
GENE_1080,0.1350441952462802,0.7785174262497307,0.9990291369142028,0.10873166178642524,NS
GENE_1078,0.04231159447420829,0.8818302003721733,0.9990291369142028,0.05461503180773217,NS
GENE_1077,-0.02338074426802539,0.8314524828954143,0.9990291369142028,0.08016256545346609,NS
GENE_1111,0.05171761068773417,0.8045461197453327,0.9990291369142028,0.09444905538495471,NS
GENE_1112,0.16918287736674475,0.8718425037254038,0.9990291369142028,0.059561962247172105,NS
GENE_1116,0.09805357018627348,0.893171981391053,0.9990291369142028,0.04906490910945899,NS
GENE_1118,-0.19048223251345853,0.672805915293281,0.9990291369142028,0.17211019888681256,NS
GENE_1146,-0.00610744304918498,0.9521820758754788,0.9990291369142028,0.02127999805751675,NS
GENE_1145,-0.04014434977895398,0.6808378290946316,0.9990291369142028,0.16695632173864522,NS
GENE_1144,-0.06400000343685974,0.9696821218764422,0.9990291369142028,0.013370611445619792,NS
GENE_1143,0.014741201457864506,0.7007611636060914,0.9990291369142028,0.1544299749035234,NS
GENE_1140,-0.19145781012355467,0.447675973300678,0.9990291369142028,0.3490362135078711,NS
GENE_1139,-0.14204594831468587,0.6550243114655381,0.9990291369142028,0.18374258071143904,NS
GENE_1138,-0.3362600788187242,0.6236299741449994,0.9990291369142028,0.2050730190557922,NS
GENE_1075,0.11019600005351649,0.8918366422357428,0.9990291369142028,0.049714688082094824,NS
GENE_1137,0.11245197344804847,0.925307291425151,0.9990291369142028,0.033714015576801544,NS
GENE_1128,-0.2265250448042,0.6200495765606522,0.9990291369142028,0.2075735847502255,NS
GENE_1127,-0.15321361705257353,0.7412198268386636,0.9990291369142028,0.13005297228425064,NS
GENE_1126,0.15334725039083796,0.8150202407594404,0.9990291369142028,0.08883160556556989,NS
GENE_1124,0.09835151059881131,0.672189620706382,0.9990291369142028,0.17250819776470513,NS
GENE_1123,-0.04187046125442251,0.822897862922793,0.9990291369142028,0.08465406554315966,NS
GENE_1122,0.11822223192237402,0.8334294157360101,0.9990291369142028,0.07913117526537335,NS
GENE_1120,0.4513663588176975,0.40927248155940055,0.9990291369142028,0.38798745522933326,NS
GENE_1130,-0.3119243895954371,0.5697527533377411,0.9990291369142028,0.24431356740866886,NS
GENE_0935,0.06403085056811442,0.7902015902318306,0.9990291369142028,0.10226210066290711,NS
GENE_0936,0.09920774334331739,0.9791116604754221,0.9990291369142028,0.009167777284653322,NS
GENE_0928,0.08337721208910853,0.8058536676004404,0.9990291369142028,0.09374381318665509,NS
GENE_0735,0.11824925251594554,0.8387060055872251,0.9990291369142028,0.07639024718874765,NS
GENE_0734,0.12457754368450313,0.6046400758612778,0.9990291369142028,0.21850307093822063,NS
GENE_0733,-0.15773369613924704,0.690772955135057,0.9990291369142028,0.16066467409463653,NS
GENE_0732,-0.07700821743324138,0.9186006451326313,0.9990291369142028,0.03687325391325811,NS
GENE_0731,-0.12050398442977084,0.8268438055086453,0.9990291369142028,0.08257652286874337,NS
GENE_0730,-0.1184756961332063,0.7234231472001103,0.9990291369142028,0.14060759933379813,NS
GENE_0729,-0.09641064043703818,0.622435528071971,0.9990291369142028,0.20590562616418048,NS
GENE_0727,0.15843500750351858,0.46813861070522067,0.9990291369142028,0.32962553805500666,NS
GENE_0726,0.20051954796290516,0.5369693013591705,0.9990291369142028,0.270050542291898,NS
GENE_0725,0.16651784988298068,0.5073220842509829,0.9990291369142028,0.29471623198659486,NS
GENE_0723,-0.17088212345996112,0.5470414266501264,0.9990291369142028,0.2619797839329193,NS
GENE_0719,-0.008449748955982272,0.976417158272827,0.9990291369142028,0.01036459746692006,NS
GENE_0714,0.33080092147428886,0.5476020871978707,0.9990291369142028,0.26153490521154943,NS
GENE_0713,0.029396292880915276,0.9683353165808775,0.9990291369142028,0.013974228513881607,NS
GENE_0707,0.3004149314415079,0.43664202931791807,0.9990291369142028,0.3598744632619264,NS
GENE_0737,-0.013360508695882345,0.6982587583342393,0.9990291369142028,0.15598360819068718,NS
GENE_0706,0.13980675324534353,0.6176677386079612,0.9990291369142028,0.2092450816968493,NS
GENE_0740,-0.1059062555937409,0.8705123822767027,0.9990291369142028,0.06022504704383587,NS
GENE_0744,-0.17430130601802318,0.6734227500790884,0.9990291369142028,0.17171221603388465,NS
GENE_0769,0.08768748634098511,0.9939350222093881,0.9990291369142028,0.0026420063655675503,NS
GENE_0768,0.061650102544633434,0.6081808878410672,0.9990291369142028,0.21596723173476642,NS
GENE_0766,-0.09576551641190001,0.9562186755530351,0.9990291369142028,0.01944277851261419,NS
GENE_0765,-0.051917850687903666,0.8971805170232819,0.9990291369142028,0.04712016603105766,NS
GENE_0764,0.0012998527620053935,0.7234233312830421,0.9990291369142028,0.1406074888228314,NS
GENE_0763,-0.06366104395290595,0.6783620653992443,0.9990291369142028,0.1685384462000677,NS
GENE_0761,-0.03783882597994648,0.8612115177191957,0.9990291369142028,0.06489017061766086,NS
GENE_0758,0.38716128806338457,0.4885779855180571,0.9990291369142028,0.3110661054825624,NS
GENE_0756,0.22647511585868152,0.8559052159877183,0.9990291369142028,0.06757432697320712,NS
GENE_0755,0.11063947084120329,0.8998543609546694,0.9990291369142028,0.04582777428501072,NS
GENE_0753,-0.03639798536917738,0.5663151899702656,0.9990291369142028,0.24694178936800906,NS
GENE_0750,-0.30013246709005426,0.4869887983163499,0.9990291369142028,0.3124810282829983,NS
GENE_0749,0.12182600060534288,0.6200497384305155,0.9990291369142028,0.20757347137351836,NS
GENE_0747,0.16151890558113813,0.8831633440906483,0.9990291369142028,0.05395896473888732,NS
GENE_0746,-0.12254965601031742,0.9347054375065896,0.9990291369142028,0.0293252308608975,NS
GENE_0741,0.08976209576317196,0.9092211045144849,0.9990291369142028,0.04133049214217325,NS
GENE_0934,0.27165620622765907,0.6795969962006642,0.9990291369142028,0.16774854936797037,NS
GENE_0704,0.0710483891916125,0.6963846830156579,0.9990291369142028,0.15715078975880592,NS
GENE_0698,-0.12004132594752903,0.9313477812798345,0.9990291369142028,0.030888115703019598,NS
GENE_0654,-0.2352033974512011,0.8393664880464952,0.9990291369142028,0.07604837411311412,NS
GENE_0653,-0.16660601749182913,0.5572059948444414,0.9990291369142028,0.25398421975371777,NS
GENE_0651,0.0395166512136349,0.8824967441192041,0.9990291369142028,0.054286888221920925,NS
GENE_0650,0.012456272906892885,0.9333622377118678,0.9990291369142028,0.029949773929878156,NS
GENE_0645,-0.24090746934422214,0.7785174262497307,0.9990291369142028,0.10873166178642524,NS
GENE_0644,-0.06691989505408724,0.8811637537961555,0.9990291369142028,0.054943375627119775,NS
GENE_0642,-0.19654353043657835,0.4326686474381848,0.9990291369142028,0.36384457403611836,NS
GENE_0641,-0.06212592323133581,0.6684967067141674,0.9990291369142028,0.17490072790743802,NS
GENE_0639,-0.12994011316559284,0.6932650953734183,0.9990291369142028,0.15910066518175905,NS
GENE_0637,0.046110696471862056,0.6895281218432996,0.9990291369142028,0.16144801677992165,NS
GENE_0636,0.09113215831103272,0.699509917494908,0.9990291369142028,0.15520612379862955,NS
GENE_0634,-0.23983520260578306,0.40831373070667654,0.9990291369142028,0.3890060154483551,NS
GENE_0630,-0.1449696028302796,0.5030056252808217,0.9990291369142028,0.298427158055883,NS
GENE_0624,-0.14364140218932864,0.8998543263837568,0.9990291369142028,0.045827790969884964,NS
GENE_0623,-0.15535631504469816,0.8784987717201475,0.9990291369142028,0.056258841380450716,NS
GENE_0657,0.21213527024495527,0.5214886136631283,0.9990291369142028,0.2827551696482991,NS
GENE_0699,-0.29785678298786955,0.5019295422647596,0.9990291369142028,0.29935724212430054,NS
GENE_0661,-0.20432962092725493,0.6709576925444646,0.9990291369142028,0.1733048635474851,NS
GENE_0664,0.20448434869000565,0.6623593208351795,0.9990291369142028,0.1789063478404847,NS
GENE_0697,0.14649072263430085,0.8864976563518852,0.9990291369142028,0.05232240821285384,NS
GENE_0694,-0.261653647397865,0.5209409523061412,0.9990291369142028,0.2832115003874468,NS
GENE_0692,-0.16756772984563462,0.9878703822215369,0.9990291369142028,0.0053000351480168295,NS
GENE_0691,0.35948548894073085,0.39597989885381335,0.9990291369142028,0.40232685962610665,NS
GENE_0690,-0.13394886202332135,0.6611343229872244,0.9990291369142028,0.17971029572511138,NS
GENE_0688,-0.22648551770712988,0.6182615633290713,0.9990291369142028,0.2088277522929155,NS
GENE_0679,-0.28089258191379685,0.4416380453686434,0.9990291369142028,0.3549335209175522,NS
GENE_0675,0.08092244768353041,0.6851774933447395,0.9990291369142028,0.16419691114248774,NS
GENE_0673,0.08647750494304507,0.7863014750318627,0.9990291369142028,0.10441090963502449,NS
GENE_0671,-0.05175217965474932,0.7707546081857585,0.9990291369142028,0.11308387003491016,NS
GENE_0670,0.03065321756674777,0.9723758509266145,0.9990291369142028,0.012165835451435663,NS
GENE_0668,-0.145547497970961,0.5628922656653532,0.9990291369142028,0.24957471865536884,NS
GENE_0667,-0.15832499144886114,0.6034616960903872,0.9990291369142028,0.21935029094279862,NS
GENE_0666,0.09120215745703852,0.9293338595775847,0.9990291369142028,0.03182823937018652,NS
GENE_0665,-0.20070323392162326,0.4912331317145606,0.9990291369142028,0.30871234944921544,NS
GENE_0663,-0.05720029200275434,0.8771665897480592,0.9990291369142028,0.05691791844958283,NS
GENE_0773,0.34663954426952337,0.5905694048947381,0.9990291369142028,0.22872905589712367,NS
GENE_0771,-0.343783729992194,0.38479582604353624,0.9990291369142028,0.41476964748685297,NS
GENE_0781,-0.1802943240511361,0.50624251147888,0.9990291369142028,0.2956413879697766,NS
GENE_0878,0.23811024022044514,0.4471706944505277,0.9990291369142028,0.34952666588965353,NS
GENE_0876,-0.3085055925208202,0.47960589086704397,0.9990291369142028,0.3191154912209394,NS
GENE_0871,-0.2089615721091045,0.6224354072953913,0.9990291369142028,0.20590571043412467,NS
GENE_0870,-0.3659716846849621,0.4257652444706389,0.9990291369142028,0.37082979322806975,NS
GENE_0868,-0.19540166485906063,0.4859313979790343,0.9990291369142028,0.31342503851984893,NS
GENE_0867,0.18053182267961,0.752734638130967,0.9990291369142028,0.12335809884147915,NS
GENE_0866,0.04457228994330986,0.9078822432657904,0.9990291369142028,0.041970477928645354,NS
GENE_0865,-0.19934824450243038,0.5917361189744221,0.9990291369142028,0.227871921017839,NS
GENE_0864,-0.17657006786149676,0.40544800093189126,0.9990291369142028,0.3920648365364772,NS
GENE_0863,0.39456383390644323,0.47125209784297406,0.9990291369142028,0.32674670346074036,NS
GENE_0858,-0.18571505066054428,0.7630164834427009,0.9990291369142028,0.11746607988144606,NS
GENE_0857,-0.15575019244984745,0.7928045257308477,0.9990291369142028,0.10083387934225171,NS
GENE_0856,0.20048688036774465,0.9052051840992975,0.9990291369142028,0.043252967510866706,NS
GENE_0855,-0.044944853874370416,0.7208928920540916,0.9990291369142028,0.14212925656397268,NS
GENE_0854,-0.15724972527706527,0.7798132529165721,0.9990291369142028,0.10800938825597439,NS
GENE_0883,0.1610427084261694,0.6691117822567122,0.9990291369142028,0.17450132264781115,NS
GENE_0884,-0.18921272814102785,0.6164784864347741,0.9990291369142028,0.21008207460059244,NS
GENE_0885,-0.24734431346296493,0.6660391727657566,0.9990291369142028,0.1765002272625701,NS
GENE_0887,-0.07387845031854035,0.8978479741900348,0.9990291369142028,0.04679719290923147,NS
GENE_0927,-0.02957438245265198,0.7335752243096181,0.9990291369142028,0.13455534490526377,NS
GENE_0925,-0.05145068260808916,0.956891847497878,0.9990291369142028,0.019137145492921132,NS
GENE_0922,-0.012727697566094598,0.8215839874078545,0.9990291369142028,0.08534803368558037,NS
GENE_0921,0.22400390416401628,0.5549388158760604,0.9990291369142028,0.25575489686323627,NS
GENE_0918,0.3885555423281195,0.38943260004765223,0.9990291369142028,0.4095676957841614,NS
GENE_0916,-0.24257972707698805,0.5606145081078768,0.9990291369142028,0.2513356673505023,NS
GENE_0911,-0.14785746747205053,0.9333622377118678,0.9990291369142028,0.029949773929878156,NS
GENE_0853,-0.15055615178317083,0.6236298135287124,0.9990291369142028,0.20507313090862006,NS
GENE_0910,0.07022141294348572,0.8413475085407349,0.9990291369142028,0.07502458699721697,NS
GENE_0905,0.03476583685578305,0.7133201157331013,0.9990291369142028,0.14671552863780019,NS
GENE_0903,0.015343476491477048,0.7032666836907819,0.9990291369142028,0.15287995621374031,NS
GENE_0902,0.06058847707979975,0.8559053643636226,0.9990291369142028,0.06757425168586254,NS
GENE_0901,0.08691974741294128,0.7335751057191369,0.9990291369142028,0.134555415113736,NS
GENE_0897,0.001135408509853164,0.9293338921900566,0.9990291369142028,0.03182822412979023,NS
GENE_0893,-0.01950524171610546,0.9347054375065896,0.9990291369142028,0.0293252308608975,NS
GENE_0892,-0.2784739466640618,0.5640276778927268,0.9990291369142028,0.24869958385150442,NS
GENE_0908,-0.13914996811279146,0.5538076056684544,0.9990291369142028,0.2566410842040965,NS
GENE_0776,-0.36471908496299577,0.5051625312302233,0.9990291369142028,0.29656886928737525,NS
GENE_0852,0.0639328520960385,0.7655935709659624,0.9990291369142028,0.11600172218227046,NS
GENE_0850,-0.036593298884017855,0.9494918120040973,0.9990291369142028,0.02250877607364196,NS
GENE_0806,-0.27167460200925664,0.5812744809250439,0.9990291369142028,0.23561874299357094,NS
GENE_0805,0.16651041353190532,0.7928045257308477,0.9990291369142028,0.10083387934225171,NS
GENE_0804,0.2138755692594465,0.6465088422139278,0.9990291369142028,0.1894255309561222,NS
GENE_0801,-0.4238067323763479,0.44868655711399497,0.9990291369142028,0.3480569419638487,NS
GENE_0799,0.008796208458008437,0.9912395651395237,0.9990291369142028,0.0038213715040270714,NS
GENE_0797,0.06519446326404221,0.8519299876003698,0.9990291369142028,0.06959609449173491,NS
GENE_0796,0.2653263972804245,0.5247872204249251,0.9990291369142028,0.28001674940700233,NS
GENE_0851,0.08827559187333023,0.9279914889390252,0.9990291369142028,0.032456006888645236,NS
GENE_0794,-0.20314143711916977,0.49870773175675764,0.9990291369142028,0.30215389860885633,NS
GENE_0792,-0.3478470862421661,0.5008545316292243,0.9990291369142028,0.3002883924646454,NS
GENE_0788,0.08429952772365823,0.8811636309941095,0.9990291369142028,0.054943436151913744,NS
GENE_0786,-0.1804744517516026,0.8261859056979381,0.9990291369142028,0.08292221813433301,NS
GENE_0785,0.18749278601482366,0.5952432778078982,0.9990291369142028,0.2253055004630586,NS
GENE_0784,-0.1438659578037198,0.5999319602099062,0.9990291369142028,0.22189800125128087,NS
GENE_0783,-0.040464752021823536,0.9818064619746356,0.9990291369142028,0.00797411382232685,NS
GENE_0782,-0.4189484357912949,0.42038820433395596,0.9990291369142028,0.3763494783349058,NS
GENE_0793,-0.2387202193973108,0.6920179491610016,0.9990291369142028,0.15988264091826687,NS
GENE_0809,0.01858845373680129,0.95554604511651,0.9990291369142028,0.019748380656893237,NS
GENE_0808,-0.06076154334915529,0.9878703822215369,0.9990291369142028,0.0053000351480168295,NS
GENE_0822,-0.21282397321134727,0.5726216390456293,0.9990291369142028,0.2421322442631784,NS
GENE_0849,-0.11560225778350919,0.7450502321335286,0.9990291369142028,0.12781444563697564,NS
GENE_0848,0.08423461086693251,0.6260213551424527,0.9990291369142028,0.20341085167401293,NS
GENE_0847,-0.0066722272539490035,0.8110887856958691,0.9990291369142028,0.09093160321513727,NS
GENE_0846,0.01823618152637252,0.9199415543197806,0.9990291369142028,0.03623976335302893,NS
GENE_0844,0.08085521424805009,0.6678820699087586,0.9990291369142028,0.175300215532436,NS
GENE_0842,-0.10735365934853558,0.7221578549317631,0.9990291369142028,0.14136786055701256,NS
GENE_0817,-0.1994740775365731,0.7215242596391629,0.9990291369142028,0.14174906214457209,NS
GENE_0835,-0.1847447147769854,0.6164783233227833,0.9990291369142028,0.21008218950913907,NS
GENE_0837,-0.36454491356635366,0.4997746916936183,0.9990291369142028,0.30122574007851377,NS
GENE_0831,0.07078397880300624,0.9898918767359864,0.9990291369142028,0.00441223964623369,NS
GENE_0827,-0.03227604470024659,0.9293337291272459,0.9990291369142028,0.03182830033198806,NS
GENE_0825,-0.08903041239143228,0.7630164834427009,0.9990291369142028,0.11746607988144606,NS
GENE_0824,-0.3472129985648911,0.4238060276287118,0.9990291369142028,0.37283287077937083,NS
GENE_0833,0.16440800173388315,0.5492922669977636,0.9990291369142028,0.26019651498526714,NS
GENE_0091,0.020775615513953127,0.9979783236645586,0.999853048129802,0.0008788915934962108,NS
GENE_1572,0.16082068402791183,0.9979783227291055,0.999853048129802,0.0008788920005813505,NS
GENE_1947,-0.043060649853680744,0.9979783236645586,0.999853048129802,0.0008788915934962108,NS
GENE_1251,-0.03110385846085162,0.9986522148192641,0.9999020924348077,0.0005857304749375427,NS
GENE_0451,0.02053944701528465,0.999326104518799,0.9999510739400115,0.00029276774737954376,NS
GENE_0001,-0.06828042936998191,1.0,1.0,-0.0,NS
