gene,log2FC,pval,padj,-log10p,significance
GENE_0001,-0.4722393017450015,0.16933756838721337,0.9692998446522187,0.7712466807967809,NS
GENE_1638,0.5480608999537377,0.10634021252546055,0.9692998446522187,0.9733024760648856,NS
GENE_1639,-0.46553391177604375,0.18999652566945813,0.9692998446522187,0.7212543406070578,NS
GENE_0635,-0.6631085976186588,0.06790332749395483,0.9692998446522187,1.1681089432915917,NS
GENE_1648,0.5755838615638336,0.041792728357408965,0.9692998446522187,1.3788992758559138,NS
GENE_1650,-0.8121987758471256,0.04019577825621194,0.9692998446522187,1.3958195582665889,NS
GENE_0626,-0.7530451904267306,0.03360118943825348,0.9692998446522187,1.4736453488801842,NS
GENE_1651,0.5291637041700303,0.1426123213243087,0.9692998446522187,0.8458429509779072,NS
GENE_0623,-0.5050238197581098,0.13204832845854253,0.9692998446522187,0.8792670919642583,NS
GENE_1653,0.3926950943131047,0.1654163284149066,0.9692998446522187,0.7814216230151292,NS
GENE_1656,0.44113210809367587,0.20174607957398993,0.9692998446522187,0.695194895941336,NS
GENE_0614,0.7391905259051557,0.04901816419170777,0.9692998446522187,1.3096429577991733,NS
GENE_0611,0.5429696891673332,0.16029458193714263,0.9692998446522187,0.7950811568384202,NS
GENE_1659,-0.5078296740476755,0.18375288157316827,0.9692998446522187,0.7357658416777069,NS
GENE_0602,-0.8554695779871748,0.009628830515877988,0.9692998446522187,2.0164264575632664,NS
GENE_0599,0.6850570043702549,0.04361934592355336,0.9692998446522187,1.3603208509976046,NS
GENE_1667,0.4486587468323071,0.18600460695228693,0.9692998446522187,0.7304762990660683,NS
GENE_1669,-0.5706959663443216,0.11905081113048206,0.9692998446522187,0.924267641264625,NS
GENE_0596,-0.8509791701088156,0.035193671128620554,0.9692998446522187,1.4535354285969122,NS
GENE_1675,0.6457023596595874,0.0618604939578827,0.9692998446522187,1.2085866164646495,NS
GENE_0574,0.4070138824324312,0.14517751348847296,0.9692998446522187,0.8381006461988946,NS
GENE_0572,0.4736802573189136,0.09848109633167992,0.9692998446522187,1.0066471253067495,NS
GENE_1679,-0.6505412561838746,0.10022517042860146,0.9692998446522187,0.9990231965776828,NS
GENE_1680,-0.9569165829823687,0.01657733866310047,0.9692998446522187,1.7804851901127507,NS
GENE_1685,0.6361475474332297,0.1871394695335652,0.9692998446522187,0.727834605910682,NS
GENE_1686,0.4639094756058606,0.16907447573712153,0.9692998446522187,0.771921950552498,NS
GENE_1688,0.6466401696632111,0.07708584994316471,0.9692998446522187,1.113025334732307,NS
GENE_0558,-0.2996637199387724,0.15603557378819718,0.9692998446522187,0.8067763776798168,NS
GENE_1321,-0.7561098493521614,0.06713853976477818,0.9692998446522187,1.1730281087090304,NS
GENE_0643,-0.8010327074494992,0.03631584166588481,0.9692998446522187,1.439903886058182,NS
GENE_1636,0.6284142377993156,0.08678514790544944,0.9692998446522187,1.061554592042482,NS
GENE_1635,0.47283012449684225,0.15677958454752516,0.9692998446522187,0.8047104907306966,NS
GENE_0753,-1.0080615417417524,0.0107260048376148,0.9692998446522187,1.969562011498539,NS
GENE_1593,-0.5525546437720221,0.17985935519271745,0.9692998446522187,0.7450669678932401,NS
GENE_1596,-0.6622935103583298,0.09076847901836911,0.9692998446522187,1.0420649418429473,NS
GENE_1597,0.6825039917626041,0.08569475068815251,0.9692998446522187,1.067045780375422,NS
GENE_0741,-0.5255070380548084,0.074561667130699,0.9692998446522187,1.127484390118012,NS
GENE_0734,-0.6520435031048049,0.0776560980979537,0.9692998446522187,1.1098244347673039,NS
GENE_1603,-0.31693764847735295,0.20355326954925312,0.9692998446522187,0.6913219174270773,NS
GENE_0728,-0.6383901994723109,0.07680171806681074,0.9692998446522187,1.1146290646222683,NS
GENE_0725,0.7246237614288535,0.06650534139258821,0.9692998446522187,1.1771434728296908,NS
GENE_0724,-0.48536758176377415,0.14145997353816755,0.9692998446522187,0.8493664274937024,NS
GENE_0723,-0.5905780779520908,0.094729819342404,0.9692998446522187,1.0235132909294968,NS
GENE_0717,-0.5433063000473677,0.12520880304639262,0.9692998446522187,0.9023651361409775,NS
GENE_1619,0.7845652709361737,0.01586108608196779,0.9692998446522187,1.7996670778471602,NS
GENE_1691,0.4604831324588057,0.15878120022990605,0.9692998446522187,0.799200919539541,NS
GENE_0709,0.5590626859114893,0.13917353883470904,0.9692998446522187,0.856443329599642,NS
GENE_0702,-0.39021017139037895,0.1946316031919494,0.9692998446522187,0.7107866400311202,NS
GENE_0698,-0.5772383694002325,0.11905081113048206,0.9692998446522187,0.924267641264625,NS
GENE_0696,-1.0297521410804134,0.005680641512987447,0.9692998446522187,2.245602616785723,NS
GENE_0694,0.39168906183112195,0.152593850745552,0.9692998446522187,0.8164629673056715,NS
GENE_0688,0.697816369208244,0.08979813756936787,0.9692998446522187,1.0467326705903146,NS
GENE_0678,-0.4187679001336537,0.17279103635693582,0.9692998446522187,0.7624787905706155,NS
GENE_0671,-0.41857668456355235,0.1416886149719984,0.9692998446522187,0.8486650449782392,NS
GENE_0670,-0.7357994792134219,0.03778040505952449,0.9692998446522187,1.4227333901364378,NS
GENE_0663,-0.40817201246073687,0.19816601968621506,0.9692998446522187,0.7029708136648615,NS
GENE_0655,0.44433400954700275,0.10451171043626557,0.9692998446522187,0.9808350445489853,NS
GENE_0654,0.7532696307055025,0.027955199216447506,0.9692998446522187,1.5535374084922131,NS
GENE_0651,-0.43337138540107123,0.18207698381199933,0.9692998446522187,0.7397449495109383,NS
GENE_1634,0.5016901051663902,0.07623682940823144,0.9692998446522187,1.1178351737435794,NS
GENE_0704,0.5502787821086876,0.10288735586432157,0.9692998446522187,0.9876379937094776,NS
GENE_1589,-0.7417811994501413,0.041878008247599637,0.9692998446522187,1.3780139819035748,NS
GENE_0553,0.743809713979557,0.04170717027498839,0.9692998446522187,1.3797892749263316,NS
GENE_0545,-0.3372033288820866,0.20054795914365042,0.9692998446522187,0.6977817532144251,NS
GENE_0415,0.9675608054126714,0.02233587119923738,0.9692998446522187,1.6509971034275344,NS
GENE_1773,-0.49914332671052186,0.192594771097785,0.9692998446522187,0.7153555080432864,NS
GENE_0410,0.5682892118766354,0.11705199845037098,0.9692998446522187,0.9316211671142224,NS
GENE_0409,-0.3666920368923634,0.20114649878457402,0.9692998446522187,0.696487522485079,NS
GENE_0407,-0.4353538164466979,0.19405004713184826,0.9692998446522187,0.7120862474403326,NS
GENE_1778,0.6624057199739859,0.058725835718034705,0.9692998446522187,1.2311707941306314,NS
GENE_1781,-0.8916683914897057,0.030470691440970303,0.9692998446522187,1.5161176906545546,NS
GENE_0397,0.7466451861501362,0.0640267279629576,0.9692998446522187,1.1936386918966155,NS
GENE_1784,-0.730386762459708,0.040527956638216824,0.9692998446522187,1.392245292214829,NS
GENE_1792,-0.5903830845627418,0.05929592604550236,0.9692998446522187,1.2269751440174679,NS
GENE_0380,0.5734094310062439,0.1225109111215468,0.9692998446522187,0.9118252302475675,NS
GENE_0377,-0.5501020872788898,0.05264309685220286,0.9692998446522187,1.278658570262976,NS
GENE_1795,0.4773003447924049,0.13691552707589014,0.9692998446522187,0.8635472973663955,NS
GENE_0368,-0.5524978317672851,0.10856768367101301,0.9692998446522187,0.964299427895898,NS
GENE_0366,-0.6309032675477866,0.11390775262886543,0.9692998446522187,0.9434467165762421,NS
GENE_0364,0.3338321498437766,0.20415843422482027,0.9692998446522187,0.6900326737295434,NS
GENE_1804,0.46982476623329106,0.17225738097758037,0.9692998446522187,0.7638221601364042,NS
GENE_0352,-0.5093197815970898,0.14008475725239017,0.9692998446522187,0.8536091181140708,NS
GENE_1813,-0.7720476276786918,0.032898104036245386,0.9692998446522187,1.4828291303273236,NS
GENE_1815,-0.5304174896499143,0.13513003802717158,0.9692998446522187,0.8692481010192983,NS
GENE_0338,-0.5985644149798501,0.13917280714561275,0.9692998446522187,0.8564456128596278,NS
GENE_0331,-0.5254897487902292,0.19230525681288269,0.9692998446522187,0.7160088438238019,NS
GENE_1822,-0.5832092734477969,0.05986953835215357,0.9692998446522187,1.2227940906414418,NS
GENE_0326,-0.7024717997792838,0.10819373956993528,0.9692998446522187,0.9657978681471122,NS
GENE_0316,-0.7275395055296014,0.0705047006470452,0.9692998446522187,1.1517819270225313,NS
GENE_0315,0.5921193528980604,0.10707850641328909,0.9692998446522187,0.9702976952082155,NS
GENE_0314,-0.5363530083071266,0.17766265978214746,0.9692998446522187,0.7504038403692223,NS
GENE_0420,0.8352946651720412,0.03669652562370659,0.9692998446522187,1.4353750522024182,NS
GENE_0426,-0.5316500861836193,0.19405025344033677,0.9692998446522187,0.7120857857110424,NS
GENE_0427,0.5425096893953816,0.13074451670131979,0.9692998446522187,0.8835765159696354,NS
GENE_0429,0.8064557747188585,0.041706933932758775,0.9692998446522187,1.379791735952009,NS
GENE_0544,-0.8419151492045698,0.012049620507015926,0.9692998446522187,1.9190266306247297,NS
GENE_1701,-0.860722919580911,0.014681302717767204,0.9692998446522187,1.833235406406592,NS
GENE_1706,0.6520857065437937,0.12944973845033578,0.9692998446522187,0.8878988227083727,NS
GENE_1707,-0.7396535698491586,0.02595950955696434,0.9692998446522187,1.585703516752874,NS
GENE_0532,-0.5338929130436378,0.07895129805150565,0.9692998446522187,1.1026407252887223,NS
GENE_0530,-0.6301682952584367,0.07156936729448718,0.9692998446522187,1.1452728221283448,NS
GENE_0522,0.5895116300074399,0.13031209464864243,0.9692998446522187,0.8850152742689811,NS
GENE_0520,-0.6202778644384521,0.13074438312177028,0.9692998446522187,0.8835769596814815,NS
GENE_0515,0.8271131607823294,0.029000898832977566,0.9692998446522187,1.5375885416819748,NS
GENE_1726,0.6086573010945093,0.19114655488187704,0.9692998446522187,0.718633525054179,NS
GENE_0510,0.4941219071683882,0.12604829739589915,0.9692998446522187,0.8994630162037971,NS
GENE_0504,0.9847448898625659,0.010674211569651423,0.9692998446522187,1.9716641934547143,NS
GENE_1734,0.7839644010532885,0.04523792416444751,0.9692998446522187,1.3444973317883508,NS
GENE_0551,-0.59331116303533,0.09012157107658951,0.9692998446522187,1.0451712458879967,NS
GENE_0498,0.8169391604567693,0.01440734279456053,0.9692998446522187,1.8414161105165086,NS
GENE_0492,0.7325866914488612,0.0567100197390007,0.9692998446522187,1.2463402015495226,NS
GENE_0490,0.6900643089433567,0.17602652044985145,0.9692998446522187,0.7544218957236476,NS
GENE_0488,0.7786090267916697,0.10634025298806482,0.9692998446522187,0.9733023108152402,NS
GENE_0479,0.5280973604639669,0.200547490468717,0.9692998446522187,0.6977827681495863,NS
GENE_0474,-0.5525749373403563,0.15878168212127242,0.9692998446522187,0.7991996014839815,NS
GENE_0473,-0.45536055546887866,0.14825308954889452,0.9692998446522187,0.828996247305654,NS
GENE_0464,-0.7288916403530132,0.05759873103187811,0.9692998446522187,1.239587084492131,NS
GENE_1755,0.6307475183540117,0.09987479179218614,0.9692998446522187,1.0005441130456507,NS
GENE_0460,0.5485760537562907,0.13557491790362428,0.9692998446522187,0.8678206498761972,NS
GENE_0459,0.6109214035018269,0.2041566547916439,0.9692998446522187,0.6900364590317779,NS
GENE_1759,-0.6622463685842037,0.04653228598701007,0.9692998446522187,1.332245611400595,NS
GENE_0448,0.5904432793388965,0.07050518851561459,0.9692998446522187,1.151778921862697,NS
GENE_0444,-0.6516302587568461,0.10633944373563245,0.9692998446522187,0.9733056158215126,NS
GENE_0495,-0.655920372194557,0.13314123607671388,0.9692998446522187,0.8756874153969353,NS
GENE_0312,0.5470371296118648,0.15978891493392933,0.9692998446522187,0.7964533523687719,NS
GENE_0757,-0.7473311709589741,0.03841253817271261,0.9692998446522187,1.4155269951523513,NS
GENE_0768,-0.6912708216010559,0.03275941211810764,0.9692998446522187,1.484663900444974,NS
GENE_1195,0.5331573048859992,0.1557881992645758,0.9692998446522187,0.8074654426093963,NS
GENE_1189,0.8902605880092329,0.020416457169645626,0.9692998446522187,1.6900196180357623,NS
GENE_1187,-0.5009001718536874,0.08820191203156551,0.9692998446522187,1.0545220001770514,NS
GENE_1184,-0.46697010905826186,0.17820741606775425,0.9692998446522187,0.7490742268407458,NS
GENE_1381,-0.4170688435623502,0.15283735897331308,0.9692998446522187,0.8157704755192645,NS
GENE_1383,-0.8650168887014544,0.06317650150401184,0.9692998446522187,1.1994444274902363,NS
GENE_1171,0.44801047393426163,0.13624374533780895,0.9692998446522187,0.8656834261348141,NS
GENE_1389,0.5036277449408457,0.1562841089517106,0.9692998446522187,0.8060851790213794,NS
GENE_1162,0.5569334273501418,0.12107610829110815,0.9692998446522187,0.9169415468735381,NS
GENE_1161,-0.5865354545256407,0.0844635185976729,0.9692998446522187,1.0733308306103315,NS
GENE_1396,-0.5341105996027302,0.1727917815907576,0.9692998446522187,0.762476917497536,NS
GENE_1159,-0.6592473183448266,0.11764905949954814,0.9692998446522187,0.9294115402753724,NS
GENE_1156,-0.6017198817552698,0.15235006918354183,0.9692998446522187,0.8171573442242178,NS
GENE_1151,0.5563649897353944,0.09506607645740994,0.9692998446522187,1.0219744298100208,NS
GENE_1398,-0.46925914930395507,0.19463397787845882,0.9692998446522187,0.710781341266999,NS
GENE_1399,0.5810134918134864,0.1451770481647337,0.9692998446522187,0.8381020382041112,NS
GENE_1409,-0.3640828617688383,0.19698415600002916,0.9692998446522187,0.7055687039829701,NS
GENE_1135,-0.33424995615496034,0.15752912106696293,0.9692998446522187,0.8026391501306693,NS
GENE_1410,0.5820022973609422,0.13031196126210864,0.9692998446522187,0.8850157188099531,NS
GENE_1418,-0.7894627371859606,0.053688935118273814,0.9692998446522187,1.2701152098725592,NS
GENE_1126,-0.6865400428037711,0.11547112553166106,0.9692998446522187,0.9375266009666655,NS
GENE_1124,0.6335260863006038,0.10615587697761156,0.9692998446522187,0.9740559575197002,NS
GENE_1119,0.51990194321702,0.1048751342978915,0.9692998446522187,0.97932747002693,NS
GENE_1108,-0.546553548592442,0.1776623588578583,0.9692998446522187,0.7504045759760689,NS
GENE_1107,0.5711230879438158,0.07637757972200533,0.9692998446522187,1.117034107811766,NS
GENE_1103,-0.8128359720111806,0.02304372320979233,0.9692998446522187,1.6374473499522708,NS
GENE_1431,0.49158023772971404,0.17332871526374305,0.9692998446522187,0.7611294820205821,NS
GENE_1197,1.2126978025940174,0.0022152712264836066,0.9692998446522187,2.6545730933894682,NS
GENE_1368,-0.7134845507995866,0.04239431867043481,0.9692998446522187,1.3726923399969073,NS
GENE_1364,0.4860100226762807,0.15578824710735564,0.9692998446522187,0.8074653092369574,NS
GENE_1363,0.6493592949377716,0.1227153298927564,0.9692998446522187,0.9111011807777406,NS
GENE_1326,-0.6382981849407701,0.0826427030905296,0.9692998446522187,1.0827954862839075,NS
GENE_1328,-0.6678832949101707,0.1048755361812546,0.9692998446522187,0.9793258058060093,NS
GENE_1294,-0.7510835989115687,0.03937695144832323,0.9692998446522187,1.4047579098439225,NS
GENE_1289,0.5005742670659226,0.18487661313421022,0.9692998446522187,0.7331180235577035,NS
GENE_1287,-0.5982256922441271,0.05192126871076025,0.9692998446522187,1.2846547039705838,NS
GENE_1285,0.5044858748115093,0.17494474048799302,0.9692998446522187,0.7570991095479074,NS
GENE_1283,0.8856960790360056,0.02273773538650174,0.9692998446522187,1.643252791984329,NS
GENE_1280,-0.5000817515509803,0.16335298570196977,0.9692998446522187,0.7868729232513539,NS
GENE_1335,0.7912195632381893,0.06269567622888582,0.9692998446522187,1.2027624090047662,NS
GENE_1269,-0.7528652787038226,0.05539787633152897,0.9692998446522187,1.2565068835599493,NS
GENE_1340,-0.6056187314989812,0.09761819312105893,0.9692998446522187,1.0104692352455287,NS
GENE_1266,-0.48305615031628335,0.19230525681288269,0.9692998446522187,0.7160088438238019,NS
GENE_1265,0.402646408343589,0.1727927255514795,0.9692998446522187,0.7624745449552247,NS
GENE_1090,0.5617985934577217,0.09141937961403995,0.9692998446522187,1.0389617302257876,NS
GENE_1259,0.699795430418809,0.041621382690498324,0.9692998446522187,1.3806834963281625,NS
GENE_1343,-1.0277035007511417,0.0037728264478540307,0.9692998446522187,2.423333172130805,NS
GENE_1253,0.4675528305955874,0.14377488329140237,0.9692998446522187,0.8423169762666346,NS
GENE_1345,0.9477151477172914,0.03262079938017836,0.9692998446522187,1.486505400679352,NS
GENE_1248,-0.5622327253951571,0.1214838242724431,0.9692998446522187,0.9154815450853712,NS
GENE_1246,-0.8115299860304654,0.029824268859218083,0.9692998446522187,1.5254301942393196,NS
GENE_1242,1.2334141938581782,0.0017212666495804102,0.9692998446522187,2.764151845842688,NS
GENE_1241,-0.6521097804446896,0.04824118655291408,0.9692998446522187,1.316582018715218,NS
GENE_1238,0.645434056254194,0.04424288990096339,0.9692998446522187,1.3541565130991342,NS
GENE_1349,0.47012141190047263,0.19995077239656223,0.9692998446522187,0.6990769138764615,NS
GENE_1350,0.43924270262864873,0.18685505945656522,0.9692998446522187,0.7284951383050073,NS
GENE_1353,-0.9548411521782612,0.0050619763637819,0.9692998446522187,2.295679887052727,NS
GENE_1358,0.4559279550424318,0.12251052181510319,0.9692998446522187,0.9118266103198183,NS
GENE_1217,0.5765346966518363,0.11547112553166106,0.9692998446522187,0.9375266009666655,NS
GENE_1258,0.5082980189008577,0.10181482001864504,0.9692998446522187,0.9921890021184083,NS
GENE_1588,0.5731624997715565,0.1690744264313052,0.9692998446522187,0.7719220772022893,NS
GENE_1087,0.6277548966294715,0.187708378780594,0.9692998446522187,0.7265163412467327,NS
GENE_1082,0.7828965955093548,0.030601047949295107,0.9692998446522187,1.5142637006163546,NS
GENE_0887,-0.46808198227850273,0.18290935761264704,0.9692998446522187,0.7377640755209649,NS
GENE_0884,-1.0331496997217862,0.0048782986685049,0.9692998446522187,2.3117316140032567,NS
GENE_0883,-0.6609938440017604,0.06587919195540254,0.9692998446522187,1.1812517363307893,NS
GENE_0881,0.6185579111728536,0.08507704427411261,0.9692998446522187,1.07018760666001,NS
GENE_0878,-0.618465915181619,0.08085362364232458,0.9692998446522187,1.0923005114087823,NS
GENE_0868,0.5672606056742664,0.176028270391139,0.9692998446522187,0.7544175782715656,NS
GENE_0857,0.5089651472283334,0.1894224053995599,0.9692998446522187,0.7225686527567501,NS
GENE_0855,0.5880170650725969,0.17440472109459837,0.9692998446522187,0.7584417629953026,NS
GENE_0848,-0.5829994878903513,0.17039499362336463,0.9692998446522187,0.7685431693914282,NS
GENE_1548,-0.3994789653493145,0.16697587630983546,0.9692998446522187,0.7773462686266518,NS
GENE_0836,0.7608235318174241,0.11274703025461237,0.9692998446522187,0.9478948885721324,NS
GENE_0827,0.479445340276877,0.15777810944885862,0.9692998446522187,0.8019532521091421,NS
GENE_0818,0.4720854746371801,0.15827972725727402,0.9692998446522187,0.8005747067681714,NS
GENE_0813,-0.7168898169725431,0.0967609570613777,0.9692998446522187,1.0142998446877975,NS
GENE_0809,-0.5008380044368703,0.18459489996073697,0.9692998446522187,0.733780301953153,NS
GENE_0808,0.5982166736552346,0.08725524875935031,0.9692998446522187,1.0592084389973158,NS
GENE_0804,-1.1760452838203577,0.002586825724990741,0.9692998446522187,2.587232828811215,NS
GENE_0801,0.8287167810275795,0.05390000451455633,0.9692998446522187,1.2684111984376245,NS
GENE_0797,0.6025841928184779,0.05368904587319946,0.9692998446522187,1.2701143139672235,NS
GENE_0792,-0.601112508535472,0.18827846122866265,0.9692998446522187,0.7251993597739342,NS
GENE_1576,-0.7113665799568425,0.10199401935302953,0.9692998446522187,0.9914252933177595,NS
GENE_1577,-0.36134269321493306,0.2047645921827812,0.9692998446522187,0.6887451392444812,NS
GENE_0782,-0.5860036761509448,0.1499300794990808,0.9692998446522187,0.824111228726284,NS
GENE_0781,-0.4830956242959603,0.20114644666557668,0.9692998446522187,0.6964876350149813,NS
GENE_0773,0.2771252307629819,0.2047637541184809,0.9692998446522187,0.6887469167365858,NS
GENE_1580,-0.535776486548257,0.17493880311398002,0.9692998446522187,0.7571138491309386,NS
GENE_0771,0.4314750433748822,0.18459489996073697,0.9692998446522187,0.733780301953153,NS
GENE_0895,0.8294564553045873,0.02238566111329359,0.9692998446522187,1.6500300751194654,NS
GENE_0903,0.6179020668863329,0.12520906514576402,0.9692998446522187,0.9023642270340393,NS
GENE_0914,-0.7932612058121835,0.046158659964293795,0.9692998446522187,1.3357468077067507,NS
GENE_0919,0.7809545713067472,0.051410704582447286,0.9692998446522187,1.288946444096941,NS
GENE_1081,0.37196175262272835,0.1999508244272633,0.9692998446522187,0.699076800865428,NS
GENE_1080,-0.645266723029092,0.1342441127042626,0.9692998446522187,0.8721047512605568,NS
GENE_1073,-0.8288664692380951,0.028504847585011563,0.9692998446522187,1.54508127681966,NS
GENE_1447,-0.5453405595557417,0.11905106728899364,0.9692998446522187,0.9242667068055708,NS
GENE_1062,-0.6329926209057941,0.03034008473708643,0.9692998446522187,1.5179832106027604,NS
GENE_1448,-0.5577799882029151,0.12148516010040744,0.9692998446522187,0.9154767696387011,NS
GENE_1449,-0.8491379730009632,0.030601047949295107,0.9692998446522187,1.5142637006163546,NS
GENE_1052,0.7321413914064987,0.018642617354933444,0.9692998446522187,1.7294931143529282,NS
GENE_1032,-0.5163751675878689,0.16004162164896252,0.9692998446522187,0.7957670567080123,NS
GENE_1025,-0.4679068728365081,0.1412300531661077,0.9692998446522187,0.8500728773960544,NS
GENE_1021,0.4052514937624352,0.19463346164367756,0.9692998446522187,0.7107824931635827,NS
GENE_1014,-0.8762872088650715,0.04487431252994657,0.9692998446522187,1.3480021917113996,NS
GENE_1012,-0.6130250417995802,0.176028270391139,0.9692998446522187,0.7544175782715656,NS
GENE_1435,-0.6002122444375875,0.11468671365903053,0.9692998446522187,0.9404868917656013,NS
GENE_1466,-0.6603836178846807,0.05358271930087703,0.9692998446522187,1.2709752499029132,NS
GENE_0986,0.4968058457104556,0.19172513471191577,0.9692998446522187,0.7173209484097005,NS
GENE_1472,-1.0735644474212407,0.003722016185492279,0.9692998446522187,2.429221742636015,NS
GENE_0970,-0.623971218138089,0.05060230621146471,0.9692998446522187,1.295829689640648,NS
GENE_0967,-0.5283518499271489,0.15928431010060817,0.9692998446522187,0.797827001175116,NS
GENE_0966,0.5223481681468716,0.17225782763717223,0.9692998446522187,0.7638210340218456,NS
GENE_0965,-0.48930413450508503,0.11725083871773559,0.9692998446522187,0.9308840420100505,NS
GENE_0955,0.5218629468497342,0.13074438312177028,0.9692998446522187,0.8835769596814815,NS
GENE_0949,0.44115267561914884,0.1499284768861949,0.9692998446522187,0.824115870954549,NS
GENE_0944,0.30140363030609674,0.16489880978437266,0.9692998446522187,0.7827824790185782,NS
GENE_0936,0.5028373793566479,0.15678030393142073,0.9692998446522187,0.8047084979729001,NS
GENE_1503,0.7988144161004476,0.06103498824078816,0.9692998446522187,1.2144211347637017,NS
GENE_1506,0.750403724009634,0.05648938381636985,0.9692998446522187,1.2480331625022976,NS
GENE_0922,-0.44988245999927035,0.18999637192571017,0.9692998446522187,0.7212546920350018,NS
GENE_1469,-0.752634914163516,0.061742264159551044,0.9692998446522187,1.2094174484857771,NS
GENE_1831,-0.7204376154541023,0.06221751972234997,0.9692998446522187,1.2060873058658113,NS
GENE_0641,0.6612304396564808,0.09882819265375269,0.9692998446522187,1.0051191468356284,NS
GENE_1320,0.6731652760025959,0.10782097820888327,0.9692998446522187,0.9672967323405025,NS
GENE_0277,-0.48931863494652283,0.14896769299550572,0.9692998446522187,0.8269079079307557,NS
GENE_0128,-0.34497737150638663,0.1727917815907576,0.9692998446522187,0.762476917497536,NS
GENE_1976,0.6899624950399419,0.06841734845232353,0.9692998446522187,1.1648337611190738,NS
GENE_0219,-0.5808544580678188,0.19463346164367756,0.9692998446522187,0.7107824931635827,NS
GENE_1933,-0.5435921843859592,0.19995030411988446,0.9692998446522187,0.6990779309778853,NS
GENE_1875,0.6766093389013799,0.08851942380348105,0.9692998446522187,1.0529614216740963,NS
GENE_1977,-0.4741430958813151,0.20355326954925312,0.9692998446522187,0.6913219174270773,NS
GENE_0281,-0.45941894806320693,0.15653208102744343,0.9692998446522187,0.805396640958681,NS
GENE_1960,-0.7084396735838459,0.05726409879742537,0.9692998446522187,1.2421175696676143,NS
GENE_1858,0.5040778217139517,0.1885622682418686,0.9692998446522187,0.7245452062633133,NS
GENE_1974,0.5473480921967493,0.14354180129270752,0.9692998446522187,0.8430216081484659,NS
GENE_1897,-0.6143806983894518,0.06893475636821705,0.9692998446522187,1.161561754971569,NS
GENE_1901,0.47349263610068437,0.08144638609024625,0.9692998446522187,1.0891281812865252,NS
GENE_0133,0.5882027537373631,0.05975553558635223,0.9692998446522187,1.2236218566852632,NS
GENE_1956,-0.48425984925776255,0.12354246095253686,0.9692998446522187,0.9081837518127823,NS
GENE_0200,-0.6373457870374972,0.1127461978635984,0.9692998446522187,0.9478980949018938,NS
GENE_0308,0.4688196683021193,0.061742143703977376,0.9692998446522187,1.20941829576993,NS
GENE_0284,0.5086596171668143,0.13424406766643018,0.9692998446522187,0.8721048969629267,NS
GENE_0285,0.641261854043476,0.08324550264413741,0.9692998446522187,1.0796392200389846,NS
GENE_0034,0.5668481146167883,0.13512976703885252,0.9692998446522187,0.8692489719496359,NS
GENE_1981,0.770399501210318,0.032827200387388636,0.9692998446522187,1.4837661537663418,NS
GENE_0138,-0.5393628856543753,0.18319210590974755,0.9692998446522187,0.7370932448259329,NS
GENE_0203,0.619481309370336,0.2032509419878591,0.9692998446522187,0.6919674329457948,NS
GENE_0139,-0.40070586729476343,0.19492529030763384,0.9692998446522187,0.7101318103000048,NS
GENE_0276,0.49373064030430935,0.11547179899162756,0.9692998446522187,0.9375240680469162,NS
GENE_0045,0.9141601433205704,0.010884476412176363,0.9692998446522187,1.9631924574608965,NS
GENE_1964,-0.6638604978420517,0.057933943543810484,0.9692998446522187,1.2370669082172445,NS
GENE_0117,-0.7510368856548668,0.03504640104210326,0.9692998446522187,1.4553565736404321,NS
GENE_1963,0.49793043939936155,0.19230474244075146,0.9692998446522187,0.716010005462754,NS
GENE_0264,-0.41339637369082816,0.2005480112186021,0.9692998446522187,0.6977816404440867,NS
GENE_0266,-0.4466254194629071,0.14611906131214403,0.9692998446522187,0.8352931264154011,NS
GENE_1880,-0.769050130469271,0.07765417524126625,0.9692998446522187,1.1098351885446418,NS
GENE_0258,-0.5856293541777324,0.07909653445914898,0.9692998446522187,1.1018425442929611,NS
GENE_1887,0.6418295136722367,0.07143567882015685,0.9692998446522187,1.14608482401481,NS
GENE_1970,0.9683399176410283,0.007886828515127689,0.9692998446522187,2.103097602022134,NS
GENE_0073,0.48528704436279746,0.20294956810702447,0.9692998446522187,0.692611868559239,NS
GENE_0044,0.5617103459398249,0.13161274373600165,0.9692998446522187,0.8807020570270171,NS
GENE_0127,0.626528849009234,0.16515582741436463,0.9692998446522187,0.7821060979080635,NS
GENE_0049,-0.7244362251663299,0.025733335432361393,0.9692998446522187,1.5895039189592008,NS
GENE_1972,-0.6621533840164293,0.06305646755576391,0.9692998446522187,1.2002703622276565,NS
GENE_0075,-0.4218433361928904,0.19935311778176001,0.9692998446522187,0.7003769678028113,NS
GENE_1888,0.4608944036893252,0.14008461968707275,0.9692998446522187,0.8536095445979279,NS
GENE_0218,-0.5299610961526264,0.10707862821170949,0.9692998446522187,0.9702972012122346,NS
GENE_0046,-0.6331435079644203,0.07623682940823144,0.9692998446522187,1.1178351737435794,NS
GENE_0079,-0.6940703324765964,0.09523452492648588,0.9692998446522187,1.0212055803247395,NS
GENE_0210,0.4631582340148146,0.14541234746171414,0.9692998446522187,0.8373987144755356,NS
GENE_0238,-0.7749132427349688,0.028814119346822768,0.9692998446522187,1.5403946493312781,NS
GENE_0080,0.6223297605838427,0.14872946567034562,0.9692998446522187,0.8276029823164424,NS
GENE_0051,-0.497629624806847,0.1798598587863086,0.9692998446522187,0.7450657519008256,NS
GENE_0250,0.41297128338763667,0.18403303463230725,0.9692998446522187,0.7351042124752639,NS
GENE_0224,-0.49828380835609654,0.17332871526374305,0.9692998446522187,0.7611294820205821,NS
GENE_0296,-0.48509976240588326,0.15928459957889218,0.9692998446522187,0.7978262119027322,NS
GENE_0021,-0.6483257874836257,0.10342672146346867,0.9692998446522187,0.9853672418526737,NS
GENE_1908,-0.449309504561084,0.15137861460949226,0.9692998446522187,0.8199354736674563,NS
GENE_0019,-0.7451087055246708,0.09439413484889085,0.9692998446522187,1.025054989620315,NS
GENE_0294,0.6578307791606601,0.12189326200251158,0.9692998446522187,0.9140203005834713,NS
GENE_0244,0.7212138611982573,0.05130885532515948,0.9692998446522187,1.2898076741287134,NS
GENE_0295,0.7740080911826697,0.02154992908209337,0.9692998446522187,1.6665541547053933,NS
GENE_0234,-0.858799649265352,0.013807139537093668,0.9692998446522187,1.8598962860796333,NS
GENE_1869,1.0366377202936539,0.00829360721546446,0.9692998446522187,2.0812565366348563,NS
GENE_1918,0.5167281801334234,0.15928382763634652,0.9692998446522187,0.797828316633517,NS
GENE_0288,-0.6311647875634057,0.08867889372526475,0.9692998446522187,1.0521797333745295,NS
GENE_1990,-1.0149701851946586,0.0034773230718823456,0.9692998446522187,2.458754957916782,NS
GENE_1995,-0.8622914689720949,0.03669617764793859,0.9692998446522187,1.4353791704307746,NS
GENE_0100,0.6031088518993855,0.17386624571715636,0.9692998446522187,0.7597847234697488,NS
GENE_0099,0.8373245899836146,0.028876078424096056,0.9692998446522187,1.5394617873634098,NS
GENE_0012,-0.8119866931525719,0.022236255783597877,0.9692998446522187,1.6529383389163428,NS
GENE_0159,-0.3687943243345666,0.171457358797926,0.9692998446522187,0.7658438706146571,NS
GENE_1917,-0.6764790930964173,0.052849465155035066,0.9692998446522187,1.2769594034633156,NS
GENE_0239,-0.7046160069706726,0.10022540618315728,0.9692998446522187,0.9990221750101282,NS
GENE_0236,0.6100013109441234,0.13759027098065424,0.9692998446522187,0.8614122740132756,NS
GENE_1921,-0.6259784308508927,0.16671598799905718,0.9692998446522187,0.7780227495012263,NS
GENE_0177,-0.6777772765966059,0.10217235752901234,0.9692998446522187,0.9906665855753477,NS
GENE_0172,-0.391381136205621,0.15578729025072452,0.9692998446522187,0.8074679766964017,NS
GENE_1938,0.8026286952622019,0.019600757872107077,0.9692998446522187,1.7077271361276647,NS
GENE_0180,-0.5274280670407148,0.10270838330493919,0.9692998446522187,0.9883941067972223,NS
GENE_0291,0.5060623559849802,0.08129786586980282,0.9692998446522187,1.0899208548134758,NS
GENE_0026,0.6912852645749634,0.09969938164094459,0.9692998446522187,1.0013075352766934,NS
GENE_0174,0.5419915800234572,0.1871394695335652,0.9692998446522187,0.727834605910682,NS
GENE_1915,-0.43292098073272633,0.2005478029187464,0.9692998446522187,0.6977820915257221,NS
GENE_0292,-0.6982852554238619,0.08085327257968146,0.9692998446522187,1.092302397099155,NS
GENE_1833,-0.441512545457309,0.19580581078349268,0.9692998446522187,0.708174424107137,NS
GENE_0190,-0.8844165968551234,0.010937637454741297,0.9692998446522187,1.9610764760989512,NS
GENE_0149,0.751964979742854,0.01915978491338666,0.9692998446522187,1.7176093705943019,NS
GENE_1986,-0.9729622844861403,0.027653715835489888,0.9692998446522187,1.55824650419932,NS
GENE_1943,0.539823733058995,0.2059813581398564,0.9721834012500598,0.6861720826567643,NS
GENE_0899,-0.44206055892776863,0.3428648226395864,0.9801410250690689,0.46487707049078125,NS
GENE_1519,0.32646859391612004,0.2143301100421846,0.9801410250690689,0.6689168130617805,NS
GENE_0904,0.3382066607695826,0.349389198163116,0.9801410250690689,0.4566905259434412,NS
GENE_1522,0.3201542594077367,0.4243295642389753,0.9801410250690689,0.3722967086563086,NS
GENE_0979,-0.2636464467939863,0.3428646551476512,0.9801410250690689,0.4648772826468153,NS
GENE_0983,-0.26738970720292876,0.30938352119367285,0.9801410250690689,0.5095028220046105,NS
GENE_1473,0.5312238991901417,0.37536102366159363,0.9801410250690689,0.4255508251816384,NS
GENE_0115,0.3453831539415644,0.21590300267290807,0.9801410250690689,0.6657413176694427,NS
GENE_0902,-0.328755537254386,0.3631267551206915,0.9801410250690689,0.4399417511609075,NS
GENE_1504,-0.2975595711630037,0.413567761878341,0.9801410250690689,0.38345332238998586,NS
GENE_1474,-0.3938772125152248,0.41551252230758284,0.9801410250690689,0.38141588334284254,NS
GENE_0932,-0.4496977877609938,0.2611800649228848,0.9801410250690689,0.5830599745041104,NS
GENE_0108,-0.3562211916659672,0.25156582024041885,0.9801410250690689,0.5993483659666393,NS
GENE_0927,-0.40537467198362176,0.3351369072795567,0.9801410250690689,0.4747777424266295,NS
GENE_0104,0.33177935490584254,0.31631148972236744,0.9801410250690689,0.49988503245229954,NS
GENE_0893,0.30790686945226575,0.40680457386021285,0.9801410250690689,0.3906141727820254,NS
GENE_1489,0.36962076547638123,0.21780071926861067,0.9801410250690689,0.661940690356769,NS
GENE_1488,-0.4124971153045829,0.2519177708683752,0.9801410250690689,0.598741195273415,NS
GENE_0926,-0.42052837720848046,0.33855704586426083,0.9801410250690689,0.4703681434730338,NS
GENE_1484,-0.27315682599965996,0.3613354938744613,0.9801410250690689,0.4420893757231489,NS
GENE_0924,-0.3526218335231093,0.3542268126119038,0.9801410250690689,0.4507185687002187,NS
GENE_0918,-0.2510003967507082,0.2826841197610469,0.9801410250690689,0.5486985880221948,NS
GENE_0915,-0.28523819853836585,0.32584522937074567,0.9801410250690689,0.48698863303304984,NS
GENE_1479,0.3791797761209823,0.3712522180814699,0.9801410250690689,0.43033094293354573,NS
GENE_1478,-0.5019828877298718,0.3428648784702045,0.9801410250690689,0.4648769997721604,NS
GENE_0962,0.19600450177693318,0.25368118348987634,0.9801410250690689,0.5957117448775155,NS
GENE_0964,-0.40381196928820895,0.34156897831944355,0.9801410250690689,0.4665215793075711,NS
GENE_0910,-0.34999454192456003,0.38691405640403553,0.9801410250690689,0.4123854922797431,NS
GENE_1941,0.15205726859385127,0.3991562258515241,0.9801410250690689,0.3988570924185463,NS
GENE_0972,0.19996155963274553,0.367628249642161,0.9801410250690689,0.43459112353099166,NS
GENE_0974,0.3968169344667629,0.407765676034032,0.9801410250690689,0.38958933406643875,NS
GENE_0892,-0.33357698500765576,0.3225016502603436,0.9801410250690689,0.49146805871203986,NS
GENE_0844,0.47908910076588107,0.28650951743269626,0.9801410250690689,0.542860946821028,NS
GENE_1526,0.34288621406474107,0.37125526145132826,0.9801410250690689,0.4303273827842615,NS
GENE_0141,0.2439995876087604,0.37170963330198215,0.9801410250690689,0.4297961834948573,NS
GENE_0784,0.46610398095591776,0.2099695665122311,0.9801410250690689,0.6778436483785353,NS
GENE_0142,0.430318059212369,0.37307631546272113,0.9801410250690689,0.4282023210217337,NS
GENE_1922,-0.3319649189604368,0.430264889261461,0.9801410250690689,0.3662640920353639,NS
GENE_0774,0.23720267657687533,0.26553391970455587,0.9801410250690689,0.5758799936047824,NS
GENE_0145,-0.38088391301873425,0.2699368300966267,0.9801410250690689,0.568737856397542,NS
GENE_1920,-0.3331137216811255,0.38598209969470254,0.9801410250690689,0.41343283570149864,NS
GENE_0765,-0.15881806330308024,0.3037549961292383,0.9801410250690689,0.5174765701063402,NS
GENE_0761,-0.34364538105937825,0.28192298023218854,0.9801410250690689,0.5498695222792792,NS
GENE_0151,-0.48224356487496944,0.24220155532123055,0.9801410250690689,0.6158230723190639,NS
GENE_0152,-0.4279935065911378,0.2669961376257707,0.9801410250690689,0.5734950211071382,NS
GENE_0153,-0.29328699336182495,0.3437304621384002,0.9801410250690689,0.46378197803914456,NS
GENE_0749,-0.37806360024817476,0.22944163281943453,0.9801410250690689,0.6393277753482984,NS
GENE_1594,0.33129988605537,0.37581900036847515,0.9801410250690689,0.4250212669534644,NS
GENE_0746,-0.16129769932405136,0.3726209070908756,0.9801410250690689,0.4287327812715836,NS
GENE_0158,0.36960499988015716,0.34373051795881215,0.9801410250690689,0.4637819075115144,NS
GENE_1599,0.3763551426310894,0.2788932143832399,0.9801410250690689,0.5545620522157193,NS
GENE_0735,-0.33867343321255383,0.31100441146592694,0.9801410250690689,0.5072334506460848,NS
GENE_0160,0.4450810105225331,0.42927460697221387,0.9801410250690689,0.3672648007309338,NS
GENE_0731,-0.3111728816494672,0.2842100706153936,0.9801410250690689,0.5463605374739704,NS
GENE_0729,-0.3857494839613711,0.3599959813830612,0.9801410250690689,0.44370234721299745,NS
GENE_0164,0.3246798431799025,0.22292018138216974,0.9801410250690689,0.651850612245824,NS
GENE_1608,0.5228938961206948,0.24288686670552262,0.9801410250690689,0.6145959675807182,NS
GENE_1609,0.30250943142195297,0.38412181021610314,0.9801410250690689,0.4155310331431064,NS
GENE_1612,-0.4423219736191655,0.2165343533497167,0.9801410250690689,0.6644731926747669,NS
GENE_0171,0.21649770267272572,0.42630178524968754,0.9801410250690689,0.3702828486278744,NS
GENE_1621,-0.3411646795376022,0.41259664828955256,0.9801410250690689,0.3844743043203675,NS
GENE_1575,-0.4116344281982993,0.23744357875392863,0.9801410250690689,0.6244395706574243,NS
GENE_1566,0.45017825525013944,0.3676288037945672,0.9801410250690689,0.43459046888828945,NS
GENE_0795,-0.43492838807942835,0.2946563199074992,0.9801410250690689,0.5306842395458621,NS
GENE_1560,0.44006610359775955,0.28116367652745866,0.9801410250690689,0.5510407864354077,NS
GENE_0119,-0.2889850010789239,0.3841209301555767,0.9801410250690689,0.41553202815525636,NS
GENE_0121,-0.34948478680888684,0.25866342554296373,0.9801410250690689,0.5872649752564152,NS
GENE_0874,-0.3533173947816648,0.24946377356356086,0.9801410250690689,0.6029925125004562,NS
GENE_0870,0.49961106986368087,0.23947369390129747,0.9801410250690689,0.620742186721141,NS
GENE_0869,0.2598505587996742,0.3617824141845287,0.9801410250690689,0.4415525475045052,NS
GENE_0123,-0.22026863599237778,0.3972574593949859,0.9801410250690689,0.400927939196315,NS
GENE_0866,-0.6250973619980709,0.22616445955072173,0.9801410250690689,0.645575640938879,NS
GENE_0863,-0.4832546800752171,0.2505135584134972,0.9801410250690689,0.6011687640689253,NS
GENE_0858,0.34055914573275636,0.3568822670975915,0.9801410250690689,0.4474750308983423,NS
GENE_1535,-0.38962385905621577,0.28959499773582276,0.9801410250690689,0.5382089441133294,NS
GENE_1536,-0.4911545330885705,0.29740614475961125,0.9801410250690689,0.5266500626882306,NS
GENE_1538,0.3242218856831789,0.35599463133022835,0.9801410250690689,0.4485565514688044,NS
GENE_1539,-0.40600608105415326,0.32002034563205184,0.9801410250690689,0.4948224100711999,NS
GENE_0118,-0.36715889560716874,0.256163972002566,0.9801410250690689,0.5914819513311518,NS
GENE_1544,-0.40396884994693405,0.3717101312097142,0.9801410250690689,0.4297956017546593,NS
GENE_0845,-0.3528954558511028,0.34633468559545655,0.9801410250690689,0.46050401145844744,NS
GENE_0843,-0.33059097305675067,0.3568822670975915,0.9801410250690689,0.4474750308983423,NS
GENE_1545,0.3651545920002306,0.2997766994685952,0.9801410250690689,0.5232021262758376,NS
GENE_0838,0.35598244373585697,0.3631267551206915,0.9801410250690689,0.4399417511609075,NS
GENE_0837,-0.2538475825944291,0.40968858952151366,0.9801410250690689,0.38754613167012164,NS
GENE_0833,0.43104177378966657,0.40106033207405933,0.9801410250690689,0.396790290931056,NS
GENE_1553,-0.3902253525454684,0.2751372575228329,0.9801410250690689,0.5604505959390166,NS
GENE_0132,0.2923954707087555,0.32584411008393055,0.9801410250690689,0.48699012484842275,NS
GENE_0825,0.37769969004432635,0.2640774471954529,0.9801410250690689,0.5782686869293613,NS
GENE_0821,0.40686838400327563,0.2684635517288497,0.9801410250690689,0.5711146684654591,NS
GENE_1556,0.3046631827573201,0.3089802357177365,0.9801410250690689,0.5100692998413381,NS
GENE_0816,-0.4565502899508074,0.36044202745782694,0.9801410250690689,0.4431645761034222,NS
GENE_0815,0.4623252183682727,0.29898489473395606,0.9801410250690689,0.5243507524762485,NS
GENE_0846,-0.33982114432486643,0.36088875386846897,0.9801410250690689,0.4426266513540876,NS
GENE_0984,0.4423083314324261,0.25687669759107035,0.9801410250690689,0.5902752906990837,NS
GENE_1029,-0.5121799873467632,0.2706755450649364,0.9801410250690689,0.5675509800001428,NS
GENE_1944,-0.3893061113344469,0.365823850540304,0.9801410250690689,0.4367279833309585,NS
GENE_0030,-0.3118634456971785,0.34982846292812686,0.9801410250690689,0.45614485812281497,NS
GENE_1234,-0.21597989974783083,0.36672557938426986,0.9801410250690689,0.4356587966169816,NS
GENE_1233,0.5339286076173213,0.23879642921146416,0.9801410250690689,0.6219721716186806,NS
GENE_1982,0.2075945968820907,0.3855160589633997,0.9801410250690689,0.4139575263706707,NS
GENE_1231,0.4165090005100547,0.36223034773118556,0.9801410250690689,0.44101516721889183,NS
GENE_1230,-0.35700668957989556,0.32002034563205184,0.9801410250690689,0.4948224100711999,NS
GENE_0032,-0.2824140931464001,0.36943874012626576,0.9801410250690689,0.43245756547157094,NS
GENE_1225,0.3424198431829666,0.3906553781638562,0.9801410250690689,0.4082061923685926,NS
GENE_1221,0.5378313401610013,0.24564113465307968,0.9801410250690689,0.6096989052141762,NS
GENE_1359,-0.3984265682386754,0.3334349368680478,0.9801410250690689,0.4769888973272011,NS
GENE_1216,-0.3750533022426197,0.36762769548835195,0.9801410250690689,0.43459177817633793,NS
GENE_1215,0.4709510945909736,0.21653451280318514,0.9801410250690689,0.6644728728653007,NS
GENE_1361,0.3215522082049862,0.36088686505691625,0.9801410250690689,0.4426289243608592,NS
GENE_1362,-0.379016866830856,0.3542268126119038,0.9801410250690689,0.4507185687002187,NS
GENE_0029,-0.5357098912137337,0.2611800649228848,0.9801410250690689,0.5830599745041104,NS
GENE_1979,0.38078500807057836,0.22099119610015805,0.9801410250690689,0.6556250274971519,NS
GENE_1365,-0.23925656157808994,0.300966130453425,0.9801410250690689,0.5214823754520626,NS
GENE_1366,-0.4043783883238321,0.24946328067084067,0.9801410250690689,0.6029933705841649,NS
GENE_0037,-0.3443078331431062,0.3233402618256188,0.9801410250690689,0.4903402143491012,NS
GENE_1203,-0.3237711654140911,0.35246333202572067,0.9801410250690689,0.45288605747318955,NS
GENE_1202,0.10811489799418172,0.4312620510303903,0.9801410250690689,0.36525875598156843,NS
GENE_1978,0.4397737666073738,0.21780018698958148,0.9801410250690689,0.6619417517220779,NS
GENE_1196,-0.22958555987263107,0.40296960877344,0.9801410250690689,0.3947277063147049,NS
GENE_1190,0.3486072268046829,0.2919225813214851,0.9801410250690689,0.534732309383335,NS
GENE_0040,0.35424637255611735,0.2888213288002458,0.9801410250690689,0.5393707382553802,NS
GENE_1378,0.3790150064041926,0.2547430822956428,0.9801410250690689,0.5938976006939461,NS
GENE_1380,0.36208355786312385,0.3266818206568972,0.9801410250690689,0.4858750326750605,NS
GENE_1382,0.5129220781870183,0.2347542469328413,0.9801410250690689,0.6293865421808538,NS
GENE_1176,-0.33309484819558577,0.26190165222933726,0.9801410250690689,0.5818617617816383,NS
GENE_1385,0.39065685114080484,0.25866342554296373,0.9801410250690689,0.5872649752564152,NS
GENE_0036,0.38862428734906374,0.28650845828408056,0.9801410250690689,0.5428625522938711,NS
GENE_1174,-0.369702244747093,0.4135649526440748,0.9801410250690689,0.38345627242428815,NS
GENE_1239,-0.2573079920150825,0.4272916410307699,0.9801410250690689,0.3692756030632611,NS
GENE_1243,0.4898495763775239,0.2367689703560908,0.9801410250690689,0.6256752144750138,NS
GENE_1316,0.2606925067907575,0.41066128457343387,0.9801410250690689,0.3865162386819433,NS
GENE_1322,0.45972000328330065,0.3785744310172665,0.9801410250690689,0.4218487217063463,NS
GENE_1310,0.36166179110575225,0.29661852844762604,0.9801410250690689,0.5278017240047612,NS
GENE_0002,-0.2493711595504733,0.4238363410014939,0.9801410250690689,0.37280180831477494,NS
GENE_1327,-0.36644894564158914,0.42976931415182507,0.9801410250690689,0.36676459668610994,NS
GENE_1303,0.38714427623294156,0.3250088608246404,0.9801410250690689,0.48810479854485334,NS
GENE_1996,0.5004077390291766,0.2811625634728848,0.9801410250690689,0.5510425056988,NS
GENE_1299,0.49372914073874963,0.22292119836131208,0.9801410250690689,0.6518486309652619,NS
GENE_1297,0.3952758105932457,0.3822674015234717,0.9801410250690689,0.4176327355726606,NS
GENE_1295,0.34591606095442984,0.3089802357177365,0.9801410250690689,0.5100692998413381,NS
GENE_1293,-0.38872114064798424,0.3564387762884367,0.9801410250690689,0.44801505600427033,NS
GENE_1291,-0.3607170950091536,0.2811631200007636,0.9801410250690689,0.5510416460653388,NS
GENE_1992,-0.4634592627398888,0.2766354762240837,0.9801410250690689,0.5580921259606296,NS
GENE_1330,-0.3925657233879827,0.23142389610099123,0.9801410250690689,0.6355917991915979,NS
GENE_0025,-0.33003553192524304,0.32500779744140607,0.9801410250690689,0.48810621949757804,NS
GENE_0008,-0.4006678436441655,0.22944163281943453,0.9801410250690689,0.6393277753482984,NS
GENE_1282,-0.30187448542644546,0.41356743773793636,0.9801410250690689,0.38345366277542503,NS
GENE_1279,-0.3010917336310559,0.2751374241123954,0.9801410250690689,0.5604503329833324,NS
GENE_1274,0.32953772632413525,0.2505124623100411,0.9801410250690689,0.6011706642963103,NS
GENE_1272,0.33864553285912,0.34459643557927977,0.9801410250690689,0.4626892190999928,NS
GENE_1989,-0.18773582384763454,0.4199069057343603,0.9801410250690689,0.3768469829527618,NS
GENE_0016,0.40202863107623,0.3225081434551976,0.9801410250690689,0.49145931478683874,NS
GENE_1264,0.20528097120922872,0.3626784613685887,0.9801410250690689,0.44047823539426534,NS
GENE_1262,-0.30030821834610144,0.23542500972856428,0.9801410250690689,0.6281474029617281,NS
GENE_1261,0.2589699316563667,0.4001066170765404,0.9801410250690689,0.3978242660764786,NS
GENE_1342,0.2642277099738797,0.3925355722889976,0.9801410250690689,0.4061209805778426,NS
GENE_1256,0.408963847232128,0.36943874012626576,0.9801410250690689,0.43245756547157094,NS
GENE_1252,-0.2481777559951901,0.4053639170140797,0.9801410250690689,0.39215491212822673,NS
GENE_1346,-0.3753210129460536,0.25902191289538623,0.9801410250690689,0.5866634936523786,NS
GENE_1985,-0.2586431009722947,0.3878466715564899,0.9801410250690689,0.41133993125564067,NS
GENE_0009,0.4342981659335212,0.31836852534355486,0.9801410250690689,0.49706987417959353,NS
GENE_0985,0.22880930689944012,0.42927460697221387,0.9801410250690689,0.3672648007309338,NS
GENE_1173,0.43942371494524934,0.32334042974411303,0.9801410250690689,0.4903399888094294,NS
GENE_1387,0.2364671851358935,0.35246349912465524,0.9801410250690689,0.45288585157906835,NS
GENE_1070,0.2998214117112621,0.42235975158625017,0.9801410250690689,0.37431747422619804,NS
GENE_1445,-0.30250197489083597,0.40106011416751586,0.9801410250690689,0.3967905268946444,NS
GENE_1958,0.39444950770267617,0.41259664828955256,0.9801410250690689,0.3844743043203675,NS
GENE_1057,-0.5500307081235718,0.2547430822956428,0.9801410250690689,0.5938976006939461,NS
GENE_1955,-0.3217679585709572,0.4243295106472561,0.9801410250690689,0.3722967635065744,NS
GENE_1054,-0.5197971803989452,0.22292018138216974,0.9801410250690689,0.651850612245824,NS
GENE_1051,0.24400883733366552,0.3325858231262675,0.9801410250690689,0.4780962670505172,NS
GENE_1046,-0.3273495834848932,0.3411375600994675,0.9801410250690689,0.46707046105023525,NS
GENE_1045,-0.3140053159134695,0.3097887791750895,0.9801410250690689,0.5089343168240521,NS
GENE_1455,0.45464670883441194,0.2165345659543233,0.9801410250690689,0.6644727662622337,NS
GENE_1035,0.3308100372919869,0.40776676083962715,0.9801410250690689,0.3895881786860698,NS
GENE_1023,-0.3233069684162029,0.3564382755811569,0.9801410250690689,0.4480156660797611,NS
GENE_1019,-0.24252756223493588,0.30455551783787327,0.9801410250690689,0.5163335276850293,NS
GENE_1462,0.3873180226724582,0.3472070165544785,0.9801410250690689,0.45941150693995386,NS
GENE_1072,0.30503376478400224,0.2728994438066161,0.9801410250690689,0.5639973494600545,NS
GENE_1015,-0.3093407806078634,0.37581933171132365,0.9801410250690689,0.42502088405556104,NS
GENE_1008,-0.4153029641343222,0.34982896458374657,0.9801410250690689,0.4561442353429833,NS
GENE_1465,0.33005677249152576,0.2604596345562632,0.9801410250690689,0.5842595731238505,NS
GENE_1006,-0.4452461448301861,0.29701171507639734,0.9801410250690689,0.5272264204043572,NS
GENE_0093,0.28099833660768336,0.3850514058011515,0.9801410250690689,0.41448128668511214,NS
GENE_1004,0.2925955156417732,0.37949555359150877,0.9801410250690689,0.4207933082058781,NS
GENE_1002,-0.3777131951031354,0.4203963736051327,0.9801410250690689,0.37634103890943,NS
GENE_1000,-0.3035791453526908,0.2600980613627186,0.9801410250690689,0.584862884799942,NS
GENE_0999,0.29397935629134686,0.3831934782937153,0.9801410250690689,0.41658189094306053,NS
GENE_1468,0.29431572359568037,0.3081720828334219,0.9801410250690689,0.511206706372125,NS
GENE_1997,-0.36016951593848656,0.33216156637972616,0.9801410250690689,0.4786506201532413,NS
GENE_0996,-0.44322911179488855,0.2608195121029254,0.9801410250690689,0.5836599218294969,NS
GENE_1945,0.23529859591630498,0.42729265689405416,0.9801410250690689,0.3692745705523203,NS
GENE_1470,-0.4070151778244142,0.3667236945963289,0.9801410250690689,0.43566102868136924,NS
GENE_0987,0.5445807671396974,0.2669963589488019,0.9801410250690689,0.5734946611044348,NS
GENE_1011,-0.3369551731679916,0.25403381795318436,0.9801410250690689,0.5951084645894228,NS
GENE_1170,-0.549475269745046,0.2327520186777734,0.9801410250690689,0.6331065436578298,NS
GENE_1438,-0.4061380979424225,0.2662626232162255,0.9801410250690689,0.5746897936444877,NS
GENE_1078,-0.2860850555818715,0.26772948554225495,0.9801410250690689,0.5723037965264415,NS
GENE_1394,-0.398594384267998,0.2629879976887811,0.9801410250690689,0.5800640714968436,NS
GENE_1158,0.3586386995763453,0.37490283941752456,0.9801410250690689,0.42608127033146886,NS
GENE_0052,0.3301879043989713,0.41746224140388455,0.9801410250690689,0.37938279944148906,NS
GENE_1152,-0.37935342362650637,0.3953650226100436,0.9801410250690689,0.40300175474761263,NS
GENE_0053,-0.3433043433521954,0.37170963330198215,0.9801410250690689,0.4297961834948573,NS
GENE_1146,-0.43056676326009224,0.24981147898072897,0.9801410250690689,0.6023876094228562,NS
GENE_1145,0.38894879641178726,0.2540346968611712,0.9801410250690689,0.5951069620169246,NS
GENE_1144,0.25649187940119234,0.30136405133111843,0.9801410250690689,0.5209085544091075,NS
GENE_1141,-0.3250119596757397,0.3225083673553274,0.9801410250690689,0.49145901327954633,NS
GENE_1139,0.26756738249143375,0.4263034440218302,0.9801410250690689,0.37028115875883877,NS
GENE_1407,-0.3002236109839034,0.43126119832294796,0.9801410250690689,0.36525961468569534,NS
GENE_0056,-0.286231653338028,0.25973936867620584,0.9801410250690689,0.5854622194002326,NS
GENE_0057,-0.37150286390054266,0.31919275665962843,0.9801410250690689,0.49594697251694203,NS
GENE_0059,0.5366084759887935,0.2736448090979472,0.9801410250690689,0.5628127857875084,NS
GENE_1076,0.4233848141277452,0.27588533985398933,0.9801410250690689,0.5592713766852767,NS
GENE_0062,0.3037579761480744,0.3878477694901017,0.9801410250690689,0.41133870183724114,NS
GENE_1122,-0.2631861084479459,0.35246349912465524,0.9801410250690689,0.45288585157906835,NS
GENE_1116,0.28633906462512115,0.4203963736051327,0.9801410250690689,0.37634103890943,NS
GENE_1111,0.18426026294983444,0.3454654216775228,0.9801410250690689,0.46159541551458655,NS
GENE_1427,0.39610053392215594,0.22067021662895037,0.9801410250690689,0.6562562786487102,NS
GENE_1105,-0.321922101533354,0.3292042342108795,0.9801410250690689,0.4825345875466625,NS
GENE_1098,0.433670440634204,0.22779890099193034,0.9801410250690689,0.6424483754908585,NS
GENE_1096,0.5025584172551918,0.3250083571173844,0.9801410250690689,0.48810547162635254,NS
GENE_1091,-0.21865906763063947,0.4272927103603962,0.9801410250690689,0.36927451620985624,NS
GENE_0071,0.40636550353874945,0.36044113847076875,0.9801410250690689,0.4431656472400282,NS
GENE_1089,0.4807947251662297,0.21152064052754993,0.9801410250690689,0.6746472470603802,NS
GENE_1433,0.3609155433698552,0.2819231472321825,0.9801410250690689,0.549869265020526,NS
GENE_1086,-0.31297061531808623,0.31181784933904466,0.9801410250690689,0.5060990281863722,NS
GENE_1083,0.3635855429481012,0.3944203602495615,0.9801410250690689,0.40404067457310106,NS
GENE_1079,-0.3348955792489141,0.4001074892223875,0.9801410250690689,0.3978233194095157,NS
GENE_0064,-0.44079366380898755,0.37581900036847515,0.9801410250690689,0.4250212669534644,NS
GENE_0703,0.2464388657566925,0.28574114154193475,0.9801410250690689,0.5440272245865383,NS
GENE_0134,-0.3661595867758347,0.3963108316650439,0.9801410250690689,0.4019640576984298,NS
GENE_0371,-0.47236020951063384,0.2615409622301057,0.9801410250690689,0.58246028279162,NS
GENE_1884,-0.30742351232066234,0.32626385392434976,0.9801410250690689,0.4864310381052954,NS
GENE_0432,0.3788849806023036,0.21183120057019011,0.9801410250690689,0.6740100723800388,NS
GENE_0595,0.41077505934310654,0.29504703610985694,0.9801410250690689,0.5301087437011365,NS
GENE_0354,0.4135704169145962,0.3351366836503539,0.9801410250690689,0.47477803222151355,NS
GENE_1852,0.36952708929026556,0.35688221147123267,0.9801410250690689,0.44747509859075746,NS
GENE_0251,-0.2599019869438308,0.41551144334245305,0.9801410250690689,0.3814170110807211,NS
GENE_0593,-0.3439343125257066,0.24357321250442665,0.9801410250690689,0.6133704758963326,NS
GENE_0591,0.38935670565902747,0.28650957317724013,0.9801410250690689,0.5428608623228038,NS
GENE_1770,-0.39896105536573767,0.3069637895292562,0.9801410250690689,0.5129128523245751,NS
GENE_0359,-0.4116701980512545,0.3069635657073221,0.9801410250690689,0.5129131689895032,NS
GENE_0362,-0.2873594502839456,0.2888213288002458,0.9801410250690689,0.5393707382553802,NS
GENE_0588,-0.5053904602317747,0.23076177655957197,0.9801410250690689,0.6368361262096098,NS
GENE_0587,0.48551777256849515,0.22747088958918382,0.9801410250690689,0.6430741739506287,NS
GENE_0585,-0.23106513199014334,0.41843938930332236,0.9801410250690689,0.3783674404125299,NS
GENE_0584,-0.23737770852521667,0.40584276496701854,0.9801410250690689,0.39164219187479304,NS
GENE_1849,0.3392398913932526,0.4203973949295282,0.9801410250690689,0.37633998382180733,NS
GENE_0425,0.42541994865896715,0.33004753546646504,0.9801410250690689,0.4814235058674358,NS
GENE_1743,0.4836864426765164,0.2216331947062099,0.9801410250690689,0.6543651934106852,NS
GENE_1885,0.48131001349507496,0.3925355722889976,0.9801410250690689,0.4061209805778426,NS
GENE_0434,-0.2866675191990762,0.32668288391261024,0.9801410250690689,0.48587361917327265,NS
GENE_1886,-0.3584266653607271,0.32002034563205184,0.9801410250690689,0.4948224100711999,NS
GENE_0472,-0.26709353577536543,0.4253157281328782,0.9801410250690689,0.37128855682272754,NS
GENE_0337,0.5596952004945548,0.23609604223495484,0.9801410250690689,0.6269112930988522,NS
GENE_0256,-0.34010499603936317,0.4218689409483407,0.9801410250690689,0.37482244729239095,NS
GENE_0206,-0.24421240578618253,0.42580909776164966,0.9801410250690689,0.37078506373970543,NS
GENE_0621,-0.36055932610333397,0.3883144816205927,0.9801410250690689,0.4108164127744879,NS
GENE_0475,-0.3764322257485979,0.27364458711300466,0.9801410250690689,0.5628131380941171,NS
GENE_0342,-0.4566341371442304,0.27476373646194263,0.9801410250690689,0.5610405863639911,NS
GENE_0347,-0.43242393032243154,0.2498131771347455,0.9801410250690689,0.6023846572109917,NS
GENE_0581,0.28171210492745846,0.3685333015842964,0.9801410250690689,0.43352326210388115,NS
GENE_0208,-0.34653684231029036,0.2981902385416957,0.9801410250690689,0.5255065775727127,NS
GENE_1891,0.3548779877668782,0.31836818945610235,0.9801410250690689,0.4970703323723246,NS
GENE_0607,-0.37449231213152867,0.2849751609651845,0.9801410250690689,0.5451929923629677,NS
GENE_1660,0.3678855316465732,0.36943874012626576,0.9801410250690689,0.43245756547157094,NS
GENE_1746,-0.3091338391762317,0.37949571897992795,0.9801410250690689,0.4207931189355125,NS
GENE_0242,0.37821094547230416,0.3658227414604267,0.9801410250690689,0.4367292999974364,NS
GENE_1662,-0.3533650399695851,0.4312617312655398,0.9801410250690689,0.3652590779949736,NS
GENE_1812,-0.39206160590472194,0.4082482810959105,0.9801410250690689,0.3890756351574487,NS
GENE_0480,-0.34350906564001615,0.3537835695712549,0.9801410250690689,0.45126234047726704,NS
GENE_1814,0.3149425712004188,0.41114434786351295,0.9801410250690689,0.3860056757527711,NS
GENE_1860,-0.23946209332352453,0.3944203602495615,0.9801410250690689,0.40404067457310106,NS
GENE_0367,-0.25211259029215327,0.3658236287247767,0.9801410250690689,0.4367282466634027,NS
GENE_1678,0.48114098431764596,0.261539582840672,0.9801410250690689,0.5824625733039515,NS
GENE_0413,-0.31940620283527643,0.3507055837083768,0.9801410250690689,0.45505731950648703,NS
GENE_0388,0.2387312768354395,0.42039691114494615,0.9801410250690689,0.37634048359915573,NS
GENE_0543,0.26278199809335323,0.3317379944612113,0.9801410250690689,0.4792047852188933,NS
GENE_0389,0.36529465164903385,0.30136399541184644,0.9801410250690689,0.5209086349941455,NS
GENE_1787,-0.34400077971022913,0.35466851022613866,0.9801410250690689,0.4501773693011645,NS
GENE_1910,-0.19778178626101361,0.3915935312037222,0.9801410250690689,0.4071644909897681,NS
GENE_1703,0.21603103066209695,0.39678233632472115,0.9801410250690689,0.40144766970196316,NS
GENE_1730,0.42731716776934014,0.2766354762240837,0.9801410250690689,0.5580921259606296,NS
GENE_0273,0.19290356734845382,0.41941755888685184,0.9801410250690689,0.37735339178188,NS
GENE_0237,-0.3535538165668983,0.21685068601073076,0.9801410250690689,0.6638391996152716,NS
GENE_1708,0.5183842700445993,0.35246333202572067,0.9801410250690689,0.45288605747318955,NS
GENE_0405,0.08603361154645572,0.41941755888685184,0.9801410250690689,0.37735339178188,NS
GENE_0395,-0.39599864033584264,0.29898489473395606,0.9801410250690689,0.5243507524762485,NS
GENE_0508,-0.46518365576867904,0.2895947745738192,0.9801410250690689,0.5382092787809335,NS
GENE_0278,-0.34983516398286163,0.2819231472321825,0.9801410250690689,0.549869265020526,NS
GENE_1718,-0.29779403512717106,0.28229881087801867,0.9801410250690689,0.5492909512197206,NS
GENE_0517,-0.29120475956326874,0.4020140998792163,0.9801410250690689,0.39575871459624423,NS
GENE_0516,0.4052587964497585,0.2792703855162457,0.9801410250690689,0.553975115458256,NS
GENE_1777,-0.25874364023625684,0.32668271603044585,0.9801410250690689,0.4858738423570387,NS
GENE_0336,0.3748621660442044,0.32752182438432664,0.9801410250690689,0.4847597555381914,NS
GENE_0548,0.31592203327273793,0.42927428668608025,0.9801410250690689,0.36726512476256784,NS
GENE_0500,0.3627206643032883,0.42828304477068,0.9801410250690689,0.3682691184782581,NS
GENE_1771,-0.37869021261709435,0.4233445248052229,0.9801410250690689,0.3733060526686478,NS
GENE_0452,-0.3288182162024915,0.4199069057343603,0.9801410250690689,0.3768469829527618,NS
GENE_1879,0.5154941539752116,0.2872782823603649,0.9801410250690689,0.541697204525138,NS
GENE_0568,0.4846873170899313,0.3463355782020697,0.9801410250690689,0.46050289215494367,NS
GENE_0566,-0.4331290922055331,0.25687669759107035,0.9801410250690689,0.5902752906990837,NS
GENE_0422,-0.4581100267448699,0.29938017532435,0.9801410250690689,0.5237769616158747,NS
GENE_0225,0.3821709956907169,0.3776546861185506,0.9801410250690689,0.42290512200136576,NS
GENE_0421,0.47515796181931247,0.3454648636857308,0.9801410250690689,0.46159611698262565,NS
GENE_1790,0.2210938639750859,0.41941755888685184,0.9801410250690689,0.37735339178188,NS
GENE_1864,-0.30695096052665516,0.4233443102740153,0.9801410250690689,0.3733062727488373,NS
GENE_0271,0.47752790784016064,0.23609604223495484,0.9801410250690689,0.6269112930988522,NS
GENE_1794,-0.3079726235340221,0.35466800924892805,0.9801410250690689,0.4501779827522759,NS
GENE_0228,0.318829678622393,0.3841209301555767,0.9801410250690689,0.41553202815525636,NS
GENE_1772,-0.3159803440778628,0.3142640894529838,0.9801410250690689,0.502705242410452,NS
GENE_0272,-0.2338469231969338,0.38598209969470254,0.9801410250690689,0.41343283570149864,NS
GENE_0382,0.3957056670579444,0.39394881482086597,0.9801410250690689,0.4045602017401862,NS
GENE_0555,0.3518685993938755,0.2387962119089415,0.9801410250690689,0.621972566822787,NS
GENE_1791,0.3540604244508492,0.3266818206568972,0.9801410250690689,0.4858750326750605,NS
GENE_1690,-0.3476258381654391,0.34459699367991914,0.9801410250690689,0.4626885157269839,NS
GENE_1646,-0.480504772824073,0.3077682228370411,0.9801410250690689,0.5117762232276056,NS
GENE_1661,0.4064534115732119,0.2691994991400861,0.9801410250690689,0.5699257524751751,NS
GENE_1819,-0.4001685593088533,0.24564091618602912,0.9801410250690689,0.6096992914649435,NS
GENE_0667,-0.34428463618349525,0.2699371625399313,0.9801410250690689,0.5687373215383168,NS
GENE_0320,0.42210888651888734,0.2736448090979472,0.9801410250690689,0.5628127857875084,NS
GENE_0188,0.29970739836359517,0.3963108316650439,0.9801410250690689,0.4019640576984298,NS
GENE_1828,0.15682905563011484,0.38691405640403553,0.9801410250690689,0.4123854922797431,NS
GENE_0322,0.38775297955474386,0.35599552159998205,0.9801410250690689,0.44855546538849883,NS
GENE_0323,-0.25810774810728443,0.38598215464549823,0.9801410250690689,0.4134327738726582,NS
GENE_0318,0.38578045917697423,0.3069637335737917,0.9801410250690689,0.5129129314907586,NS
GENE_1827,0.4379620232299244,0.2819231472321825,0.9801410250690689,0.549869265020526,NS
GENE_1904,-0.2856968819801269,0.42482205030716425,0.9801410250690689,0.3717929493696365,NS
GENE_0457,0.37219721476560697,0.33131527524684756,0.9801410250690689,0.4797585405669249,NS
GENE_0191,-0.45573180279985603,0.35511005453630173,0.9801410250690689,0.4496370309712224,NS
GENE_0650,0.24695983093030272,0.35954994890778147,0.9801410250690689,0.4442407686241127,NS
GENE_0192,0.1974178357903158,0.3869123537562975,0.9801410250690689,0.4123874034332202,NS
GENE_0194,0.3783343187593209,0.276260067891018,0.9801410250690689,0.5586818857961029,NS
GENE_1756,0.3742140832292069,0.27439022898867815,0.9801410250690689,0.5616313578772905,NS
GENE_0644,-0.2729384698897812,0.255453005415483,0.9801410250690689,0.5926889834585939,NS
GENE_0183,0.32604366538151197,0.2648031692611491,0.9801410250690689,0.5770768214060833,NS
GENE_0674,-0.3752374765763937,0.3887824146596063,0.9801410250690689,0.41029338723602904,NS
GENE_0453,0.4499466415412856,0.24049480034909665,0.9801410250690689,0.6188943089122143,NS
GENE_1624,0.42049310331864653,0.3334338184530258,0.9801410250690689,0.47699035405003803,NS
GENE_1909,0.4642892347303036,0.30375443676073743,0.9801410250690689,0.51747736986562,NS
GENE_0692,0.4521871483237705,0.2143301100421846,0.9801410250690689,0.6689168130617805,NS
GENE_0306,-0.3195314285233595,0.2751374241123954,0.9801410250690689,0.5604503329833324,NS
GENE_1829,-0.41760936508765933,0.330047759239794,0.9801410250690689,0.48142321141442956,NS
GENE_0672,0.27135621166010626,0.3878446952615584,0.9801410250690689,0.41134214423368853,NS
GENE_0691,0.23873053235078956,0.3925355722889976,0.9801410250690689,0.4061209805778426,NS
GENE_1758,-0.2502565076598504,0.3551094979673314,0.9801410250690689,0.44963771164759003,NS
GENE_0304,-0.38306176726146557,0.3977315579618047,0.9801410250690689,0.40040994860434165,NS
GENE_0182,0.10780847561055573,0.39394832242717304,0.9801410250690689,0.4045607445619675,NS
GENE_0317,-0.43688040134681927,0.2842090121813653,0.9801410250690689,0.5463621548442237,NS
GENE_0676,-0.35448246958228236,0.42729249649494006,0.9801410250690689,0.3692747335798428,NS
GENE_1628,-0.39222136303494715,0.2590224087729569,0.9801410250690689,0.5866626622297236,NS
GENE_0451,-0.5625833442761055,0.31140966823837246,0.9801410250690689,0.506667908153917,NS
GENE_0642,-0.2476847807191067,0.41648660065314724,0.9801410250690689,0.38039896630042985,NS
GENE_0664,-0.20556839802750293,0.2108998758788171,0.9801410250690689,0.6759236758563443,NS
GENE_1780,0.18595574912629687,0.32584500551380424,0.9801410250690689,0.48698893139515254,NS
GENE_0466,0.21280398794001965,0.4213784660154267,0.9801410250690689,0.37532766220118047,NS
GENE_0463,-0.22860170292330473,0.327520089714349,0.9801410250690689,0.4847620557195478,NS
GENE_1820,-0.40271024729816496,0.24737305298675838,0.9801410250690689,0.6066476109985223,NS
GENE_1761,-0.3383900963440345,0.3308922341250907,0.9801410250690689,0.48031342539438526,NS
GENE_1903,-0.4224924170689395,0.41941755888685184,0.9801410250690689,0.37735339178188,NS
GENE_1902,0.4805597868365128,0.3033541406013659,0.9801410250690689,0.5180500728212929,NS
GENE_0198,-0.3280971258536338,0.4228524537540753,0.9801410250690689,0.3738111449148284,NS
GENE_0467,0.5192032321146902,0.30615941093184496,0.9801410250690689,0.5140523863900874,NS
GENE_1748,0.3980277239464751,0.4253148713254994,0.9801410250690689,0.3712894317188738,NS
GENE_1123,-0.2613745157450076,0.43225691844170944,0.9810086092294115,0.3642580469446994,NS
GENE_1693,0.5096798154192435,0.4347486347393742,0.9822331287179598,0.36176177315753777,NS
GENE_0610,0.26174219772644225,0.4347530452841253,0.9822331287179598,0.361757367242537,NS
GENE_0195,-0.30085096027673774,0.4342533580357032,0.9822331287179598,0.362256814514169,NS
GENE_0456,-0.36139399294995744,0.4352520551631459,0.9822331287179598,0.3612591695640913,NS
GENE_1339,-0.2778010608558654,0.43625393826440106,0.9831074665113264,0.3602606394395774,NS
GENE_1579,-0.2435228478885021,0.43876200081923233,0.9843473103849812,0.3577709917379858,NS
GENE_1325,0.3285026529731718,0.43926498725929786,0.9843473103849812,0.35727341190899636,NS
GENE_0901,-0.2686153980974151,0.43926498725929786,0.9843473103849812,0.35727341190899636,NS
GENE_0050,-0.29987247995309296,0.43825998053327886,0.9843473103849812,0.35826818489492224,NS
GENE_0018,-0.21627149829917958,0.4402709988553076,0.9847229368580639,0.3562799210631276,NS
GENE_1605,0.33162960103469974,0.4412789660795199,0.9847229368580639,0.3552867730588247,NS
GENE_1436,0.305642224363349,0.4412786490531554,0.9847229368580639,0.355287085067465,NS
GENE_0011,0.3168953955349494,0.44329843516481027,0.985499866225504,0.3533038017493627,NS
GENE_1301,0.24953767625296397,0.4443100407843371,0.985499866225504,0.35231387220149046,NS
GENE_1894,-0.27728794058462825,0.44532275205064964,0.985499866225504,0.3513251156982702,NS
GENE_0780,-0.23958165486466765,0.4443100407843371,0.985499866225504,0.35231387220149046,NS
GENE_1966,-0.3752477065836377,0.44532275205064964,0.985499866225504,0.3513251156982702,NS
GENE_0287,0.3748894545285708,0.44228793582020287,0.985499866225504,0.3542949066131476,NS
GENE_0231,-0.16349023961687692,0.4463369891006205,0.9863800864102109,0.35033712056114585,NS
GENE_1616,0.3649131156656269,0.45040674833811045,0.9871529022379771,0.34639511117614225,NS
GENE_0668,0.2074376859775766,0.45347336446557074,0.9871529022379771,0.34344821688468385,NS
GENE_1109,0.2970389580703685,0.44836940331049524,0.9871529022379771,0.3483640312840029,NS
GENE_1454,0.2504121314816432,0.4529611840444637,0.9871529022379771,0.343939012727946,NS
GENE_1016,-0.24056354530501523,0.4504070627113398,0.9871529022379771,0.3463948080489986,NS
GENE_0370,-0.32159982391369546,0.45244995722777404,0.9871529022379771,0.3444294485067059,NS
GENE_1163,-0.34443278386928533,0.4493875779883114,0.9871529022379771,0.3473789365579485,NS
GENE_0136,-0.20326658067297743,0.4504072722931982,0.9871529022379771,0.3463946059646376,NS
GENE_1601,0.42238988638689445,0.4534730510164495,0.9871529022379771,0.34344851707711277,NS
GENE_1312,-0.24646972750198248,0.45040622438154965,0.9871529022379771,0.346395616389655,NS
GENE_1154,0.1905587483992237,0.45142701870131463,0.9871529022379771,0.3454124511915096,NS
GENE_0229,0.2603004510960307,0.4668961310045808,0.9872280990134569,0.3307797248919035,NS
GENE_0995,-0.33614096947588923,0.47842351026983254,0.9872280990134569,0.3201874867755456,NS
GENE_1940,-0.24595023172806307,0.4901050477473252,0.9872280990134569,0.309710824527729,NS
GENE_1483,-0.2712197082072443,0.4911735947320729,0.9872280990134569,0.3087649887121586,NS
GENE_0950,-0.18734228609233483,0.47842320492893153,0.9872280990134569,0.320187763952373,NS
GENE_0386,0.27561117386443357,0.4954651021923786,0.9872280990134569,0.3049869293906484,NS
GENE_0805,0.26864176555609287,0.4575800297028739,0.9872280990134569,0.3395329378406877,NS
GENE_0230,-0.3457664959113904,0.48000711050795064,0.9872280990134569,0.3187523292254666,NS
GENE_1419,0.3139897307235868,0.4591237844028009,0.9872280990134569,0.33807020850312614,NS
GENE_0685,-0.21473942993156392,0.4815943274555793,0.9872280990134569,0.31731863713488495,NS
GENE_1017,0.3830184854942589,0.4853061238696571,0.9872280990134569,0.31398422847449403,NS
GENE_1912,-0.1831572040762799,0.4890366513399589,0.9872280990134569,0.3106585910231935,NS
GENE_1206,0.5121084252989636,0.4805360183444751,0.9872280990134569,0.31827405444289136,NS
GENE_1205,0.15726064409468243,0.4847754313215511,0.9872280990134569,0.3144593985609434,NS
GENE_0283,0.18801812492254832,0.4890368021335775,0.9872280990134569,0.3106584571092503,NS
GENE_1716,-0.2886862066066307,0.46481585262488967,0.9872280990134569,0.3327190686768697,NS
GENE_0988,0.200269399343191,0.46585586394149936,0.9872280990134569,0.3317484334767403,NS
GENE_1714,0.40539586771416136,0.47421391368246146,0.9872280990134569,0.3240257077452873,NS
GENE_1928,0.25297023009720654,0.4885031500581587,0.9872280990134569,0.31113263143657943,NS
GENE_0981,-0.3289901418763952,0.4773691622392455,0.9872280990134569,0.3211456395854431,NS
GENE_0396,-0.3332524314593943,0.49170976679674916,0.9872280990134569,0.3082911652632088,NS
GENE_0823,0.2051474631711141,0.49438885542397304,0.9872280990134569,0.30593132772996773,NS
GENE_1607,0.2677513103744573,0.48265359891589554,0.9872280990134569,0.316364451136597,NS
GENE_0975,-0.35781017168175033,0.46793717058344353,0.9872280990134569,0.3298124552606879,NS
GENE_0125,0.2538990552887981,0.4847762396303137,0.9872280990134569,0.31445867442411646,NS
GENE_0476,0.27030702019487496,0.47002459897067894,0.9872280990134569,0.3278794124522266,NS
GENE_0577,0.24317104342182905,0.4617076968254933,0.9872280990134569,0.3356328855507045,NS
GENE_0580,0.3192253918278185,0.4879698120715734,0.9872280990134569,0.3116070445060231,NS
GENE_1657,0.18938757714254173,0.4668951002870515,0.9872280990134569,0.330780683639256,NS
GENE_1564,0.2277982320010068,0.4954649027058945,0.9872280990134569,0.30498710424836556,NS
GENE_1800,-0.2750122389024021,0.4874367883740054,0.9872280990134569,0.31208169635585536,NS
GENE_1130,0.25157316894810666,0.47631608689903937,0.9872280990134569,0.322104750561675,NS
GENE_0657,0.26424867412747144,0.4943896044998777,0.9872280990134569,0.3059306697068714,NS
GENE_0358,0.21290547215936595,0.4922453492390122,0.9872280990134569,0.30781837840848353,NS
GENE_1235,-0.09626445656702476,0.4821234248472651,0.9872280990134569,0.3168417670136557,NS
GENE_1416,-0.3474784675704967,0.4869039279873202,0.9872280990134569,0.31255672186746136,NS
GENE_0120,0.40096462451266834,0.4773691622392455,0.9872280990134569,0.3211456395854431,NS
GENE_0458,0.22444807848561332,0.4938537714966914,0.9872280990134569,0.30640162523252906,NS
GENE_1923,0.20938013870481598,0.475264438963934,0.9872280990134569,0.32306468000254185,NS
GENE_1957,0.17478056559060473,0.46845889340268354,0.9872280990134569,0.32932851182342027,NS
GENE_0193,0.11855912225666909,0.4927794429496898,0.9872280990134569,0.30734741772620006,NS
GENE_1853,-0.23880833636578913,0.4668951002870515,0.9872280990134569,0.330780683639256,NS
GENE_1665,-0.29303799348428683,0.4869023658095539,0.9872280990134569,0.31255811525583427,NS
GENE_1255,0.2892937516902929,0.49117409608422935,0.9872280990134569,0.3087645454180437,NS
GENE_1540,0.3302080427423526,0.4555224761896055,0.9872280990134569,0.3414901893950501,NS
GENE_0612,-0.31668069146008104,0.47106985283569347,0.9872280990134569,0.32691468851499106,NS
GENE_0437,-0.31497094924285296,0.4555224761896055,0.9872280990134569,0.3414901893950501,NS
GENE_1296,0.3394976787251087,0.49546410475761726,0.9872280990134569,0.30498780368199,NS
GENE_0379,0.21779301734940493,0.47316451200430965,0.9872280990134569,0.32498783551210686,NS
GENE_1404,-0.07479044721964101,0.4826537508486993,0.9872280990134569,0.3163643144266086,NS
GENE_0286,0.26490268168043407,0.4742111015100985,0.9872280990134569,0.3240282831959973,NS
GENE_0673,0.2811104827439195,0.4826537508486993,0.9872280990134569,0.3163643144266086,NS
GENE_1839,-0.21636782541417343,0.4895703160059789,0.9872280990134569,0.3101849225324763,NS
GENE_1440,0.3909651520080084,0.4901050477473252,0.9872280990134569,0.309710824527729,NS
GENE_0157,-0.32317499016903284,0.4890366513399589,0.9872280990134569,0.3106585910231935,NS
GENE_0928,-0.1789013029791091,0.4700244448784294,0.9872280990134569,0.3278795548307847,NS
GENE_0639,0.22201434185084068,0.465855812349271,0.9872280990134569,0.33174848157363696,NS
GENE_1682,-0.2890848388545093,0.4668959248615463,0.9872280990134569,0.3307799166407663,NS
GENE_1973,-0.25850512163231976,0.4742134535118483,0.9872280990134569,0.32402612917884127,NS
GENE_1352,-0.07568038969048363,0.4901040939456852,0.9872280990134569,0.30971166971631475,NS
GENE_0920,0.20454183561498507,0.4911735947320729,0.9872280990134569,0.3087649887121586,NS
GENE_1935,-0.3196208963034408,0.4575800297028739,0.9872280990134569,0.3395329378406877,NS
GENE_0319,0.14401515394523656,0.46897949719030396,0.9872280990134569,0.32884614332276213,NS
GENE_1424,0.3911290374330987,0.4679374794572785,0.9872280990134569,0.3298121685936602,NS
GENE_1630,0.25772590257188366,0.4858391509037786,0.9872280990134569,0.31350749089694896,NS
GENE_0613,0.22772424834661376,0.4890368523980878,0.9872280990134569,0.31065841247130427,NS
GENE_1926,0.20827721387035236,0.4837134782204944,0.9872280990134569,0.31541181123624096,NS
GENE_0841,-0.34597336638496223,0.48265359891589554,0.9872280990134569,0.316364451136597,NS
GENE_1913,-0.292943911261915,0.4981567462610377,0.9913567089771895,0.30263398389636353,NS
GENE_1967,0.31895808612733134,0.5003156896421193,0.9917945532741933,0.30075587765196216,NS
GENE_0617,-0.3101450081203918,0.49977504253342286,0.9917945532741933,0.30122543520565764,NS
GENE_1705,-0.3004336872660103,0.5008562494034676,0.9917945532741933,0.30028690297308924,NS
GENE_1872,0.2141199420742188,0.4992351512938137,0.9917945532741933,0.301694843446866,NS
GENE_1760,0.21653947941877227,0.5062781320878991,0.9936507716957064,0.2956108308961136,NS
GENE_1270,0.1097333963919862,0.5117252641364007,0.9936507716957064,0.29096314115925664,NS
GENE_1807,0.07379138036697075,0.5095453546592164,0.9936507716957064,0.29281715336202513,NS
GENE_1434,0.2432857857638595,0.5117301474232888,0.9936507716957064,0.2909589967978607,NS
GENE_0897,-0.2121912190254216,0.5106381183346258,0.9936507716957064,0.2918867689197725,NS
GENE_1512,0.3664412269081492,0.5073654553004522,0.9936507716957064,0.29467910566595695,NS
GENE_1356,0.1939750506556006,0.503021331906855,0.9936507716957064,0.2984135971846411,NS
GENE_1937,-0.08411545357415662,0.5106380694309043,0.9936507716957064,0.2918868105120796,NS
GENE_0938,-0.11391524406054643,0.5062773450846239,0.9936507716957064,0.295611506002194,NS
GENE_0770,0.28051892128597,0.5106381183346258,0.9936507716957064,0.2918867689197725,NS
GENE_0960,0.3540423686666241,0.5084552828802567,0.9936507716957064,0.29374723596111674,NS
GENE_0850,-0.2519762343518126,0.5095462851911601,0.9936507716957064,0.2928163602539815,NS
GENE_0699,-0.15638296753879555,0.5106379227196528,0.9936507716957064,0.2918869352890986,NS
GENE_0706,-0.32664094170201174,0.5106379227196528,0.9936507716957064,0.2918869352890986,NS
GENE_0751,-0.23371492372278002,0.5079104614254919,0.9936507716957064,0.2942128419212072,NS
GENE_0305,0.27910765387222813,0.5073664376457814,0.9936507716957064,0.29467826479920434,NS
GENE_1991,-0.08809188973074722,0.8079430827858121,0.9937953651642297,0.09261923291688809,NS
GENE_1405,-0.1892555045695632,0.7211142671051466,0.9937953651642297,0.14199591192244457,NS
GENE_1830,0.14602397527520683,0.6770698819625283,0.9937953651642297,0.16936650445452622,NS
GENE_1336,-0.39092234770028345,0.5282715073968149,0.9937953651642297,0.2771428125839982,NS
GENE_1767,0.03159358863549411,0.9255125921350537,0.9937953651642297,0.03361766804282571,NS
GENE_1834,0.11519581479549057,0.675826590921252,0.9937953651642297,0.1701647245718102,NS
GENE_1334,0.10863696262101197,0.5249418120756626,0.9937953651642297,0.2798888339178231,NS
GENE_1818,-0.19943473937008172,0.5899871102479631,0.9937953651642297,0.2291574765092675,NS
GENE_1768,-0.1871142217747499,0.6077017218925704,0.9937953651642297,0.21630953309915008,NS
GENE_1817,-0.09240503413340306,0.7557440393488642,0.9937953651642297,0.12162526947347363,NS
GENE_1988,-0.03788311675124323,0.8125552259697345,0.9937953651642297,0.09014711217205698,NS
GENE_1816,-0.12848328549738142,0.5249418120756626,0.9937953651642297,0.2798888339178231,NS
GENE_1337,0.3005757480026805,0.7791120092763097,0.9937953651642297,0.10840010135988316,NS
GENE_1766,0.14824474202131377,0.592922722820991,0.9937953651642297,0.22700190569033402,NS
GENE_1323,-0.22704721043011844,0.5338444627063672,0.9937953651642297,0.2725852576300698,NS
GENE_1333,-0.09310571989381078,0.9397026353714382,0.9937953651642297,0.02700955517543926,NS
GENE_1406,-0.016984511464410268,0.846344959962711,0.9937953651642297,0.07245258770222357,NS
GENE_1763,-0.0335685062855271,0.9336185897416645,0.9937953651642297,0.029830509424289293,NS
GENE_1324,-0.23191184148653488,0.6945655504190009,0.9937953651642297,0.15828676095320868,NS
GENE_1762,0.005147503334653969,0.7262107845311816,0.9937953651642297,0.13893730592215603,NS
GENE_1408,0.22935131678321685,0.7211137724826706,0.9937953651642297,0.14199620981127498,NS
GENE_1821,0.17909621718606772,0.6118687808411702,0.9937953651642297,0.21334170508786485,NS
GENE_1417,-0.34306193622600123,0.5604276266494835,0.9937953651642297,0.2514804640256417,NS
GENE_1332,-0.11422170079086769,0.7160301958302495,0.9937953651642297,0.14506866260005494,NS
GENE_1414,0.19637114151460722,0.551876897320845,0.9937953651642297,0.2581577859964863,NS
GENE_1329,-0.08012190783044737,0.7635100346236576,0.9937953651642297,0.11718525074502639,NS
GENE_1837,-0.15559474307035526,0.683923056420227,0.9937953651642297,0.16499275508069827,NS
GENE_1331,0.04562709165927181,0.7687004815297928,0.9937953651642297,0.11424284687965108,NS
GENE_1825,-0.057472234251872756,0.7345180275052536,0.9937953651642297,0.13399754071786965,NS
GENE_1824,0.2543203320209759,0.569049343027519,0.9937953651642297,0.24485007371835782,NS
GENE_1374,0.16010374709797848,0.7518707106237048,0.9937953651642297,0.12385683293239862,NS
GENE_1811,0.06594367918315758,0.7557444770357425,0.9937953651642297,0.1216250179532087,NS
GENE_1987,0.32859464653339554,0.5394476778453103,0.9937953651642297,0.26805067206543337,NS
GENE_1357,-0.028407893462984113,0.8317306024098857,0.9937953651642297,0.08001731894075492,NS
GENE_1793,-9.927439424650686e-05,0.8053108861740559,0.9937953651642297,0.09403643008506432,NS
GENE_1360,0.08611849477561417,0.7895634991417834,0.9937953651642297,0.10261293694393855,NS
GENE_1789,-0.07503549427706346,0.7059000318782294,0.9937953651642297,0.15125679849170998,NS
GENE_1384,0.05915629176622339,0.8623485422752257,0.9937953651642297,0.06431716643455389,NS
GENE_1774,-0.007861595588434689,0.8656897463689939,0.9937953651642297,0.06263772643758807,NS
GENE_1367,0.1494416182082503,0.5783111585684131,0.9937953651642297,0.23783842786252257,NS
GENE_1354,0.28315116654076977,0.7804161487172834,0.9937953651642297,0.10767375257038943,NS
GENE_1775,-0.20760823968945008,0.592921653505392,0.9937953651642297,0.2270026889260997,NS
GENE_1786,-0.004789576475753066,0.7876009101510352,0.9937953651642297,0.10369379066324408,NS
GENE_1783,0.07807584522174071,0.8985530836502033,0.9937953651642297,0.0464562610643311,NS
GENE_1369,-0.1600860472426513,0.635314530481289,0.9937953651642297,0.19701121166351376,NS
GENE_1782,0.030718876426832686,0.7961149751147182,0.9937953651642297,0.0990242068200789,NS
GENE_1372,0.20242558187259974,0.67955878506161,0.9937953651642297,0.1677729687716496,NS
GENE_1779,0.24528724413335912,0.7096922793599219,0.9937953651642297,0.14892991937252384,NS
GENE_1373,0.1111302548870281,0.7058999345688444,0.9937953651642297,0.15125685835986402,NS
GENE_1848,0.16963065486028306,0.5541517763062151,0.9937953651642297,0.25637127031732043,NS
GENE_1388,0.18231722029337583,0.5958656537650264,0.9937953651642297,0.22485164698033447,NS
GENE_1796,-0.18480201291230713,0.7364396082869273,0.9937953651642297,0.13286286167011513,NS
GENE_1391,0.1694681952055488,0.6286632550864363,0.9937953651642297,0.20158192310704134,NS
GENE_1969,0.06561017485538567,0.8026805678500554,0.9937953651642297,0.09545725076141727,NS
GENE_1847,0.18762444527092992,0.6671491932999518,0.9937953651642297,0.1757770347768453,NS
GENE_1344,-0.08766366479800691,0.8750581531960921,0.9937953651642297,0.057963084380028465,NS
GENE_1769,0.32064907512531704,0.5564309609260267,0.9937953651642297,0.25458871299840324,NS
GENE_1842,-0.10071659079361162,0.7712986612019954,0.9937953651642297,0.11277742247267777,NS
GENE_1810,0.13595180342383006,0.8013659070364859,0.9937953651642297,0.0961691379463433,NS
GENE_1808,0.01337347456868443,0.9356459392788795,0.9937953651642297,0.028888462915128466,NS
GENE_1397,-0.05242226011577067,0.6634438089940591,0.9937953651642297,0.1781958542271569,NS
GENE_1347,0.27965290465975823,0.5644451551528298,0.9937953651642297,0.24837825032296051,NS
GENE_1984,0.18182927079330824,0.6088898043626818,0.9937953651642297,0.21546129798702518,NS
GENE_1348,0.11732553061197848,0.921462485957003,0.9937953651642297,0.03552234082852222,NS
GENE_1851,0.11545840573362476,0.80005284531141,0.9937953651642297,0.09688132592160749,NS
GENE_1803,-0.3680593654903843,0.826430401891628,0.9937953651642297,0.08279371480533534,NS
GENE_1798,0.1044161900678322,0.8363742733915089,0.9937953651642297,0.07759933441001113,NS
GENE_1844,-0.013350553666074738,0.8623485265108919,0.9937953651642297,0.06431717437376051,NS
GENE_1797,-0.06402597612967309,0.9228122227455284,0.9937953651642297,0.03488666183648569,NS
GENE_1351,-0.1262785417694765,0.9255125405860452,0.9937953651642297,0.033617692232070416,NS
GENE_1400,0.028338998600927923,0.8132152961570882,0.9937953651642297,0.08979446110367276,NS
GENE_1622,0.08875837426468802,0.8410245961192473,0.9937953651642297,0.07519130289095273,NS
GENE_1948,-0.07408293202466787,0.8563397638009587,0.9937953651642297,0.06735388921611879,NS
GENE_1421,-0.1745713296586997,0.6970779035626007,0.9937953651642297,0.1567186835996377,NS
GENE_1530,-0.004512870011064152,0.6256490807966913,0.9937953651642297,0.20366918916324875,NS
GENE_1881,0.22039742741636914,0.5771497403876087,0.9937953651642297,0.23871149535867406,NS
GENE_1531,0.10002718267093957,0.7856395963847482,0.9937953651642297,0.10477663614519155,NS
GENE_1532,-0.29609329495998704,0.538886202986898,0.9937953651642297,0.26850293543043946,NS
GENE_1533,-0.3320278085563828,0.648705334182518,0.9937953651642297,0.18795253093287106,NS
GENE_1666,0.17740485947335305,0.6082960268978048,0.9937953651642297,0.2158850201341414,NS
GENE_1931,-0.18113423566669695,0.5806377705753458,0.9937953651642297,0.2360947166632968,NS
GENE_1670,-0.08582477345741335,0.7544526992474659,0.9937953651642297,0.12236798332346256,NS
GENE_1664,-0.2777354186625409,0.5484678367557128,0.9937953651642297,0.2608488352343404,NS
GENE_1547,0.1152224478710906,0.8784084713857491,0.9937953651642297,0.05630348453065874,NS
GENE_1655,0.20731618513633876,0.830404534920604,0.9937953651642297,0.08071028776438378,NS
GENE_1929,0.11549649669100681,0.7557445864570946,0.9937953651642297,0.1216249550733764,NS
GENE_1549,0.13778603135837386,0.6845454767023433,0.9937953651642297,0.16459769490058446,NS
GENE_1654,-0.07296391859250839,0.7505808921834477,0.9937953651642297,0.12460249577814153,NS
GENE_1551,0.21573310071080964,0.55871543789347,0.9937953651642297,0.25280932846206944,NS
GENE_1554,0.07896296579429851,0.8377028277895715,0.9937953651642297,0.07691001852998457,NS
GENE_1542,-0.04619689054116449,0.8503398515330245,0.9937953651642297,0.07040746705384564,NS
GENE_1555,-0.24619544163942475,0.6597460113509062,0.9937953651642297,0.1806232267290238,NS
GENE_1528,-0.18534379888401187,0.81585425806409,0.9937953651642297,0.08838741547607162,NS
GENE_1527,-0.21785546267141864,0.6634438089940591,0.9937953651642297,0.1781958542271569,NS
GENE_1936,0.22615209853693408,0.6196410056020392,0.9937953651642297,0.2078598499227922,NS
GENE_1509,0.0690948496638022,0.901244287850855,0.9937953651642297,0.045157474852503536,NS
GENE_1510,0.07564086632148115,0.8730492037744304,0.9937953651642297,0.058961279403763736,NS
GENE_1511,-0.07011816826708639,0.9336185974027976,0.9937953651642297,0.029830505860534366,NS
GENE_1514,-0.07463366521016468,0.7109587798323798,0.9937953651642297,0.14815557818765313,NS
GENE_1515,0.003050247601396272,0.8132153597804822,0.9937953651642297,0.08979442712584673,NS
GENE_1516,-0.158289300233454,0.8211384844922719,0.9937953651642297,0.08558359321065209,NS
GENE_1932,-0.02022949266470153,0.822460744067615,0.9937953651642297,0.08488482169613365,NS
GENE_1517,-0.11242168485296578,0.7804163714657091,0.9937953651642297,0.1076736286129361,NS
GENE_1674,0.20616486320653582,0.8145345772281389,0.9937953651642297,0.08909047503792224,NS
GENE_1521,0.2694031942622761,0.5377634283899602,0.9937953651642297,0.2694087361188418,NS
GENE_1523,-0.18107894313950545,0.6480941118709729,0.9937953651642297,0.18836192422430859,NS
GENE_1524,0.34081868244653624,0.5227277754144045,0.9937953651642297,0.28172442282414806,NS
GENE_1673,0.0082159659234593,0.8985531536807503,0.9937953651642297,0.04645622721671597,NS
GENE_1525,-0.12194748777135267,0.5338439895161111,0.9937953651642297,0.27258564258116047,NS
GENE_1672,-0.27037763131518666,0.6208412540481136,0.9937953651642297,0.2070194325195547,NS
GENE_1677,-0.2794558811697785,0.6474824422214096,0.9937953651642297,0.18877200384862908,NS
GENE_1508,-0.19844000709974452,0.6665299385397796,0.9937953651642297,0.1761803385972947,NS
GENE_1652,0.17266338437219897,0.7492919386606516,0.9937953651642297,0.1253489397814914,NS
GENE_1557,-0.10691397163305183,0.587643248070273,0.9937953651642297,0.2308862494592099,NS
GENE_1631,-0.1415464409819842,0.8007078489443566,0.9937953651642297,0.0965259142972315,NS
GENE_1590,-0.057242771613890575,0.7173001380527466,0.9937953651642297,0.1442990855795352,NS
GENE_1592,-0.004456746669610823,0.8972079169588895,0.9937953651642297,0.04710690285947851,NS
GENE_1629,-0.12779945861751152,0.8026810149386696,0.9937953651642297,0.09545700886187243,NS
GENE_1905,0.027795542015883967,0.9383503084500572,0.9937953651642297,0.027634998907601696,NS
GENE_1602,0.11355926131370264,0.8570071856182637,0.9937953651642297,0.06701553669841416,NS
GENE_1604,0.11663901789269815,0.8904867037256975,0.9937953651642297,0.0503725608067681,NS
GENE_1632,0.14023058419342505,0.5467749735389205,0.9937953651642297,0.26219137176091617,NS
GENE_1627,-0.10991562337944583,0.6733430157797975,0.9937953651642297,0.17176364021932022,NS
GENE_1914,0.00011166738389434272,0.9228123028548341,0.9937953651642297,0.03488662413539438,NS
GENE_1625,0.1719752484676098,0.6995947510710347,0.9937953651642297,0.15515345761165314,NS
GENE_1610,-0.07858071304848213,0.713492857279163,0.9937953651642297,0.14661037021544832,NS
GENE_1613,0.2421171876745678,0.5360821041744197,0.9937953651642297,0.27076869042069784,NS
GENE_1615,0.12754973672107894,0.803995871622124,0.9937953651642297,0.09474618127186457,NS
GENE_1911,0.1598229926512298,0.5632970512937423,0.9937953651642297,0.24926252217172942,NS
GENE_1620,-0.20434739306991556,0.5172143645024085,0.9937953651642297,0.28632942204086786,NS
GENE_1626,0.1374418155866559,0.573671569887783,0.9937953651642297,0.24133667242329204,NS
GENE_1896,-0.0403312363118733,0.5570003988881713,0.9937953651642297,0.25414449381214244,NS
GENE_1587,0.15221841456498098,0.5899872823044756,0.9937953651642297,0.22915734985703773,NS
GENE_1585,0.04846770117871557,0.7648067400523334,0.9937953651642297,0.11644829338541098,NS
GENE_1558,-0.10640109765106409,0.7752029654217222,0.9937953651642297,0.11058457462624466,NS
GENE_1644,-0.07924651920962145,0.9153911150702471,0.9937953651642297,0.03839330721862773,NS
GENE_1643,-0.053274877256120234,0.7211137724826706,0.9937953651642297,0.14199620981127498,NS
GENE_1642,-0.24708999033803458,0.6088910887224178,0.9937953651642297,0.21546038191033307,NS
GENE_1559,-0.18159981461046204,0.616048933216325,0.9937953651642297,0.21038479013784522,NS
GENE_1561,-0.1934583885678265,0.6609782581907375,0.9937953651642297,0.17981282569300266,NS
GENE_1562,0.0037770936616796646,0.9133684064624488,0.9937953651642297,0.039354014774478516,NS
GENE_1586,-0.03014268811991716,0.8770680802535016,0.9937953651642297,0.05696669428405698,NS
GENE_1637,-0.013430360017630427,0.9005713791439653,0.9937953651642297,0.0454818593688185,NS
GENE_1572,0.17655764259835927,0.675826590921252,0.9937953651642297,0.1701647245718102,NS
GENE_1574,-0.01626069116049944,0.8530059521150934,0.9937953651642297,0.06904793839669503,NS
GENE_1633,-0.05330890479538919,0.6708627129373383,0.9937953651642297,0.17336634587279276,NS
GENE_1919,-0.11858471347782817,0.8770681366833823,0.9937953651642297,0.056966666341887386,NS
GENE_1582,0.1931187857247858,0.584135685512449,0.9937953651642297,0.23348626140671064,NS
GENE_1583,-0.15448257093876983,0.7674018877097224,0.9937953651642297,0.11497713682794541,NS
GENE_1584,0.1294623994514339,0.810578453235273,0.9937953651642297,0.09120494483981668,NS
GENE_1571,0.06999214739509618,0.8730491164090513,0.9937953651642297,0.05896132286328905,NS
GENE_1684,-0.11724258425323697,0.689549013593425,0.9937953651642297,0.1614348584560479,NS
GENE_1874,-0.1912767511015181,0.6770699172082868,0.9937953651642297,0.16936648184675934,NS
GENE_1873,-0.04923644116872872,0.8118964799136377,0.9937953651642297,0.09049934153262747,NS
GENE_1742,-0.07123809951149518,0.7934926030824819,0.9937953651642297,0.10045711737218818,NS
GENE_1741,-0.029014293686880244,0.8476765731986954,0.9937953651642297,0.07176981904998425,NS
GENE_1859,0.1333825091794445,0.7434994347946267,0.9937953651642297,0.12871935729087444,NS
GENE_1740,0.17183000947402505,0.7467158854080628,0.9937953651642297,0.1268446095239194,NS
GENE_1954,0.18787089681942248,0.7109586840330306,0.9937953651642297,0.14815563670740514,NS
GENE_1738,0.03815114559088695,0.7739009564874166,0.9937953651642297,0.11131461658238616,NS
GENE_1450,0.140252124513081,0.8703715272682698,0.9937953651642297,0.060295324622609406,NS
GENE_1443,0.3334754340434074,0.7262106933372898,0.9937953651642297,0.13893736045867258,NS
GENE_1451,0.02831978696383608,0.8530060025459979,0.9937953651642297,0.06904791272059885,NS
GENE_1452,-0.10609248742736987,0.5632970512937423,0.9937953651642297,0.24926252217172942,NS
GENE_1453,-0.028618291591664402,0.8343838930405401,0.9937953651642297,0.07863408812794288,NS
GENE_1736,0.08641362412004572,0.6250475447327736,0.9937953651642297,0.2040869464483276,NS
GENE_1456,0.22921023514323036,0.5829686679447807,0.9937953651642297,0.23435478607177457,NS
GENE_1458,0.04612618391084222,0.9322670699618478,0.9937953651642297,0.030459655891175216,NS
GENE_1863,0.3716361661118599,0.5316118339887689,0.9937953651642297,0.27440535997381765,NS
GENE_1952,-0.21505930269665274,0.7345182934656185,0.9937953651642297,0.13399738346495874,NS
GENE_1737,0.1112330631497036,0.702114467263532,0.9937953651642297,0.15359207811475145,NS
GENE_1459,0.16156585240885146,0.8583421016189696,0.9937953651642297,0.0663395848392091,NS
GENE_1442,0.24613378227540839,0.5428232361408075,0.9937953651642297,0.26534157016531235,NS
GENE_1745,-0.14126444253598258,0.7300409969942405,0.9937953651642297,0.1366527504707335,NS
GENE_1426,-0.022664268226332496,0.9315913471741466,0.9937953651642297,0.030774553941535672,NS
GENE_1965,-0.05857949538395868,0.7856394512361269,0.9937953651642297,0.10477671638204751,NS
GENE_1428,-0.2815854279594445,0.5806378143489634,0.9937953651642297,0.2360946839223336,NS
GENE_1854,0.17891495058150042,0.581802651929872,0.9937953651642297,0.23522430351542065,NS
GENE_1430,0.1259734367660572,0.7635096099640071,0.9937953651642297,0.1171854922970504,NS
GENE_1855,0.2153007937659197,0.737721579371589,0.9937953651642297,0.13210751264446213,NS
GENE_1962,0.08923045529517193,0.7084278301378111,0.9937953651642297,0.14970438616367646,NS
GENE_1744,0.024403976970312158,0.7325981075730151,0.9937953651642297,0.13513420752740954,NS
GENE_1856,0.03135158436858276,0.727486706233581,0.9937953651642297,0.13817493837250114,NS
GENE_1754,0.03876229303427259,0.6820507353875765,0.9937953651642297,0.16618331848234613,NS
GENE_1751,-0.08304383597096265,0.7198404687864266,0.9937953651642297,0.1427637413499743,NS
GENE_1749,0.07021837410787413,0.8904864645445992,0.9937953651642297,0.05037267745651106,NS
GENE_1747,0.28328228903345476,0.5349626934449279,0.9937953651642297,0.27167650320481257,NS
GENE_1961,0.2224511383473775,0.7122251825689795,0.9937953651642297,0.14738267478223857,NS
GENE_1857,-0.042064438626319145,0.9255125921350537,0.9937953651642297,0.03361766804282571,NS
GENE_1437,-0.08591968857046695,0.8184953720239597,0.9937953651642297,0.08698377185391992,NS
GENE_1432,-0.20389219532832215,0.5462098471373021,0.9937953651642297,0.2626404746121707,NS
GENE_1951,-0.15039062351026367,0.5661697580652744,0.9937953651642297,0.24705333217356626,NS
GENE_1460,-0.19057114880233605,0.5133728704294229,0.9937953651642297,0.28956708567258616,NS
GENE_1461,-0.04169737370399851,0.8543393689459597,0.9937953651642297,0.06836958038403394,NS
GENE_1700,0.12167910804725768,0.7974268895611731,0.9937953651642297,0.09830912383898327,NS
GENE_1475,0.07895769581694001,0.871710212409425,0.9937953651642297,0.05962786606311284,NS
GENE_1942,0.24478193132458603,0.6328923233780765,0.9937953651642297,0.1986701720371933,NS
GENE_1477,0.32450288479288414,0.6572864594641851,0.9937953651642297,0.18224531438106226,NS
GENE_1697,0.06911894574559163,0.7021143688300471,0.9937953651642297,0.15359213900100907,NS
GENE_1696,-0.1764885657463484,0.7882548855772404,0.9937953651642297,0.1033333288291398,NS
GENE_1695,0.24815472259002025,0.5439513164225949,0.9937953651642297,0.26443996786642765,NS
GENE_1871,-0.04535528728112315,0.9012443901391348,0.9937953651642297,0.045157425561502665,NS
GENE_1939,0.14286384491923698,0.8184951863524859,0.9937953651642297,0.0869838703714051,NS
GENE_1493,-0.025979102656234154,0.9012443901391348,0.9937953651642297,0.045157425561502665,NS
GENE_1494,0.07861328251894761,0.871710212409425,0.9937953651642297,0.05962786606311284,NS
GENE_1495,0.14101700601804268,0.652990194904326,0.9937953651642297,0.18509333990550225,NS
GENE_1496,-0.028952066486766626,0.879748878602856,0.9937953651642297,0.055641278078337124,NS
GENE_1498,0.20544732734258275,0.693310212049103,0.9937953651642297,0.15907240285342575,NS
GENE_1500,-0.1458106663845964,0.8516728534319299,0.9937953651642297,0.0697271954134058,NS
GENE_1502,-0.08358501929877438,0.8743884705833294,0.9937953651642297,0.05829557749368176,NS
GENE_1492,-0.027035128869046687,0.8623483846316443,0.9937953651642297,0.06431724582674907,NS
GENE_1702,-0.05090683204351176,0.8683641911779313,0.9937953651642297,0.06129809389388933,NS
GENE_1471,-0.05332792363514738,0.81585425806409,0.9937953651642297,0.08838741547607162,NS
GENE_1709,-0.13627138299906694,0.8763979594104415,0.9937953651642297,0.05729864231377045,NS
GENE_1950,0.05499346867930832,0.9187635074573349,0.9937953651642297,0.0367962629596529,NS
GENE_1733,-0.00290636242295772,0.7325982860581679,0.9937953651642297,0.13513410171890866,NS
GENE_1732,-0.08276344650655254,0.7441423181043048,0.9937953651642297,0.12834399717377992,NS
GENE_1731,-0.15477122575739433,0.6511523973413755,0.9937953651642297,0.18631735616495382,NS
GENE_1949,0.17563717263757272,0.8317309667144681,0.9937953651642297,0.08001712871637848,NS
GENE_1463,0.14158994933281388,0.5210706889942246,0.9937953651642297,0.2831033558604704,NS
GENE_1464,0.11712465704141284,0.8663584467221386,0.9937953651642297,0.06230238601345326,NS
GENE_1727,0.11785302543545839,0.5935109558126233,0.9937953651642297,0.2265712598516788,NS
GENE_1868,0.19113947958982536,0.6112722648905822,0.9937953651642297,0.21376530890224185,NS
GENE_1723,-0.16666286969852795,0.7096927923111547,0.9937953651642297,0.1489296054733652,NS
GENE_1467,0.12172505956879931,0.6826747538066793,0.9937953651642297,0.16578615762171123,NS
GENE_1722,-0.27428884232679973,0.5405717880342262,0.9937953651642297,0.26714662349258755,NS
GENE_1720,0.15515577524387147,0.6808040444333777,0.9937953651642297,0.16697787291483013,NS
GENE_1870,-0.2052029054868667,0.5433857319047213,0.9937953651642297,0.2648917693712012,NS
GENE_1717,0.14630397672641315,0.6341028783477818,0.9937953651642297,0.1978402754398773,NS
GENE_1712,-0.16776609329037218,0.6220419844297831,0.9937953651642297,0.2061803018190969,NS
GENE_1710,-0.11785369738563478,0.7390042804067478,0.9937953651642297,0.13135304610903462,NS
GENE_1420,-0.21352614097837197,0.8026809255211899,0.9937953651642297,0.0954570572416391,NS
GENE_1832,-0.08476707329941036,0.8132152961570882,0.9937953651642297,0.08979446110367276,NS
GENE_0997,0.23621677327217316,0.6401704120958425,0.9937953651642297,0.19370440229506472,NS
GENE_1314,0.16820643373042188,0.8663584467221386,0.9937953651642297,0.06230238601345326,NS
GENE_0447,-0.10993415818562369,0.8985530836502033,0.9937953651642297,0.0464562610643311,NS
GENE_0449,-0.10525491989249591,0.7869470127475426,0.9937953651642297,0.10405450886846822,NS
GENE_0450,-0.29373210927071813,0.6920559169222136,0.9937953651642297,0.1598588138818741,NS
GENE_0454,-0.10868062519471788,0.6983344537768614,0.9937953651642297,0.1559365306125018,NS
GENE_0455,-0.14866766281910682,0.6914287305102436,0.9937953651642297,0.16025257844877183,NS
GENE_0461,0.14435161111918848,0.6053261030431019,0.9937953651642297,0.21801059791439226,NS
GENE_0462,-0.16325304282262731,0.6094859121016449,0.9937953651642297,0.21503632838395373,NS
GENE_0465,-0.17879500695011874,0.5970444060564025,0.9937953651642297,0.22399336637807743,NS
GENE_0468,0.21442715487934372,0.6945655504190009,0.9937953651642297,0.15828676095320868,NS
GENE_0469,-0.02798903117610152,0.7563907592244778,0.9937953651642297,0.12125378554134518,NS
GENE_0471,-0.1795032745238263,0.8277544266270478,0.9937953651642297,0.08209848806963019,NS
GENE_0477,-0.024405125583604637,0.8864576156215923,0.9937953651642297,0.05234202457711909,NS
GENE_0478,0.18357477332962802,0.6148535180734356,0.9937953651642297,0.2112283376713091,NS
GENE_0481,-0.18729870569903184,0.7843324671481211,0.9937953651642297,0.10549980716072449,NS
GENE_0485,0.13482295130582767,0.6958216593132134,0.9937953651642297,0.15750205679882465,NS
GENE_0486,0.1322539414327215,0.7512257145189682,0.9937953651642297,0.1242295545511104,NS
GENE_0487,0.13619564557723063,0.5530139010547422,0.9937953651642297,0.2572639517414339,NS
GENE_0489,0.04189816370843058,0.8178347285271511,0.9937953651642297,0.08733445151282465,NS
GENE_0493,-0.13275939334031328,0.5964545786046067,0.9937953651642297,0.2244226232634814,NS
GENE_0494,-0.08511594952182833,0.5794738510360581,0.9937953651642297,0.23696615695141762,NS
GENE_0496,-0.11801523337218978,0.8304052111330475,0.9937953651642297,0.08070993411119318,NS
GENE_0499,0.08427607878696985,0.7948035920892977,0.9937953651642297,0.09974017877782983,NS
GENE_0501,-0.1310860630977313,0.5439511300577364,0.9937953651642297,0.26444011666144124,NS
GENE_0503,-0.02643947248727052,0.7454287899466701,0.9937953651642297,0.12759383793914386,NS
GENE_0506,0.08622886515844375,0.5690470190066349,0.9937953651642297,0.24485184739847743,NS
GENE_0507,-0.2137666292202116,0.616646840066337,0.9937953651642297,0.20996348964887815,NS
GENE_0509,0.09451050215522283,0.6783139824367965,0.9937953651642297,0.16856923050602882,NS
GENE_0445,0.09852752087223404,0.6226423044514653,0.9937953651642297,0.20576137519595641,NS
GENE_0443,-0.2487740307365236,0.5598589719558986,0.9937953651642297,0.25192135766312745,NS
GENE_0439,0.38041408885517125,0.5394476778453103,0.9937953651642297,0.26805067206543337,NS
GENE_0438,-0.14636116922621323,0.551876897320845,0.9937953651642297,0.2581577859964863,NS
GENE_0355,0.16434469252769102,0.7211140816220264,0.9937953651642297,0.14199602363054636,NS
GENE_0356,0.1657507073185993,0.5771496963347854,0.9937953651642297,0.23871152850760832,NS
GENE_0357,-0.1737403542205005,0.8423537578889715,0.9937953651642297,0.0745054823316796,NS
GENE_0363,0.28133532291017715,0.5161151323820832,0.9937953651642297,0.2872534073247539,NS
GENE_0365,-0.4375929995354859,0.7274862219381468,0.9937953651642297,0.13817522748693153,NS
GENE_0369,0.22876633217380693,0.5853038764279894,0.9937953651642297,0.2326185995733124,NS
GENE_0372,0.11558198813844012,0.5598589719558986,0.9937953651642297,0.25192135766312745,NS
GENE_0374,0.08075964830891547,0.702114467263532,0.9937953651642297,0.15359207811475145,NS
GENE_0375,-0.14485619136070316,0.5667450073915392,0.9937953651642297,0.24661229700092482,NS
GENE_0378,-0.017382319270288882,0.7954584477425378,0.9937953651642297,0.09938250160815933,NS
GENE_0381,-0.10940914220881837,0.7726000410688824,0.9937953651642297,0.11204527310552864,NS
GENE_0385,0.21562306694505295,0.6585154948911389,0.9937953651642297,0.18143400161860157,NS
GENE_0387,-0.23327693043785924,0.7370807659761833,0.9937953651642297,0.13248492150870278,NS
GENE_0511,0.154820200237765,0.758330299077711,0.9937953651642297,0.12014159143612657,NS
GENE_0390,0.24208763418214296,0.5610035501895942,0.9937953651642297,0.2510343903964733,NS
GENE_0393,-0.01723044252213768,0.7531609462132084,0.9937953651642297,0.12311220761956589,NS
GENE_0394,0.20153988529604483,0.6908017205209802,0.9937953651642297,0.16064658944297316,NS
GENE_0399,-0.13769753840489063,0.5282710780010811,0.9937953651642297,0.2771431655923868,NS
GENE_0400,0.04148713320502395,0.7345182934656185,0.9937953651642297,0.13399738346495874,NS
GENE_0403,0.10800294216845785,0.8436837139564382,0.9937953651642297,0.07382033421283278,NS
GENE_0408,-0.07290476587091543,0.8911584898021814,0.9937953651642297,0.05004505115341762,NS
GENE_0411,-0.09943847047014565,0.8703718096568875,0.9937953651642297,0.06029518371749626,NS
GENE_0412,0.20397663787501763,0.5853030084939436,0.9937953651642297,0.23261924357937733,NS
GENE_0414,0.21902644795816517,0.7390044549518225,0.9937953651642297,0.13135294353323654,NS
GENE_0417,0.13101955272347876,0.9012443560430768,0.9937953651642297,0.045157441991818655,NS
GENE_0424,0.21112021257007463,0.5982236684844409,0.9937953651642297,0.22313640827420772,NS
GENE_0428,0.11375203892141084,0.8092604891537205,0.9937953651642297,0.09191166282182617,NS
GENE_0433,-0.2528644155404418,0.588813950969567,0.9937953651642297,0.23002190866151775,NS
GENE_0392,-0.29009982558415004,0.6196416536527662,0.9937953651642297,0.20785939571671955,NS
GENE_0353,-0.10189281452575294,0.6017704995580324,0.9937953651642297,0.2205691063819001,NS
GENE_0512,-0.12435349338852308,0.6347086409457273,0.9937953651642297,0.19742558914546862,NS
GENE_0514,-0.017273590992526344,0.9336184441796314,0.9937953651642297,0.02983057713587234,NS
GENE_0600,0.1629174010705663,0.7648064760055486,0.9937953651642297,0.11644844332404956,NS
GENE_0601,-0.014482426707183471,0.9052831047284073,0.9937953651642297,0.043215584778839605,NS
GENE_0603,-0.13710611543409534,0.7071634144357974,0.9937953651642297,0.1504802159243597,NS
GENE_0604,-0.05111210111893705,0.682051430746333,0.9937953651642297,0.16618287571423335,NS
GENE_0605,0.13013098677821056,0.5587145280990415,0.9937953651642297,0.25281003565395077,NS
GENE_0606,0.29076014320271426,0.5783113344088805,0.9937953651642297,0.2378382958115809,NS
GENE_0608,0.13482690676851483,0.6462612578939928,0.9937953651642297,0.18959187840685476,NS
GENE_0609,-0.18287791774157647,0.7823739608292162,0.9937953651642297,0.1065856122802347,NS
GENE_0615,0.08306130716583304,0.6232434795345412,0.9937953651642297,0.20534225645352153,NS
GENE_0618,-0.0010092306024835906,0.8784084155613806,0.9937953651642297,0.056303512130820556,NS
GENE_0620,-0.07638833097637132,0.7249349513101986,0.9937953651642297,0.13970096109031996,NS
GENE_0622,-0.1173388761352685,0.7467158005237078,0.9937953651642297,0.12684465889317723,NS
GENE_0624,0.024179351783137015,0.6232434795345412,0.9937953651642297,0.20534225645352153,NS
GENE_0625,-0.21142868201591014,0.7531614710880554,0.9937953651642297,0.12311190496158625,NS
GENE_1318,-0.008662804873529772,0.9093246957005682,0.9937953651642297,0.04128101405860437,NS
GENE_0630,-0.20242035357877342,0.6783136311692198,0.9937953651642297,0.16856945540720097,NS
GENE_0632,-0.1456762469282733,0.723024082295743,0.9937953651642297,0.14084723709831676,NS
GENE_0634,-0.2589366956125554,0.6499276568013541,0.9937953651642297,0.18713498181943222,NS
GENE_0637,-0.24998523242986437,0.5462100328397589,0.9937953651642297,0.26264032695914147,NS
GENE_0638,-0.1000603740945909,0.7332371536058724,0.9937953651642297,0.13475553716698757,NS
GENE_0640,0.11161569988411113,0.7680508556839389,0.9937953651642297,0.11461002266161312,NS
GENE_0645,0.0478488868072251,0.9025904298271774,0.9937953651642297,0.044509275618977474,NS
GENE_0648,0.04573201225512147,0.7915274240891219,0.9937953651642297,0.10153403351893539,NS
GENE_0653,-0.16944403149958465,0.7687004815297928,0.9937953651642297,0.11424284687965108,NS
GENE_0660,-0.18450452702673203,0.6077010573756655,0.9937953651642297,0.21631000799690392,NS
GENE_0661,-0.14837085672399208,0.6208410116576556,0.9937953651642297,0.2070196020779696,NS
GENE_0665,0.16675958090120968,0.5829684936015984,0.9937953651642297,0.23435491595232824,NS
GENE_0598,-0.00572850077882503,0.8985531886959695,0.9937953651642297,0.04645621029293566,NS
GENE_0597,-0.058232410872416374,0.8510065131473079,0.9937953651642297,0.0700671160457162,NS
GENE_0594,-0.0178763541836231,0.8231219730268354,0.9937953651642297,0.0845358047786171,NS
GENE_0590,0.22983618280230544,0.6389549855763652,0.9937953651642297,0.1945297368406716,NS
GENE_0519,-0.17782470366318925,0.907977294814383,0.9937953651642297,0.041925011457013404,NS
GENE_0524,0.10993640970462248,0.7830267242852067,0.9937953651642297,0.10622341544966969,NS
GENE_0525,0.09496690092236282,0.9363220864693298,0.9937953651642297,0.028574732122189788,NS
GENE_0527,-0.06900022280863816,0.8264307970608953,0.9937953651642297,0.08279350714139802,NS
GENE_0529,-0.0004108633551078711,0.936322130572264,0.9937953651642297,0.02857471166591648,NS
GENE_0531,0.09526573567419483,0.675826590921252,0.9937953651642297,0.1701647245718102,NS
GENE_0534,-0.1579134570434073,0.5655946546149981,0.9937953651642297,0.24749470367045676,NS
GENE_0535,-0.040915986710857055,0.9255126179095177,0.9937953651642297,0.033617655948222754,NS
GENE_0537,-0.03386177800622825,0.7249355618578476,0.9937953651642297,0.13970059532320836,NS
GENE_0538,0.14281695877423228,0.6708628562841544,0.9937953651642297,0.173366253074783,NS
GENE_0539,-0.19536729375687312,0.5610040033387076,0.9937953651642297,0.2510340395964118,NS
GENE_0541,0.07575359303029572,0.8357111691571472,0.9937953651642297,0.07794379351201501,NS
GENE_0542,0.049293225130207396,0.7661038938030117,0.9937953651642297,0.11571233030767611,NS
GENE_0513,0.08945602001066355,0.8184953101335317,0.9937953651642297,0.08698380469304559,NS
GENE_0546,-0.09768972325098169,0.936998159311163,0.9937953651642297,0.028261262262477858,NS
GENE_0556,0.07592129509866741,0.6789359936006469,0.9937953651642297,0.16817116671553511,NS
GENE_0557,0.2173144889441243,0.6983359802298362,0.9937953651642297,0.15593558131181107,NS
GENE_0560,0.09583172559048769,0.8770681366833823,0.9937953651642297,0.056966666341887386,NS
GENE_0561,-0.02381568040962545,0.8650214191220245,0.9937953651642297,0.06297313867237218,NS
GENE_0564,-0.05962583510912456,0.8556731028846676,0.9937953651642297,0.06769211935155034,NS
GENE_0565,0.2892275175113932,0.5507413648738602,0.9937953651642297,0.259052303468221,NS
GENE_0570,-0.04107215140184195,0.8851152982789543,0.9937953651642297,0.053000152867360074,NS
GENE_0571,0.0575837879564407,0.8317309091928493,0.9937953651642297,0.08001715875171862,NS
GENE_0573,-0.1963485816477677,0.6945649129059052,0.9937953651642297,0.15828715957439932,NS
GENE_0576,-0.04078527963580658,0.9376742186101115,0.9937953651642297,0.027948024771854093,NS
GENE_0582,-0.21626010776307325,0.660977890520713,0.9937953651642297,0.179813067269946,NS
GENE_0583,0.2377010903419441,0.7531605318359651,0.9937953651642297,0.1231124465615883,NS
GENE_0589,0.1327771150299304,0.6597466383456057,0.9937953651642297,0.1806228139941166,NS
GENE_0547,-0.13839640592789237,0.893174278087462,0.9937953651642297,0.04906379236899311,NS
GENE_0666,0.13399552222708166,0.6770697762251838,0.9937953651642297,0.16936657227787802,NS
GENE_0349,-0.16879278462234737,0.5638710299972387,0.9937953651642297,0.24882021758673925,NS
GENE_0346,-0.15401514722844656,0.6634438089940591,0.9937953651642297,0.1781958542271569,NS
GENE_0086,0.12669472124857695,0.7725998108386741,0.9937953651642297,0.11204540252271553,NS
GENE_0087,0.0051165945320672535,0.868364568390932,0.9937953651642297,0.061297905238609895,NS
GENE_0088,0.011363404110364073,0.8851152982789543,0.9937953651642297,0.053000152867360074,NS
GENE_0089,0.01622408341872905,0.889143125805743,0.9937953651642297,0.05102832480647743,NS
GENE_0090,0.24691177541755938,0.7096922793599219,0.9937953651642297,0.14892991937252384,NS
GENE_0091,0.2778764561920717,0.5518770813425714,0.9937953651642297,0.25815764118229423,NS
GENE_0092,-0.11833965497494692,0.80005284531141,0.9937953651642297,0.09688132592160749,NS
GENE_0094,0.005258964583711112,0.7928374437259955,0.9937953651642297,0.10081584739818686,NS
GENE_0096,-0.09427103831572214,0.8026810149386696,0.9937953651642297,0.09545700886187243,NS
GENE_0097,-0.0027784467846139194,0.8158539233537829,0.9937953651642297,0.08838759364866527,NS
GENE_0098,0.11639637748269749,0.8737183429006958,0.9937953651642297,0.05862854658544382,NS
GENE_0101,-0.1228224731217411,0.7771565935491623,0.9937953651642297,0.10949146400189304,NS
GENE_0102,0.18106989020858855,0.6462619822984765,0.9937953651642297,0.18959139159956162,NS
GENE_0103,0.13541085746576886,0.7609189077531229,0.9937953651642297,0.1186616241648933,NS
GENE_0106,-0.10127104502103279,0.9059566092437024,0.9937953651642297,0.04289260234227474,NS
GENE_0107,-0.1760749377465558,0.5794731491611027,0.9937953651642297,0.23696668298137422,NS
GENE_0110,-0.0877680095214659,0.802680992584311,0.9937953651642297,0.09545702095680746,NS
GENE_0111,-0.19674171621516745,0.8871288453064925,0.9937953651642297,0.0520132992867748,NS
GENE_0114,-0.1351020514625434,0.913368376516717,0.9937953651642297,0.03935402901327437,NS
GENE_0122,-0.000784740099393666,0.8690336607604554,0.9937953651642297,0.06096340145766029,NS
GENE_0126,0.11374271884040876,0.9160652898978856,0.9937953651642297,0.038073572148863574,NS
GENE_0129,-0.06753049161589697,0.7987397428056339,0.9937953651642297,0.09759470588708401,NS
GENE_0135,-0.09939604922601486,0.6256498403494211,0.9937953651642297,0.20366866191983207,NS
GENE_0143,-0.06188334789982797,0.8583418422029447,0.9937953651642297,0.06633971609569173,NS
GENE_0144,0.27280972441171425,0.6721023470442202,0.9937953651642297,0.17256458799964647,NS
GENE_0146,0.2016924472398811,0.5216226539985018,0.9937953651642297,0.2826435555182819,NS
GENE_0147,-0.14153601570224694,0.5759890701757373,0.9937953651642297,0.23958575756186062,NS
GENE_0085,-0.2100676928703109,0.6148535589920131,0.9937953651642297,0.2112283087689587,NS
GENE_0084,-0.039551153209963275,0.907977263021305,0.9937953651642297,0.041925026663956005,NS
GENE_0082,-0.10978703570080395,0.8891433678826794,0.9937953651642297,0.05102820656604982,NS
GENE_0081,-0.21553539259507914,0.5935111267075868,0.9937953651642297,0.2265711348013689,NS
GENE_0005,0.1740990613859683,0.8958629258604747,0.9937953651642297,0.047758435758073474,NS
GENE_0007,-0.260255736048455,0.5199657317397057,0.9937953651642297,0.28402527753203627,NS
GENE_0013,0.16869210743544194,0.8370388191122662,0.9937953651642297,0.07725440038748944,NS
GENE_0014,-0.006775002610357461,0.8690336457473167,0.9937953651642297,0.0609634089603885,NS
GENE_0015,-0.09147957224154357,0.7765023825933816,0.9937953651642297,0.10985720735902765,NS
GENE_0017,-0.031206536495155923,0.9255126265009999,0.9937953651642297,0.033617651916691235,NS
GENE_0020,0.204717183915335,0.749291770495151,0.9937953651642297,0.12534903725132038,NS
GENE_0022,-0.22819578803563,0.7338775729424547,0.9937953651642297,0.1343763839942813,NS
GENE_0023,0.11031263087606735,0.656057907980047,0.9937953651642297,0.18305782524896344,NS
GENE_0024,-0.289325346721637,0.7862924454068,0.9937953651642297,0.10441589695729178,NS
GENE_0031,0.01660932113897573,0.81585425806409,0.9937953651642297,0.08838741547607162,NS
GENE_0033,0.17374932163932222,0.7134929523187286,0.9937953651642297,0.14661031236601688,NS
GENE_0035,-0.18062666720959086,0.6371333127975882,0.9937953651642297,0.1957696870448755,NS
GENE_0154,-0.07385580340347975,0.7236609486984692,0.9937953651642297,0.14046486280625564,NS
GENE_0038,-0.19383821425910686,0.5238342902199016,0.9937953651642297,0.28080607604087715,NS
GENE_0042,0.14409881694566984,0.5748298558236749,0.9937953651642297,0.24046068333053017,NS
GENE_0043,0.37354340403083164,0.5293829028738706,0.9937953651642297,0.27623008892707007,NS
GENE_0047,-0.0461707933197637,0.6951923448516191,0.9937953651642297,0.15789501879040888,NS
GENE_0048,0.0770549818793489,0.9174143812062499,0.9937953651642297,0.03743445623634041,NS
GENE_0054,-0.1643763864290202,0.7249354397486428,0.9937953651642297,0.1397006684764113,NS
GENE_0055,0.2076863031883489,0.5730912888882642,0.9937953651642297,0.2417761928622829,NS
GENE_0063,0.03938173275954249,0.7185701755521114,0.9937953651642297,0.14353081226627123,NS
GENE_0065,0.13436630264854355,0.9309158002958892,0.9937953651642297,0.031089598417749796,NS
GENE_0066,-0.20570571991488684,0.6646781740043946,0.9937953651642297,0.17738858189244713,NS
GENE_0067,0.18096203198099037,0.5394476778453103,0.9937953651642297,0.26805067206543337,NS
GENE_0069,0.021452578191419214,0.9302401437669744,0.9937953651642297,0.03140492279021447,NS
GENE_0070,-0.020023961993129724,0.793492462996148,0.9937953651642297,0.10045719404426676,NS
GENE_0078,-0.25552782259986007,0.644431995524906,0.9937953651642297,0.1908229053494103,NS
GENE_0039,0.03622326757649752,0.7467159137028287,0.9937953651642297,0.12684459306751242,NS
GENE_0348,0.13083264703428021,0.803995804987013,0.9937953651642297,0.09474621726615666,NS
GENE_0156,-0.021425452677786616,0.867695856849276,0.9937953651642297,0.0616324762508478,NS
GENE_0165,-0.06625837456103056,0.7693491016882025,0.9937953651642297,0.11387654897167557,NS
GENE_0253,-0.16532356065512932,0.6536025514332721,0.9937953651642297,0.1846862611402244,NS
GENE_0254,-0.016225892076595194,0.8026809255211899,0.9937953651642297,0.0954570572416391,NS
GENE_0259,0.03914502997042302,0.9086500839474922,0.9937953651642297,0.04160332895374544,NS
GENE_0262,0.3542279843585652,0.5736706833061991,0.9937953651642297,0.24133734360486594,NS
GENE_0263,-0.0012493244412956628,0.5621490804844069,0.9937953651642297,0.25014849538129963,NS
GENE_0267,-0.13175324122114684,0.7712990469889225,0.9937953651642297,0.11277720524801482,NS
GENE_0268,-0.040032298602491245,0.759624307461604,0.9937953651642297,0.11940114658438823,NS
GENE_0279,-0.15022158593755908,0.6160490556619256,0.9937953651642297,0.2103847038176838,NS
GENE_0289,-0.17026999793213893,0.6280600748499712,0.9937953651642297,0.20199881338378728,NS
GENE_0293,-0.04124704121980205,0.7480036023571394,0.9937953651642297,0.126096310584656,NS
GENE_0299,-0.12161846655610109,0.8079438233969842,0.9937953651642297,0.09261883481558028,NS
GENE_0300,0.1376403220682194,0.771299561368456,0.9937953651642297,0.11277691561700932,NS
GENE_0307,0.09223340718169482,0.785639693150332,0.9937953651642297,0.10477658265405303,NS
GENE_0309,0.16453614631776592,0.8092609219378099,0.9937953651642297,0.09191143056571813,NS
GENE_0311,0.01314113552402496,0.8423540998331607,0.9937953651642297,0.07450530603467499,NS
GENE_0313,-0.0417348435792686,0.737721579371589,0.9937953651642297,0.13210751264446213,NS
GENE_0321,0.09223386702909941,0.7428560129046804,0.9937953651642297,0.12909535698088986,NS
GENE_0324,-0.11533859215018527,0.64382236268686,0.9937953651642297,0.1912339424953377,NS
GENE_0325,-0.22648397900849382,0.8310678459433483,0.9937953651642297,0.08036352023988423,NS
GENE_0327,0.2127198429591628,0.6365270420390146,0.9937953651642297,0.19618314117159674,NS
GENE_0328,0.21030236563228666,0.7390044549518225,0.9937953651642297,0.13135294353323654,NS
GENE_0330,0.23450153558296982,0.5405719285451192,0.9937953651642297,0.2671465106063829,NS
GENE_0332,-0.16158751693885431,0.9187634231745015,0.9937953651642297,0.03679630279968881,NS
GENE_0333,0.0374674213530497,0.783679787381942,0.9937953651642297,0.10586135438263322,NS
GENE_0340,-0.1449470582627903,0.584135729003793,0.9937953651642297,0.23348622907167194,NS
GENE_0341,0.06333969220377966,0.7622139377174165,0.9937953651642297,0.1179231140545086,NS
GENE_0345,0.05010032669166975,0.8610126849097361,0.9937953651642297,0.06499045023540337,NS
GENE_0252,-0.12192490088295482,0.9167398063605675,0.9937953651642297,0.03775391045486343,NS
GENE_0249,0.21012644916760248,0.5541517763062151,0.9937953651642297,0.25637127031732043,NS
GENE_0248,0.16806998504774118,0.6517647617090958,0.9937953651642297,0.18590912378647936,NS
GENE_0247,0.0063765660539445435,0.9032635381164559,0.9937953651642297,0.04418552050424049,NS
GENE_0166,-0.019861939172188592,0.8330571634758807,0.9937953651642297,0.07932519675604216,NS
GENE_0168,0.21078326719985085,0.895863153437864,0.9937953651642297,0.04775832543361534,NS
GENE_0169,0.32622004300880736,0.6316815282244772,0.9937953651642297,0.1995018226583829,NS
GENE_0175,-0.06321367966670977,0.9039367271546122,0.9937953651642297,0.04386196776502282,NS
GENE_0181,0.12782054174334156,0.7473594016915888,0.9937953651642297,0.12647049773632016,NS
GENE_0187,-0.19690007804106813,0.6474810736716354,0.9937953651642297,0.18877292179513158,NS
GENE_0189,0.18823091739168518,0.5678966159032119,0.9937953651642297,0.24573071927030068,NS
GENE_0196,0.0571405550058266,0.5818018220098202,0.9937953651642297,0.23522492302094333,NS
GENE_0197,-0.021576386324382746,0.8810901691754025,0.9937953651642297,0.05497964440127085,NS
GENE_0201,-0.06270810972693752,0.7921822901006116,0.9937953651642297,0.1011748708405263,NS
GENE_0204,-0.22957623704329855,0.8297424851079348,0.9937953651642297,0.0810566722618536,NS
GENE_0205,-0.14783829540255145,0.8490083049344757,0.9937953651642297,0.07108806149977567,NS
GENE_0207,0.17486193292671892,0.5864729346441698,0.9937953651642297,0.2317520255022647,NS
GENE_0161,-0.17765179900346872,0.6690050491586095,0.9937953651642297,0.17457060448412393,NS
GENE_0209,0.0838281814792321,0.8864576156215923,0.9937953651642297,0.05234202457711909,NS
GENE_0212,0.0035067691029446735,0.6696239739919844,0.9937953651642297,0.17416900605117075,NS
GENE_0214,0.283752614577681,0.6945649129059052,0.9937953651642297,0.15828715957439932,NS
GENE_0215,-0.24239168480849838,0.7153953768973325,0.9937953651642297,0.14545387072110744,NS
GENE_0216,0.14987843468973416,0.7377212871440937,0.9937953651642297,0.13210768467794654,NS
GENE_0217,-0.1327818119217028,0.6826747538066793,0.9937953651642297,0.16578615762171123,NS
GENE_0221,0.060545142568901866,0.7817212772105713,0.9937953651642297,0.10694806707654796,NS
GENE_0223,0.2673377454876622,0.5621495327559829,0.9937953651642297,0.2501481459740381,NS
GENE_0226,-0.269780476483386,0.5632970964324566,0.9937953651642297,0.24926248737038664,NS
GENE_0227,-0.23299067548288033,0.7058999345688444,0.9937953651642297,0.15125685835986402,NS
GENE_0232,-0.1394091424171897,0.930238896121235,0.9937953651642297,0.03140550526993971,NS
GENE_0233,0.20427740837006425,0.7830267242852067,0.9937953651642297,0.10622341544966969,NS
GENE_0241,-0.11104401805226072,0.807285292073347,0.9937953651642297,0.09297295985347497,NS
GENE_0243,-0.09542671622783327,0.7480033489053562,0.9937953651642297,0.12609645774000275,NS
GENE_0211,0.05356877305733754,0.9309158002958892,0.9937953651642297,0.031089598417749796,NS
GENE_0675,0.3032206495303553,0.5282710780010811,0.9937953651642297,0.2771431655923868,NS
GENE_0629,0.2997842983345338,0.5678963472090117,0.9937953651642297,0.245730924752131,NS
GENE_0683,-0.13461148099394293,0.6708628562841544,0.9937953651642297,0.173366253074783,NS
GENE_1047,-0.1762584333299717,0.6136590025856072,0.9937953651642297,0.2120728901519287,NS
GENE_1048,-0.3000178335348247,0.5958655261795884,0.9937953651642297,0.22485173997051988,NS
GENE_1059,0.06663051751542515,0.907977263021305,0.9937953651642297,0.041925026663956005,NS
GENE_1063,-0.00757673371523282,0.8490081323699983,0.9937953651642297,0.0710881497719486,NS
GENE_1064,0.1646812315528754,0.7908713350859585,0.9937953651642297,0.10189416505769784,NS
GENE_1068,-0.18020773026903747,0.6511524350194978,0.9937953651642297,0.18631733103504539,NS
GENE_1069,-0.3399837119973199,0.5327269399617156,0.9937953651642297,0.2734953404202016,NS
GENE_1074,-0.0852839985229581,0.8703717650693338,0.9937953651642297,0.060295205965607744,NS
GENE_1077,0.093269847583894,0.7583303803322594,0.9937953651642297,0.12014154490178637,NS
GENE_1084,-0.19701485288290055,0.5513086188513543,0.9937953651642297,0.25860521795003544,NS
GENE_1085,-0.251999892730006,0.7313190890967519,0.9937953651642297,0.1358930903509676,NS
GENE_1095,-0.09135786143704472,0.6882977036394204,0.9937953651642297,0.1622236793760819,NS
GENE_1097,-0.009530715904527476,0.8450144522040738,0.9937953651642297,0.07313586328840592,NS
GENE_1099,0.11790829414495452,0.6232436402864963,0.9937953651642297,0.20534214443682125,NS
GENE_1104,0.01324858567206988,0.8476765731986954,0.9937953651642297,0.07176981904998425,NS
GENE_1110,0.1940169570007786,0.5394469271524531,0.9937953651642297,0.26805127642801707,NS
GENE_1112,0.07910312901395233,0.8837732050141359,0.9937953651642297,0.05365916988269874,NS
GENE_1114,0.25718605440873876,0.7160302901068841,0.9937953651642297,0.14506860541836103,NS
GENE_1118,-0.005047443690411768,0.6714822036110426,0.9937953651642297,0.17296549301155895,NS
GENE_1120,-0.12151955899335931,0.8363747585613946,0.9937953651642297,0.07759908248147897,NS
GENE_1121,0.14689954305080732,0.5923353986626968,0.9937953651642297,0.2274323126325678,NS
GENE_1127,0.03392764865810971,0.9403788642866524,0.9937953651642297,0.026697140528415757,NS
GENE_1128,-0.10139031049464364,0.6136588795205614,0.9937953651642297,0.21207297724667587,NS
GENE_1132,-0.24973436016470085,0.6920552747510837,0.9937953651642297,0.15985921687172028,NS
GENE_1133,-0.19383938647427357,0.7422144637456141,0.9937953651642297,0.12947058668394482,NS
GENE_1043,0.1826228163669814,0.6970785363966931,0.9937953651642297,0.1567182893306067,NS
GENE_1042,0.00019910730049943481,0.8676958113583226,0.9937953651642297,0.06163249901973666,NS
GENE_1040,0.1902164565785771,0.6172433736186573,0.9937953651642297,0.2095435637148625,NS
GENE_1039,-0.24804266404174324,0.6377404112820361,0.9937953651642297,0.1953560624847053,NS
GENE_0951,0.13746650842814123,0.8931740815540838,0.9937953651642297,0.04906388793082591,NS
GENE_0952,0.15716910655101746,0.7576834258887395,0.9937953651642297,0.12051221271597982,NS
GENE_0954,0.11327408408871609,0.6389548692073244,0.9937953651642297,0.1945298159361291,NS
GENE_0957,-0.12164878635607934,0.8277550934565167,0.9937953651642297,0.08209813820711935,NS
GENE_0958,0.06911317570301456,0.7687003775543421,0.9937953651642297,0.11424290562290496,NS
GENE_0959,-0.0282058455308416,0.9147167878523967,0.9937953651642297,0.038713350208983775,NS
GENE_0969,0.07409718593563586,0.9309157923243604,0.9937953651642297,0.031089602136658605,NS
GENE_0971,-0.11684222318563897,0.7849860050961742,0.9937953651642297,0.10513808588364572,NS
GENE_0973,-0.1363020079579611,0.7300410870195138,0.9937953651642297,0.13665269691555354,NS
GENE_0977,0.15512183711590932,0.7160302901068841,0.9937953651642297,0.14506860541836103,NS
GENE_0980,-0.07074980499196837,0.7467159137028287,0.9937953651642297,0.12684459306751242,NS
GENE_0982,-0.33607536336720134,0.6945615575080992,0.9937953651642297,0.1582892576277915,NS
GENE_1134,0.23032532939424932,0.5841355550383357,0.9937953651642297,0.23348635841190168,NS
GENE_0679,0.15471839921208197,0.6256498803257527,0.9937953651642297,0.203668634170285,NS
GENE_0998,-0.010820811841578681,0.9052832792096235,0.9937953651642297,0.04321550107439216,NS
GENE_1003,0.2801539363131793,0.6172454906337603,0.9937953651642297,0.20954207417857915,NS
GENE_1005,0.05615602307613532,0.5271577702950188,0.9937953651642297,0.27805938760680876,NS
GENE_1007,0.15023061155896755,0.700854148604019,0.9937953651642297,0.15437235157248932,NS
GENE_1009,0.13282899289942662,0.9174143716870921,0.9937953651642297,0.03743446074261131,NS
GENE_1010,-0.23950045066447423,0.5736662503157157,0.9937953651642297,0.2413406995907997,NS
GENE_1018,0.13009266641215866,0.7531613882133021,0.9937953651642297,0.12311195274954594,NS
GENE_1022,-0.32049231115834864,0.5496066149874241,0.9937953651642297,0.2599480488101372,NS
GENE_1024,-0.009131035934131226,0.8396951980864865,0.9937953651642297,0.07587833038033504,NS
GENE_1027,0.17231251944433268,0.822460744067615,0.9937953651642297,0.08488482169613365,NS
GENE_1036,-0.20141764530196316,0.7090602429232337,0.9937953651642297,0.14931686487663767,NS
GENE_1038,0.45338895982722605,0.5139190889571256,0.9937953651642297,0.28910525062621584,NS
GENE_0993,0.02453855822872608,0.8610126689955642,0.9937953651642297,0.06499045826250593,NS
GENE_0946,0.036702191237198534,0.9046099852504791,0.9937953651642297,0.043538622741714536,NS
GENE_1136,-0.18424068510907876,0.5507413648738602,0.9937953651642297,0.259052303468221,NS
GENE_1140,0.13598423076132615,0.7987396516806864,0.9937953651642297,0.09759475543396642,NS
GENE_1226,0.05891161687906088,0.9403786302289603,0.9937953651642297,0.026697248623121672,NS
GENE_1227,-0.10127247465500311,0.8717103595271432,0.9937953651642297,0.05962779276764508,NS
GENE_1228,-0.25292006301868675,0.5736690874454775,0.9937953651642297,0.24133855174481356,NS
GENE_1232,-0.007927877644390513,0.899898657075374,0.9937953651642297,0.04580639628413741,NS
GENE_1237,-0.14797588699188946,0.7882549812210978,0.9937953651642297,0.10333327613349816,NS
GENE_1245,0.17064920167691788,0.6365270420390146,0.9937953651642297,0.19618314117159674,NS
GENE_1247,0.031734959241061844,0.9093246539250512,0.9937953651642297,0.04128103401063799,NS
GENE_1249,-0.08465063511790127,0.8390305670697742,0.9937953651642297,0.07622221692110612,NS
GENE_1251,0.18015635583938927,0.5592871083845119,0.9937953651642297,0.2523651910811827,NS
GENE_1254,-0.16732218199306015,0.5911599675210379,0.9937953651642297,0.22829498339768609,NS
GENE_1257,-0.30253586418440026,0.5552909342240594,0.9937953651642297,0.2554794168364643,NS
GENE_1260,0.05327849788607519,0.8998986110009985,0.9937953651642297,0.045806418519805124,NS
GENE_1267,-0.2765084726708782,0.5304963946790306,0.9937953651642297,0.2753175632731458,NS
GENE_1271,-0.1533848162171827,0.6017704995580324,0.9937953651642297,0.2205691063819001,NS
GENE_1273,-0.014853167669052425,0.8757280973347417,0.9937953651642297,0.0576307159293264,NS
GENE_1275,-0.1982661179275249,0.6172456127681785,0.9937953651642297,0.2095419882447013,NS
GENE_1276,0.1532224375500988,0.9390264569702522,0.9937953651642297,0.027322171360810804,NS
GENE_1278,-0.2524781872839261,0.7040060391765176,0.9937953651642297,0.15242361533262175,NS
GENE_1281,0.015827757280215238,0.8430190205002017,0.9937953651642297,0.07416262655545723,NS
GENE_1284,-0.19773250712371304,0.751870988217523,0.9937953651642297,0.12385667258908496,NS
GENE_1286,-0.15798997524936187,0.80005284531141,0.9937953651642297,0.09688132592160749,NS
GENE_1288,0.1753720107408352,0.6413846834369628,0.9937953651642297,0.19288141543694126,NS
GENE_1290,-0.057643850779268924,0.638954636468906,0.9937953651642297,0.19452997412731612,NS
GENE_1300,-0.05721824878840209,0.7287634752003749,0.9937953651642297,0.1374134018369639,NS
GENE_1306,0.004865205058228739,0.7109587798323798,0.9937953651642297,0.14815557818765313,NS
GENE_1224,-0.29601796088746024,0.5194157327446887,0.9937953651642297,0.2844849000268463,NS
GENE_1223,-0.006856035039956687,0.893174278087462,0.9937953651642297,0.04906379236899311,NS
GENE_1220,0.22579857743297094,0.5338447466198343,0.9937953651642297,0.2725850266601377,NS
GENE_1218,-0.007072022307882619,0.857007512876578,0.9937953651642297,0.06701537085796933,NS
GENE_1143,0.09580383145372284,0.7758538655222502,0.9937953651642297,0.11022007174938805,NS
GENE_1148,-0.17545532480005743,0.7830267976982472,0.9937953651642297,0.10622337473218724,NS
GENE_1149,0.1661236280668561,0.8810900462984604,0.9937953651642297,0.054979704968036294,NS
GENE_1150,-0.045485809734119975,0.8904866659603652,0.9937953651642297,0.05037257922509564,NS
GENE_1153,-0.02177618026929462,0.5445150942482356,0.9937953651642297,0.26399007686714565,NS
GENE_1160,0.0829071464354687,0.9194380797162435,0.9937953651642297,0.03647751334602586,NS
GENE_1164,0.10180949111725823,0.8503404332036482,0.9937953651642297,0.07040716997702948,NS
GENE_1165,0.1850100884240531,0.569048627948154,0.9937953651642297,0.24485061946227482,NS
GENE_1167,0.2353554016468138,0.662210502298604,0.9937953651642297,0.17900393585492197,NS
GENE_1169,-0.052778262112616936,0.7531609462132084,0.9937953651642297,0.12311220761956589,NS
GENE_1175,0.21665858116574022,0.5238316012173071,0.9937953651642297,0.28080830541380636,NS
GENE_1177,0.16136506569767217,0.801366469461658,0.9937953651642297,0.09616883314417882,NS
GENE_1138,0.17151140943818977,0.7609189345665518,0.9937953651642297,0.11866160886112848,NS
GENE_1179,0.010546588357589926,0.8636847934161295,0.9937953651642297,0.06364472679984909,NS
GENE_1185,-0.1382031009098279,0.64382236268686,0.9937953651642297,0.1912339424953377,NS
GENE_1188,0.15755104567819878,0.7185704872553356,0.9937953651642297,0.14353062387693158,NS
GENE_1191,-0.06566969134210865,0.8211385048325142,0.9937953651642297,0.08558358245283836,NS
GENE_1194,0.0400210341507643,0.9322670934109581,0.9937953651642297,0.030459644967460953,NS
GENE_1198,0.1891150770469494,0.8013662444921623,0.9937953651642297,0.09616895506470832,NS
GENE_1207,-0.15891503573468668,0.6914287305102436,0.9937953651642297,0.16025257844877183,NS
GENE_1208,0.13911133703077727,0.8610125257677703,0.9937953651642297,0.06499053050655987,NS
GENE_1209,0.1710972996227813,0.7693478313285078,0.9937953651642297,0.11387726608521961,NS
GENE_1211,-0.18806357458383438,0.6196418156649319,0.9937953651642297,0.20785928216563734,NS
GENE_1212,-0.13633827805356447,0.8750581531960921,0.9937953651642297,0.057963084380028465,NS
GENE_1213,0.18666770678573474,0.6808040444333777,0.9937953651642297,0.16697787291483013,NS
GENE_1214,0.05417877857721454,0.8878003502918804,0.9937953651642297,0.05168468795471534,NS
GENE_1183,-0.0945138579397442,0.7345182934656185,0.9937953651642297,0.13399738346495874,NS
GENE_0945,0.15482882266751474,0.8118966080244163,0.9937953651642297,0.09049927300443301,NS
GENE_0991,0.1715037251358531,0.5304972982256277,0.9937953651642297,0.27531682357920817,NS
GENE_0810,0.023748799134472698,0.8145343876550786,0.9937953651642297,0.08909057611471617,NS
GENE_0766,0.1707711069507729,0.8000516680649569,0.9937953651642297,0.09688196496941236,NS
GENE_0769,-0.2169812537197071,0.5719361733958139,0.9937953651642297,0.24265243464867833,NS
GENE_0772,0.21175517681215972,0.5552909342240594,0.9937953651642297,0.2554794168364643,NS
GENE_0776,0.20217468113783532,0.8039958938338126,0.9937953651642297,0.09474616927377602,NS
GENE_0783,0.2915714126335436,0.5736713925719066,0.9937953651642297,0.24133680665919047,NS
GENE_0785,0.1961972640370151,0.6745842889847193,0.9937953651642297,0.17096377771351887,NS
GENE_0786,-0.009933199850038932,0.8530060025459979,0.9937953651642297,0.06904791272059885,NS
GENE_0788,0.022495107769111122,0.791527212055278,0.9937953651642297,0.10153414985747014,NS
GENE_0789,-0.25937275071113497,0.7313193878777713,0.9937953651642297,0.13589291291963368,NS
GENE_0793,0.18753789509629115,0.7172995433891924,0.9937953651642297,0.1442994456229724,NS
GENE_0794,-0.1637088994617084,0.7622140977821021,0.9937953651642297,0.11792302285281447,NS
GENE_0764,0.1364804726308524,0.936322130572264,0.9937953651642297,0.02857471166591648,NS
GENE_0796,0.07258245256390428,0.9349702774389667,0.9937953651642297,0.029202195062690544,NS
GENE_0806,0.17435954559143507,0.5678963472090117,0.9937953651642297,0.245730924752131,NS
GENE_0817,-0.09468600466734856,0.6857954909363357,0.9937953651642297,0.16380537467150574,NS
GENE_0819,-0.01919001801924569,0.7843329537755483,0.9937953651642297,0.10549953770924864,NS
GENE_0820,0.26719685397436077,0.5462098471373021,0.9937953651642297,0.2626404746121707,NS
GENE_0822,-0.20483905827435311,0.8099189083746838,0.9937953651642297,0.09155846187245542,NS
GENE_0824,0.19002085680723368,0.6413868433659251,0.9937953651642297,0.19287995290801846,NS
GENE_0831,0.10395802311563607,0.7752029654217222,0.9937953651642297,0.11058457462624466,NS
GENE_0835,0.24453874052234603,0.6560577590801897,0.9937953651642297,0.1830579238170821,NS
GENE_0839,0.16133338890305193,0.8530056831493928,0.9937953651642297,0.06904807533634676,NS
GENE_0840,-0.30596446284041257,0.8403593945640863,0.9937953651642297,0.07553494049120742,NS
GENE_0842,-0.31326113550709245,0.5416972551805133,0.9937953651642297,0.2662433650090259,NS
GENE_0802,0.19536181422464516,0.7856396689589482,0.9937953651642297,0.10477659602683032,NS
GENE_0763,0.22678746141204975,0.6341022507361164,0.9937953651642297,0.19784070528876663,NS
GENE_0762,-0.09839001572675699,0.9390263865745672,0.9937953651642297,0.027322203918422456,NS
GENE_0758,0.20222817948412697,0.6572862367983336,0.9937953651642297,0.1822454615049921,NS
GENE_0690,0.07742409068155531,0.7589770163858502,0.9937953651642297,0.11977137536661708,NS
GENE_0697,0.14479135322408432,0.8918303664497664,0.9937953651642297,0.04971774418977173,NS
GENE_0700,0.11669313510562329,0.8583415989991271,0.9937953651642297,0.0663398391493351,NS
GENE_0713,-0.28117134471630134,0.639562229278088,0.9937953651642297,0.19411719236243477,NS
GENE_0714,-0.3705707697527121,0.581218588002934,0.9937953651642297,0.2356605049417791,NS
GENE_0716,0.13923593040554838,0.6450417906854145,0.9937953651642297,0.19041214757228575,NS
GENE_0718,0.04264894646693662,0.8000524830839464,0.9937953651642297,0.09688152255039914,NS
GENE_0719,-0.2513022639295919,0.6172452463645743,0.9937953651642297,0.20954224604663194,NS
GENE_0720,-0.1419551179673615,0.8763979594104415,0.9937953651642297,0.05729864231377045,NS
GENE_0722,-0.05909973976259142,0.885115245489247,0.9937953651642297,0.05300017876938583,NS
GENE_0726,-0.2511546628800687,0.5713581441154478,0.9937953651642297,0.24309157782359983,NS
GENE_0727,-0.1346871466467503,0.8377028277895715,0.9937953651642297,0.07691001852998457,NS
GENE_0730,0.1954350650474046,0.584719232627377,0.9937953651642297,0.2330526210822077,NS
GENE_0732,-0.010604032850961786,0.81585425806409,0.9937953651642297,0.08838741547607162,NS
GENE_0733,-0.1282469199463403,0.8184953926540883,0.9937953651642297,0.0869837609075527,NS
GENE_0737,-0.17769386932573017,0.6232428365246685,0.9937953651642297,0.20534270452204167,NS
GENE_0740,0.005596203613115414,0.712225500635417,0.9937953651642297,0.1473824808344939,NS
GENE_0744,0.2421700632444539,0.8583421502593156,0.9937953651642297,0.06633956022870331,NS
GENE_0745,0.09683589527840475,0.8610126212530155,0.9937953651642297,0.06499048234383108,NS
GENE_0747,0.06381752837368282,0.8810901691754025,0.9937953651642297,0.05497964440127085,NS
GENE_0748,0.2537675720400623,0.6220416217894307,0.9937953651642297,0.20618055500578497,NS
GENE_0750,0.26028993009646406,0.8330570493117506,0.9937953651642297,0.07932525627279235,NS
GENE_0754,-0.1349752469463823,0.6341030352501946,0.9937953651642297,0.19784016797806633,NS
GENE_0755,-0.15448954909482904,0.6622106122537805,0.9937953651642297,0.17900386374352797,NS
GENE_0756,0.058342961178828645,0.9167398063605675,0.9937953651642297,0.03775391045486343,NS
GENE_0847,0.05417843880996287,0.766103972606853,0.9937953651642297,0.11571228563479041,NS
GENE_0849,-0.2537705992442518,0.6389528521261123,0.9937953651642297,0.19453118693847196,NS
GENE_1998,-0.02222405645225578,0.9282137168501003,0.9937953651642297,0.03235201800243271,NS
GENE_0856,0.16947118682388407,0.6487051825708958,0.9937953651642297,0.1879526324336529,NS
GENE_0900,-0.25236907804488684,0.9214623048429661,0.9937953651642297,0.03552242618938687,NS
GENE_0937,0.14994461473469212,0.7294019617555852,0.9937953651642297,0.1370330729683853,NS
GENE_0886,0.024410797497679937,0.940378843634614,0.9937953651642297,0.02669715006613163,NS
GENE_0864,-0.16043210093858384,0.6683861331385093,0.9937953651642297,0.1749725688981825,NS
GENE_0925,0.08225358636804714,0.899898645556786,0.9937953651642297,0.04580640184305139,NS
GENE_0898,-0.0572882526254368,0.9187631890541434,0.9937953651642297,0.03679641346712508,NS
GENE_0896,-0.07355928150130708,0.9349702549214453,0.9937953651642297,0.02920220552209834,NS
GENE_0905,-0.31391658118490096,0.6005875635551212,0.9937953651642297,0.2214236650363141,NS
GENE_0865,0.033607194348289404,0.9322669448995146,0.9937953651642297,0.030459714151180987,NS
GENE_0867,0.0014302944867079503,0.7895635229122158,0.9937953651642297,0.10261292386916056,NS
GENE_0871,0.017863562024225565,0.8343838930405401,0.9937953651642297,0.07863408812794288,NS
GENE_0889,0.1862186316754162,0.5541517763062151,0.9937953651642297,0.25637127031732043,NS
GENE_0935,-0.08805431659074081,0.6795588900837781,0.9937953651642297,0.16777290165377026,NS
GENE_0934,-0.07481127482065197,0.9019164321552177,0.9937953651642297,0.04483370052367212,NS
GENE_0880,-0.17833721623465149,0.654830137889792,0.9937953651642297,0.18387134083915727,NS
GENE_0885,0.33609897166810665,0.6292666833008994,0.9937953651642297,0.20116526148564218,NS
GENE_0929,-0.01579861623338452,0.8610126689955642,0.9937953651642297,0.06499045826250593,NS
GENE_0854,-0.12960822678584538,0.5249418120756626,0.9937953651642297,0.2798888339178231,NS
GENE_0888,0.07841109478970587,0.6671493018632617,0.9937953651642297,0.17577696410533275,NS
GENE_0921,0.060861594501886884,0.937674146659538,0.9937953651642297,0.027948058096582042,NS
GENE_0907,0.23639344886732871,0.7635101142470875,0.9937953651642297,0.11718520545418168,NS
GENE_0916,0.2898960597353559,0.6304743218760205,0.9937953651642297,0.20033259679057436,NS
GENE_0913,-0.2371965253546593,0.6851716004171714,0.9937953651642297,0.16420064634534484,NS
GENE_0851,0.2025382086066836,0.6548301005510979,0.9937953651642297,0.1838713656028148,NS
GENE_0908,0.06292184833440118,0.857007512876578,0.9937953651642297,0.06701537085796933,NS
GENE_0852,-0.21490861308210452,0.5205189287632269,0.9937953651642297,0.28356347267036325,NS
GENE_0912,0.10551290821625692,0.7752028895071535,0.9937953651642297,0.11058461715611276,NS
GENE_0853,-0.41284049760961583,0.5150172581594283,0.9937953651642297,0.2881782175649724,NS
GENE_1618,0.0768750738848123,0.9430841458215624,0.9940281544653299,0.025449556005380188,NS
GENE_0435,-0.0577562913959202,0.94240758090053,0.9940281544653299,0.025761228997947798,NS
GENE_1552,0.011305575151284053,0.9430842115489817,0.9940281544653299,0.025449525737609665,NS
GENE_0911,0.05868235940840094,0.9417314304122738,0.9940281544653299,0.026072934702068815,NS
GENE_0178,-0.10787445607816082,0.9444371042835166,0.9941443202984386,0.02482695904667623,NS
GENE_1204,-0.04979130198468784,0.944437001610987,0.9941443202984386,0.02482700626010661,NS
GENE_0137,0.09819539510565001,0.9457898580117037,0.9949137230892345,0.02420534736560047,NS
GENE_1889,0.003384637556625769,0.9471434193129203,0.9956829637980765,0.02358425383708744,NS
GENE_1375,0.14527807220135358,0.9484968075330794,0.9964510125101294,0.022964126528719344,NS
GENE_0636,0.02727263593045759,0.9512040259149372,0.9966774338335951,0.02172632025969517,NS
GENE_0350,-0.0061504601696995564,0.9498501647636541,0.9966774338335951,0.022344897604360855,NS
GENE_0523,0.005976009406873928,0.9512039357132888,0.9966774338335951,0.021726361443372894,NS
GENE_1370,0.03295335440338132,0.9512039920893777,0.9966774338335951,0.021726335703547102,NS
GENE_1930,-0.003645645554710697,0.9633930288319335,0.9976885910768095,0.016196500590380098,NS
GENE_1947,0.10601491491255377,0.9633930457585441,0.9976885910768095,0.016196492959918464,NS
GENE_1210,0.00926766516387012,0.9606835395678375,0.9976885910768095,0.017419650472586035,NS
GENE_0562,0.04820961146429514,0.9633930034419733,0.9976885910768095,0.016196512036092698,NS
GENE_1168,-0.029892158784516454,0.9593289547898097,0.9976885910768095,0.018032447309795956,NS
GENE_1520,-0.027751350298475863,0.9566201213369631,0.9976885910768095,0.019260488513492054,NS
GENE_1567,0.1388170096988839,0.9579744680015726,0.9976885910768095,0.018646065612261568,NS
GENE_1309,-0.003295069509358761,0.9552658171858852,0.9976885910768095,0.019875762579958496,NS
GENE_0240,0.0037528496789063226,0.9633928976499044,0.9976885910768095,0.016196559726821304,NS
GENE_0943,0.06931703547300572,0.9606835350234668,0.9976885910768095,0.01741965252695152,NS
GENE_0404,-0.05035783502702795,0.9552659205727839,0.9976885910768095,0.019875715576960617,NS
GENE_1892,0.05732383972095789,0.9593289547898097,0.9976885910768095,0.018032447309795956,NS
GENE_1501,-0.06647252019769478,0.9620382334711278,0.9976885910768095,0.01680766782125205,NS
GENE_0303,-0.2403749339629302,0.959328790265306,0.9976885910768095,0.018032521791119447,NS
GENE_1980,0.04820794651579341,0.9593289547898097,0.9976885910768095,0.018032447309795956,NS
GENE_1137,0.07016755806644426,0.9579744680015726,0.9976885910768095,0.018646065612261568,NS
GENE_1898,0.030688342661729706,0.956620091257981,0.9976885910768095,0.01926050216900259,NS
GENE_0631,0.020254176656978373,0.9539118075781636,0.9976885910768095,0.020491775455911618,NS
GENE_1617,-0.08284298167618243,0.9925405098272401,0.9983185799584119,0.0032517587861052174,NS
GENE_0004,0.11886132018625428,0.9877938457382254,0.9983185799584119,0.00533368395525107,NS
GENE_1806,0.046834911339064256,0.9905061990258262,0.9983185799584119,0.004142802110002571,NS
GENE_1222,0.012231650345376543,0.9945748727323804,0.9983185799584119,0.002362517124225705,NS
GENE_1308,0.08218418375353664,0.9945748852835679,0.9983185799584119,0.0023625116435811062,NS
GENE_0942,0.06942156814911371,0.9837256571661733,0.9983185799584119,0.0071260013563435275,NS
GENE_1305,0.010152921211370014,0.9918624025386111,0.9983185799584119,0.0035485717601416483,NS
GENE_1304,-0.02730606986160744,0.9925405098272401,0.9983185799584119,0.0032517587861052174,NS
GENE_1606,-0.08649036694583057,0.9742349263308543,0.9983185799584119,0.011336305024084826,NS
GENE_1476,0.033364899253252034,0.9823696741811773,0.9983185799584119,0.00772505269624671,NS
GENE_0940,-0.049369629898616374,0.9769462400896285,0.9983185799584119,0.01012933420835391,NS
GENE_0707,-0.16022954862404504,0.9837256571661733,0.9983185799584119,0.0071260013563435275,NS
GENE_0931,-0.031093706433733104,0.9715239761162683,0.9983185799584119,0.01254647703382817,NS
GENE_0647,-0.07688202931451471,0.9796578672838714,0.9983185799584119,0.00892556950505063,NS
GENE_1482,0.13210174508201078,0.9661029355680045,0.9983185799584119,0.01497659825580105,NS
GENE_0361,-0.13678937514222334,0.9742349740016325,0.9983185799584119,0.01133628377340405,NS
GENE_1485,-0.033521630155118665,0.9850816543845176,0.9983185799584119,0.006527768914736923,NS
GENE_1647,0.05608604978471554,0.9911842898324851,0.9983185799584119,0.0038455900996401155,NS
GENE_1066,-0.03549569152994536,0.9789798654696025,0.9983185799584119,0.009226240173744961,NS
GENE_0351,-0.09520322587299379,0.9837256214018975,0.9983185799584119,0.007126017145530107,NS
GENE_0213,0.020404830000892105,0.9742349561251218,0.9983185799584119,0.011336291742395348,NS
GENE_0298,0.0241829551413959,0.9905061781604683,0.9983185799584119,0.00414281125856711,NS
GENE_1882,0.03689277328770757,0.9803357964300133,0.9983185799584119,0.00862513904501129,NS
GENE_1422,-0.068695516866768,0.9837256515191981,0.9983185799584119,0.0071260038493660156,NS
GENE_1055,0.11218465217764617,0.9911842990101785,0.9983185799584119,0.0038455860783681733,NS
GENE_1425,0.06929210588290413,0.9742349740016325,0.9983185799584119,0.01133628377340405,NS
GENE_0528,0.02660856559386815,0.9688132952997277,0.9983185799584119,0.013759909877713526,NS
GENE_0830,-0.017089026718455358,0.9688132952997277,0.9983185799584119,0.013759909877713526,NS
GENE_0274,-0.06581643773865409,0.9891500201202527,0.9983185799584119,0.004737835835156449,NS
GENE_1088,-0.0507436440767739,0.9742349859192858,0.9983185799584119,0.011336278460752405,NS
GENE_0269,0.05752675482868863,0.9857597037550649,0.9983185799584119,0.006228939066774928,NS
GENE_1075,0.03029020698876206,0.9783020389695757,0.9983185799584119,0.009527041320222661,NS
GENE_1444,0.09380762031518053,0.9864377304690147,0.9983185799584119,0.005930324671539765,NS
GENE_1543,0.03946986857953494,0.9789799481239958,0.9983185799584119,0.009226203506652328,NS
GENE_1721,0.0991709047920466,0.9945748827733373,0.9983185799584119,0.002362512739707005,NS
GENE_1953,-0.07942085651449204,0.9850816716398123,0.9983185799584119,0.006527761307368342,NS
GENE_0533,0.023953255994987543,0.9850816543845176,0.9983185799584119,0.006527768914736923,NS
GENE_0549,0.127040130606769,0.9783020464976577,0.9983185799584119,0.009527037978305392,NS
GENE_1193,0.037915088791266705,0.9769462934111398,0.9983185799584119,0.010129310504657074,NS
GENE_0767,0.011048967669061938,0.9688132952997277,0.9983185799584119,0.013759909877713526,NS
GENE_0261,0.22543830336851745,0.9823696762202877,0.9983185799584119,0.007725051794779133,NS
GENE_1178,-0.09624249011025654,0.9674580729896083,0.9983185799584119,0.014367847046836317,NS
GENE_1578,0.024792254579612205,0.9715239761162683,0.9983185799584119,0.01254647703382817,NS
GENE_0140,-0.04328106602839554,0.9945748827733373,0.9983185799584119,0.002362512739707005,NS
GENE_1497,-0.025787312488716907,0.9911842898324851,0.9983185799584119,0.0038455900996401155,NS
GENE_1569,-0.015709129005162303,0.976946290745073,0.9983185799584119,0.010129311689837994,NS
GENE_1402,-0.0011318965152442573,0.9877938725638737,0.9983185799584119,0.005333672161058433,NS
GENE_1147,-0.02200479867105809,0.9891500163551674,0.9983185799584119,0.00473783748824821,NS
GENE_0876,0.025776060985488236,0.9925404459735688,0.9983185799584119,0.0032517867258192,NS
GENE_0401,-0.09142902468137493,0.9959311483635865,0.998427216404598,0.0017706845876898389,NS
GENE_0799,-0.022823687032847317,0.9959311483635865,0.998427216404598,0.0017706845876898389,NS
GENE_0948,-0.11026859108478337,0.9972874257107303,0.99864371089586,0.0011796567231459115,NS
GENE_0721,0.004686490473989835,0.9986437099545016,0.99864371089586,0.0005894290914419084,NS
GENE_1946,-0.05567045478878452,0.99864371089586,0.99864371089586,0.0005894286820598938,NS
GENE_0383,-0.04219570923853233,0.99864371089586,0.99864371089586,0.0005894286820598938,NS
