gene,log2FC,pval,padj,-log10p,significance
GENE_0880,1.1055312097856245,0.004202362361972005,0.9839806737784672,2.376506501901566,NS
GENE_0945,-1.046007096629272,0.0027584414780335255,0.9839806737784672,2.55933622542265,NS
GENE_0757,1.2995073541452165,0.0018878058062590593,0.9839806737784672,2.724042682499677,NS
GENE_0462,1.079279292702334,0.00414630502229766,0.9839806737784672,2.382338752259509,NS
GENE_1722,-1.1077904910206895,0.0036519830287439744,0.9839806737784672,2.4374712493578836,NS
GENE_1051,-1.1562380621572652,0.002141003647077449,0.9839806737784672,2.6693825929090824,NS
GENE_1159,0.8876428414510231,0.0043049154477807945,0.9839806737784672,2.3660353740414166,NS
GENE_1318,0.3977543012197877,0.1798598587863086,0.996920115263805,0.7450657519008256,NS
GENE_1331,0.5046328665613391,0.15480001134249555,0.996920115263805,0.8102290118315303,NS
GENE_1330,0.4528347783193629,0.18544053468273036,0.996920115263805,0.7317953291726244,NS
GENE_1329,0.3006566568784059,0.5888146407357437,0.996920115263805,0.23002139990749043,NS
GENE_1328,-0.08940093080959244,0.9201128863587056,0.996920115263805,0.036158886877150374,NS
GENE_1327,-0.25455316474139345,0.6148521268340661,0.996920115263805,0.21122932035783037,NS
GENE_1308,-0.21217116695335392,0.7492920507707974,0.996920115263805,0.12534887480172643,NS
GENE_1309,-0.505978200580234,0.18041124178363022,0.996920115263805,0.7437364041971647,NS
GENE_1326,0.7194281385792065,0.06126989753650223,0.996920115263805,1.2127528459512007,NS
GENE_1316,-0.22322604579222727,0.5062783288381355,0.996920115263805,0.2956106621202571,NS
GENE_1310,0.0969621140952821,0.9282137665401038,0.996920115263805,0.03235199475337559,NS
GENE_1324,-0.413481960135333,0.1848767655672522,0.996920115263805,0.733117665476708,NS
GENE_1323,-0.15445315074186716,0.7351583704395322,0.996920115263805,0.13361909357008991,NS
GENE_1332,-0.16141120543700538,0.6450416377343846,0.996920115263805,0.190412250551344,NS
GENE_1322,0.07907775072464673,0.8066272248218522,0.996920115263805,0.09332712402147302,NS
GENE_1312,0.8002367885145523,0.04728517335714199,0.996920115263805,1.3252750144121466,NS
GENE_1321,0.03253304377868371,0.895863153437864,0.996920115263805,0.04775832543361534,NS
GENE_1320,-0.1314789809112833,0.43325481998873805,0.996920115263805,0.3632565970321234,NS
GENE_1314,-0.180348915741404,0.8643530499424914,0.996920115263805,0.06330883122038886,NS
GENE_1325,0.05615386620127083,0.81585425806409,0.996920115263805,0.08838741547607162,NS
GENE_0001,0.6130273318088086,0.07997105246990086,0.996920115263805,1.0970671883535943,NS
GENE_1334,0.08855722059940518,0.9823696762202877,0.996920115263805,0.007725051794779133,NS
GENE_1306,0.5052142213712827,0.09591086486514229,0.996920115263805,1.0181321927906808,NS
GENE_1358,-0.13486661202921102,0.5835516271443841,0.996920115263805,0.23392071563904476,NS
GENE_1357,-0.3839457738017078,0.17657088208555316,0.996920115263805,0.7530809133983302,NS
GENE_1356,-0.015594046092521907,0.9593289500891373,0.996920115263805,0.018032449437821053,NS
GENE_1354,-0.09798130507619707,0.9309157205804779,0.996920115263805,0.03108963560689699,NS
GENE_1353,0.4370414773046827,0.17279277523355718,0.996920115263805,0.7624744200851006,NS
GENE_1352,0.11799942929820251,0.42432849240180925,0.996920115263805,0.3722978056657886,NS
GENE_1351,-0.5391260777317237,0.12292265934274782,0.996920115263805,0.9103680526673056,NS
GENE_1350,0.26055015609097776,0.5073659464738443,0.996920115263805,0.29467868523175444,NS
GENE_1349,-0.3095797949811736,0.43976814523829,0.996920115263805,0.35677623211090104,NS
GENE_1348,0.4561019710592218,0.20234738063611268,0.996920115263805,0.6939024131288277,NS
GENE_1347,-0.05118575096170197,0.7622140977821021,0.996920115263805,0.11792302285281447,NS
GENE_1346,-0.6488481651550986,0.16881070487178784,0.996920115263805,0.7726000167190301,NS
GENE_1345,-0.2947977290756114,0.5372031166180053,0.996920115263805,0.2698614764089894,NS
GENE_1344,-0.4529162539469249,0.2418591649370775,0.996920115263805,0.6164374509417033,NS
GENE_1343,0.5900768214981609,0.03608894772407717,0.996920115263805,1.4426257808468157,NS
GENE_1342,0.15052413935479247,0.6983361793306917,0.996920115263805,0.15593545749119608,NS
GENE_1340,0.07549206060648395,0.9282137168501003,0.996920115263805,0.03235201800243271,NS
GENE_1339,0.08417222237110256,0.6945654497593035,0.996920115263805,0.15828682389320664,NS
GENE_1337,-1.0512458734744303,0.015350763437732977,0.996920115263805,1.8138700209327274,NS
GENE_1336,0.06437376721543764,0.9268630992788209,0.996920115263805,0.032984407838703135,NS
GENE_1335,-0.25694264126251465,0.42729249649494006,0.996920115263805,0.3692747335798428,NS
GENE_1333,0.2909413397200131,0.507366388528653,0.996920115263805,0.2946783068423851,NS
GENE_1305,-0.17534862975379628,0.5655945197313472,0.996920115263805,0.2474948072415068,NS
GENE_1301,-0.4186593012493125,0.37034661398419555,0.996920115263805,0.431391621674468,NS
GENE_1303,0.36741208382614676,0.4879698120715734,0.996920115263805,0.3116070445060231,NS
GENE_1273,-0.048585350000431404,0.8730492037744304,0.996920115263805,0.058961279403763736,NS
GENE_1272,-0.24127600128781257,0.4617066605323772,0.996920115263805,0.335633860316536,NS
GENE_1271,0.28550899003944963,0.48159417533676174,0.996920115263805,0.3173187743133559,NS
GENE_1270,0.022652816288101896,0.9390256122059382,0.996920115263805,0.027322562059754807,NS
GENE_1269,0.1568622154007393,0.5282706008933455,0.996920115263805,0.277143557825388,NS
GENE_1266,-0.4019747190010392,0.3831940285893126,0.996920115263805,0.4165812672629009,NS
GENE_1265,-0.13619423254487284,0.3595501156426394,0.996920115263805,0.4442405672278612,NS
GENE_1264,-0.005397396500444351,0.9850816871695265,0.996920115263805,0.006527754460759258,NS
GENE_1262,0.08767352590337119,0.5439513164225949,0.996920115263805,0.26443996786642765,NS
GENE_1274,0.12798635731938113,0.43026680943738416,0.996920115263805,0.3662621538805953,NS
GENE_1261,0.0023898736612224525,0.9282136340331988,0.996920115263805,0.03235205675097123,NS
GENE_1258,-0.7602772189417015,0.02694097298493637,0.996920115263805,1.5695867235960235,NS
GENE_1257,-0.3506022636618784,0.36312658859281477,0.996920115263805,0.439941950325947,NS
GENE_1256,-0.24138676120210611,0.4243290283211243,0.996920115263805,0.372297257159953,NS
GENE_1255,-0.21781418586893952,0.36943874012626576,0.996920115263805,0.43245756547157094,NS
GENE_1254,-0.11905110022763843,0.6280593193426172,0.996920115263805,0.20199933580653848,NS
GENE_1253,-0.48813791030677933,0.1894224053995599,0.996920115263805,0.7225686527567501,NS
GENE_1252,0.18571768777752684,0.6365270420390146,0.996920115263805,0.19618314117159674,NS
GENE_1251,0.100086316486931,0.6401704120958425,0.996920115263805,0.19370440229506472,NS
GENE_1249,0.2427264208012163,0.37034467656750003,0.996920115263805,0.43139389363146474,NS
GENE_1259,0.07666112850529494,0.5988134015819018,0.996920115263805,0.222708488609648,NS
GENE_1275,0.7729061711981684,0.07765606376121471,0.996920115263805,1.1098246267967764,NS
GENE_1276,0.5998040329435339,0.06663247436530227,0.996920115263805,1.1763140591130088,NS
GENE_1278,-0.48774922236074847,0.1955127563583967,0.996920115263805,0.708824901514529,NS
GENE_1359,0.2064206758047762,0.4332550328116237,0.996920115263805,0.3632563836985887,NS
GENE_1300,0.23758539941498036,0.6136588795205614,0.996920115263805,0.21207297724667587,NS
GENE_1299,-0.2783455280364615,0.29114601458040734,0.996920115263805,0.5358891504557796,NS
GENE_1297,0.15701747636676888,0.5541519596457901,0.996920115263805,0.25637112663222195,NS
GENE_1296,0.1119208637695488,0.8730489707996851,0.996920115263805,0.05896139529604032,NS
GENE_1295,-0.3117608670970924,0.45861010444303874,0.996920115263805,0.33855638079772654,NS
GENE_1294,0.4610826854795542,0.22681737968021043,0.996920115263805,0.6443236710752963,NS
GENE_1293,0.3072237815022856,0.6622106122537805,0.996920115263805,0.17900386374352797,NS
GENE_1291,0.07793933491337057,0.45860963664607224,0.996920115263805,0.3385568237922067,NS
GENE_1290,0.665759589025658,0.06021809618921166,0.996920115263805,1.2202729789393307,NS
GENE_1289,0.10224680289900157,0.6292665643313717,0.996920115263805,0.20116534359361904,NS
GENE_1288,-0.3616665804265864,0.45860724566515787,0.996920115263805,0.3385590880109264,NS
GENE_1287,-0.11629996664753683,0.7862932655376317,0.996920115263805,0.10441544397302242,NS
GENE_1286,-0.010262653454903514,0.9147167878523967,0.996920115263805,0.038713350208983775,NS
GENE_1285,-0.37031780020115246,0.22099119610015805,0.996920115263805,0.6556250274971519,NS
GENE_1284,0.3776293760887697,0.2640774471954529,0.996920115263805,0.5782686869293613,NS
GENE_1283,-0.2986043101458238,0.7058994155838278,0.996920115263805,0.15125717765782778,NS
GENE_1282,-0.34078981814553,0.3146724225094548,0.996920115263805,0.5021413164346247,NS
GENE_1281,-0.06640860509309565,0.9295646903576957,0.996920115263805,0.03172038137591956,NS
GENE_1280,-0.024066561550554866,0.6945654497593035,0.996920115263805,0.15828682389320664,NS
GENE_1279,0.5346155158925132,0.08011791597769069,0.996920115263805,1.096270356072925,NS
GENE_1304,-0.012467030526984502,0.7797639268347915,0.996920115263805,0.10803685986227451,NS
GENE_1360,0.11519336091656562,0.7752029654217222,0.996920115263805,0.11058457462624466,NS
GENE_1362,0.43409234108061234,0.24702636948219148,0.996920115263805,0.6072566843543374,NS
GENE_1248,-0.43776513645334614,0.5958642077896811,0.996920115263805,0.22485270087540535,NS
GENE_1453,0.3467152116355692,0.4058436339219441,0.996920115263805,0.3916412620025426,NS
GENE_1452,-0.3600928119382507,0.300569621166608,0.996920115263805,0.5220549160525655,NS
GENE_1451,0.06975994681873932,0.7622141778143238,0.996920115263805,0.11792297725204363,NS
GENE_1449,0.04916235622853815,0.846344959962711,0.996920115263805,0.07245258770222357,NS
GENE_1448,0.41397055285183537,0.16960175832740665,0.996920115263805,0.7705696495561232,NS
GENE_1447,0.3200840940897587,0.2519177708683752,0.996920115263805,0.598741195273415,NS
GENE_1445,0.09089257146942664,0.9066301368362424,0.996920115263805,0.04256984887301871,NS
GENE_1444,0.30325049497257694,0.4763152707241821,0.996920115263805,0.3221054947325107,NS
GENE_1443,-0.4756924384729624,0.24220155532123055,0.996920115263805,0.6158230723190639,NS
GENE_1454,-0.29794538209553423,0.24220122847447234,0.996920115263805,0.6158236583922586,NS
GENE_1442,-0.0129776950334195,0.8925021846476769,0.996920115263805,0.04939071215776382,NS
GENE_1438,0.4449918309305678,0.2807824870673731,0.996920115263805,0.5516299834624246,NS
GENE_1437,-0.13014366689197931,0.5552910714713751,0.996920115263805,0.2554793094949955,NS
GENE_1436,0.28155015167185926,0.4228519708748577,0.996920115263805,0.3738116408606306,NS
GENE_1435,-0.08169533199218737,0.8898145656596684,0.996920115263805,0.05070048942429195,NS
GENE_1434,-0.09437594587083087,0.4700236230508602,0.996920115263805,0.32788031418595076,NS
GENE_1433,0.2355370443485887,0.77064952363601,0.996920115263805,0.11314308570615117,NS
GENE_1432,-0.09755946835724671,0.9012443560430768,0.996920115263805,0.045157441991818655,NS
GENE_1431,-0.36355456968724287,0.43926498725929786,0.996920115263805,0.35727341190899636,NS
GENE_1430,-0.12449179776825403,0.698335648394202,0.996920115263805,0.1559357876801254,NS
GENE_1440,-0.34420941995221366,0.3334348809474237,0.996920115263805,0.4769889701630615,NS
GENE_1455,0.02578601180178719,0.8743885282227739,0.996920115263805,0.05829554886511137,NS
GENE_1456,-0.3893821403866875,0.22163324815838525,0.996920115263805,0.6543650886701384,NS
GENE_1458,-0.17853025726654614,0.3428646551476512,0.996920115263805,0.4648772826468153,NS
GENE_1479,0.07266543532860492,0.8066260846696403,0.996920115263805,0.09332773788888153,NS
GENE_1478,-0.1836640040638473,0.7467159137028287,0.996920115263805,0.12684459306751242,NS
GENE_1477,-0.03951981836020213,0.9012443560430768,0.996920115263805,0.045157441991818655,NS
GENE_1476,0.12155367187388055,0.6401704120958425,0.996920115263805,0.19370440229506472,NS
GENE_1475,-0.18631984630558307,0.8217993988802584,0.996920115263805,0.08523418074643054,NS
GENE_1474,-0.47727922323948846,0.1202634639415701,0.996920115263805,0.9198662913516192,NS
GENE_1473,0.30013516216595715,0.43525258632412855,0.996920115263805,0.3612586395720091,NS
GENE_1472,-0.20219825378549583,0.6142557636738228,0.996920115263805,0.2116507597644577,NS
GENE_1471,-0.44168802519476724,0.2442610839661994,0.996920115263805,0.6121457199484348,NS
GENE_1470,-0.24095505976775922,0.25297298953247493,0.996920115263805,0.5969258469001608,NS
GENE_1469,0.08873972397802365,0.9525578702112318,0.996920115263805,0.021108630403049316,NS
GENE_1468,0.16665811623122107,0.6011785633805495,0.996920115263805,0.22099651373303192,NS
GENE_1467,-0.3347953790162652,0.2695679916458723,0.996920115263805,0.5693316769617971,NS
GENE_1466,0.1281493799765583,0.5321681474789122,0.996920115263805,0.2739511233737468,NS
GENE_1465,-0.2475487323701815,0.3749037233625142,0.996920115263805,0.4260802463542183,NS
GENE_1464,-0.04524959326324929,0.9282137913850667,0.996920115263805,0.032351983128865676,NS
GENE_1463,0.23777600990099756,0.6646781375840787,0.996920115263805,0.17738860568914044,NS
GENE_1462,0.029496880919929858,0.9810137443267746,0.996920115263805,0.008324907968205366,NS
GENE_1461,-0.5173989172727129,0.06764770113467732,0.996920115263805,1.169746957403211,NS
GENE_1460,0.17409647184805088,0.5490399032642532,0.996920115263805,0.26039609063604435,NS
GENE_1459,-0.2902933070604714,0.3428646551476512,0.996920115263805,0.4648772826468153,NS
GENE_1428,0.06931939369338913,0.7778084431440986,0.996920115263805,0.10912734687769488,NS
GENE_1427,-0.38701065009382507,0.3537849615424472,0.996920115263805,0.4512606317370356,NS
GENE_1426,0.34509594545031597,0.4312617312655398,0.996920115263805,0.3652590779949736,NS
GENE_1425,0.4057388786650451,0.19876014097568073,0.996920115263805,0.7016707038919983,NS
GENE_1388,-0.07883607488922628,0.9039367271546122,0.996920115263805,0.04386196776502282,NS
GENE_1387,0.4105968321949396,0.4483695607994278,0.996920115263805,0.3483638787388875,NS
GENE_1385,-0.3950819977359252,0.4422876190798065,0.996920115263805,0.35429521762921756,NS
GENE_1384,-0.2447998943030747,0.3850514058011515,0.996920115263805,0.41448128668511214,NS
GENE_1383,0.4351759192709741,0.32836143523420336,0.996920115263805,0.4836478547452391,NS
GENE_1382,0.1099379211593412,0.7928372329613382,0.996920115263805,0.10081596284926769,NS
GENE_1381,0.2651291777099303,0.3813415988681689,0.996920115263805,0.4186858168782186,NS
GENE_1380,-0.17083349022431982,0.5899864220197559,0.996920115263805,0.22915798312014393,NS
GENE_1378,-0.1947628133280812,0.4020140998792163,0.996920115263805,0.39575871459624423,NS
GENE_1375,0.006708650548701733,0.9512040259149372,0.996920115263805,0.02172632025969517,NS
GENE_1374,0.09212370651633606,0.7160300072766984,0.996920115263805,0.14506877696363632,NS
GENE_1373,0.25953559442201435,0.45964116565695434,0.996920115263805,0.33758108264464476,NS
GENE_1372,-0.3078337568999574,0.4648166790012359,0.996920115263805,0.33271829656385743,NS
GENE_1370,-0.0543964931982881,0.8945184735085502,0.996920115263805,0.048410685996575054,NS
GENE_1369,-0.11738667268785719,0.88981499626054,0.996920115263805,0.05070027925967522,NS
GENE_1368,0.2598203384909912,0.6733430157797975,0.996920115263805,0.17176364021932022,NS
GENE_1367,0.586018574365486,0.17548570680539355,0.996920115263805,0.7557582507556275,NS
GENE_1366,-0.01430935270706879,0.8377026611711522,0.996920115263805,0.07691010491081661,NS
GENE_1365,-0.7650118821926082,0.017644158995312853,0.996920115263805,1.7533990373549824,NS
GENE_1364,-0.25534606170928864,0.55871543789347,0.996920115263805,0.25280932846206944,NS
GENE_1363,-0.25413664655934554,0.4253140145143711,0.996920115263805,0.37129030662061113,NS
GENE_1389,-0.07868197088910467,0.9228123028548341,0.996920115263805,0.03488662413539438,NS
GENE_1361,-0.6180178033142028,0.08385189714684661,0.996920115263805,1.0764871070461342,NS
GENE_1391,0.12543670457477418,0.6304742823267877,0.996920115263805,0.20033262403357777,NS
GENE_1396,-0.1447886247403618,0.6609775228494941,0.996920115263805,0.17981330884780847,NS
GENE_1424,-0.4643369730364766,0.11905106728899364,0.996920115263805,0.9242667068055708,NS
GENE_1422,-0.5432502369816952,0.06612939792732371,0.996920115263805,1.1796054312961894,NS
GENE_1421,0.26057195604157446,0.4164857380908219,0.996920115263805,0.3803998657446029,NS
GENE_1420,-0.0393620579489502,0.8864576156215923,0.996920115263805,0.05234202457711909,NS
GENE_1419,-1.0153689834246507,0.009868811337481064,0.996920115263805,2.0057351533749994,NS
GENE_1418,0.07985501577804754,0.8556732019577699,0.996920115263805,0.06769206906727823,NS
GENE_1417,0.23731386667891474,0.611269626329975,0.996920115263805,0.2137671835411726,NS
GENE_1416,0.4334520503793735,0.30615941093184496,0.996920115263805,0.5140523863900874,NS
GENE_1414,0.210458248309342,0.8357110942221802,0.996920115263805,0.07794383245351219,NS
GENE_1410,-0.16307186626393744,0.5970444060564025,0.996920115263805,0.22399336637807743,NS
GENE_1409,0.5592041773142196,0.15628396524913651,0.996920115263805,0.8060855783534937,NS
GENE_1408,0.09694265517750722,0.8476762425056478,0.996920115263805,0.07176998847568072,NS
GENE_1407,-0.004408207086219917,0.9255124546707931,0.996920115263805,0.03361773254759286,NS
GENE_1406,-0.49255140749669124,0.33173743513294585,0.996920115263805,0.47920551746358075,NS
GENE_1405,-0.14899075493767366,0.2442610839661994,0.996920115263805,0.6121457199484348,NS
GENE_1404,-0.5271695349150551,0.31631199355362605,0.996920115263805,0.49988434069443344,NS
GENE_1402,0.053855186625767715,0.955943009993227,0.996920115263805,0.01956799808291492,NS
GENE_1400,0.0028695397224156594,0.9336185667582493,0.996920115263805,0.029830520115561525,NS
GENE_1399,0.4264298829582289,0.31672157067567064,0.996920115263805,0.4993223575109503,NS
GENE_1398,-0.5185853232166462,0.15308159093180543,0.996920115263805,0.8150770329296794,NS
GENE_1397,-0.21626567732932234,0.6820512916749463,0.996920115263805,0.16618296426758766,NS
GENE_1394,0.06079588091299293,0.888471703714606,0.996920115263805,0.05135639916570645,NS
GENE_1247,0.0942958265502103,0.7739011091461857,0.996920115263805,0.11131453091398903,NS
GENE_1243,0.2686752185236543,0.5818022588104607,0.996920115263805,0.23522459696483722,NS
GENE_1245,-0.8677835262408484,0.021309488073930856,0.996920115263805,1.6714269833846938,NS
GENE_1087,-0.0345356775312764,0.8423541178301617,0.996920115263805,0.074505296755919,NS
GENE_1086,-0.05492893372342067,0.9796578578733489,0.996920115263805,0.008925573676851966,NS
GENE_1085,0.04277237360280495,0.9052832137792804,0.996920115263805,0.04321553246350384,NS
GENE_1084,0.39481216075102576,0.5349626934449279,0.996920115263805,0.27167650320481257,NS
GENE_1083,0.7132824132768265,0.1104517715701739,0.996920115263805,0.9568273139529754,NS
GENE_1082,-0.04687340707828991,0.7198415863162433,0.996920115263805,0.1427630671218959,NS
GENE_1081,0.17911024846902635,0.6597467858732673,0.996920115263805,0.18062271688040885,NS
GENE_1080,-0.35086127266086375,0.45552430099007146,0.996920115263805,0.341488449636362,NS
GENE_1079,0.055550431320915195,0.7830267242852067,0.996920115263805,0.10622341544966969,NS
GENE_1088,0.2667430293529396,0.5139207930124965,0.996920115263805,0.28910381059288487,NS
GENE_1078,0.297026149202142,0.44430998809079214,0.996920115263805,0.35231392370722986,NS
GENE_1076,-0.5783634341037427,0.11216934719663046,0.996920115263805,0.9501258076265738,NS
GENE_1075,0.27548723692762245,0.5450799077307381,0.996920115263805,0.26353982626893113,NS
GENE_1074,0.6833481307701534,0.06293595268522302,0.996920115263805,1.2011011893381354,NS
GENE_1073,-0.06773371767209913,0.9369980938561451,0.996920115263805,0.028261292600588798,NS
GENE_1072,0.7883233760091635,0.02193961650027675,0.996920115263805,1.6587709680680194,NS
GENE_1070,0.5229601301359175,0.22681630491191407,0.996920115263805,0.6443257289733594,NS
GENE_1069,0.06462337919920635,0.947143321626228,0.996920115263805,0.023584298629452292,NS
GENE_1068,-0.24735255374713194,0.4890368523980878,0.996920115263805,0.31065841247130427,NS
GENE_1066,0.00011564523070095589,0.9776240725587111,0.996920115263805,0.009828113105307687,NS
GENE_1077,-0.23189252611611977,0.43826013946860054,0.996920115263805,0.3582680273977203,NS
GENE_1089,-0.4987231755186192,0.30535665375736865,0.996920115263805,0.5151926122372148,NS
GENE_1090,-0.24932910288035437,0.6801816895741455,0.996920115263805,0.16737506341174135,NS
GENE_1091,0.1788422980069866,0.7059000643146697,0.996920115263805,0.1512567785356736,NS
GENE_1122,0.006363165616265043,0.8690336457473167,0.996920115263805,0.0609634089603885,NS
GENE_1121,-0.31255703722077666,0.5299404044582896,0.996920115263805,0.2757729671353695,NS
GENE_1120,-0.6068307918413769,0.08554034720915649,0.996920115263805,1.0678289912698238,NS
GENE_1119,0.30184519395197995,0.5338444627063672,0.996920115263805,0.2725852576300698,NS
GENE_1118,0.2073153640120271,0.7674016525303312,0.996920115263805,0.11497726992264995,NS
GENE_1116,-0.27544330230708436,0.586472241818253,0.996920115263805,0.2317525385534774,NS
GENE_1114,-0.1491773337990292,0.6462619822984765,0.996920115263805,0.18959139159956162,NS
GENE_1112,0.31882154151602293,0.4039261503264394,0.996920115263805,0.39369802953652727,NS
GENE_1111,-0.53141655386713,0.13031169448894217,0.996920115263805,0.885016607893592,NS
GENE_1110,-0.7175221041454476,0.07511627688615893,0.996920115263805,1.1242659458732989,NS
GENE_1109,-0.5965761339847448,0.10560571870695173,0.996920115263805,0.9763125634724135,NS
GENE_1108,0.3421817416914097,0.4689800114089313,0.996920115263805,0.32884566713522884,NS
GENE_1107,0.25817206444610896,0.4933168516873717,0.996920115263805,0.30687404879929525,NS
GENE_1105,0.22439541625314696,0.3498287973653301,0.996920115263805,0.45614444293600803,NS
GENE_1104,0.1756892150262237,0.5019381480909804,0.996920115263805,0.2993497959979317,NS
GENE_1103,0.03921301245548037,0.8066272248218522,0.996920115263805,0.09332712402147302,NS
GENE_1099,-0.607431206485848,0.09306280516704395,0.996920115263805,1.0312238607839803,NS
GENE_1098,0.10544844130927267,0.8730492474570523,0.996920115263805,0.05896125767403639,NS
GENE_1097,0.5369299362744764,0.1946344424890889,0.996920115263805,0.7107803045641876,NS
GENE_1096,0.15131450504353605,0.737721579371589,0.996920115263805,0.13210751264446213,NS
GENE_1095,-0.630244959007559,0.09540313577188836,0.996920115263805,1.020437350389759,NS
GENE_1064,0.3400199089783733,0.3953619613358682,0.996920115263805,0.4030051174619475,NS
GENE_1123,0.07534331516262593,0.569048627948154,0.996920115263805,0.24485061946227482,NS
GENE_1063,0.5424694661411964,0.10433001334019879,0.996920115263805,0.9815907370866909,NS
GENE_1059,-0.2468199650306948,0.5161151323820832,0.996920115263805,0.2872534073247539,NS
GENE_1017,-0.25131187060123583,0.49438885542397304,0.996920115263805,0.30593132772996773,NS
GENE_1016,0.28711702642006554,0.19405004713184826,0.996920115263805,0.7120862474403326,NS
GENE_1015,-0.15281567041883548,0.592335270200059,0.996920115263805,0.22743240682011912,NS
GENE_1014,0.32178832023399995,0.7480036023571394,0.996920115263805,0.126096310584656,NS
GENE_1012,0.4685193604868969,0.2669963589488019,0.996920115263805,0.5734946611044348,NS
GENE_1011,0.39540942190465866,0.413566897502763,0.996920115263805,0.3834542300863073,NS
GENE_1010,-0.22346335063165146,0.47631016954601035,0.996920115263805,0.32211014590691267,NS
GENE_1009,0.22882948373016276,0.410177964026763,0.996920115263805,0.3870276749248507,NS
GENE_1008,-0.09252141904505873,0.8938464106960602,0.996920115263805,0.048737099456461784,NS
GENE_1018,-0.32950651788033625,0.26407722619612073,0.996920115263805,0.5782690503789161,NS
GENE_1007,-0.5293616743214669,0.12902135294155503,0.996920115263805,0.8893384083265531,NS
GENE_1005,0.1817633096142055,0.784331591210453,0.996920115263805,0.1055002921783976,NS
GENE_1004,0.18297543502790603,0.48265359891589554,0.996920115263805,0.316364451136597,NS
GENE_1003,-0.511030392347692,0.19757485541867303,0.996920115263805,0.7042683271966358,NS
GENE_1002,0.46862447705565113,0.25121399292585067,0.996920115263805,0.5999561735286714,NS
GENE_1000,-0.20224636260401585,0.6112716464827452,0.996920115263805,0.2137657482666011,NS
GENE_0999,-0.41946606329388647,0.48159387109873,0.996920115263805,0.31731904867078564,NS
GENE_0998,-0.25469091861769044,0.4514278562155636,0.996920115263805,0.3454116454633091,NS
GENE_1997,0.4614700361200441,0.21058967150544738,0.996920115263805,0.67656293285703,NS
GENE_0996,-0.18342449448972076,0.7954590261373717,0.996920115263805,0.09938218582347677,NS
GENE_1006,0.17126411958661958,0.8450142928928007,0.996920115263805,0.07313594516631124,NS
GENE_1019,0.04606966241918897,0.7778084431440986,0.996920115263805,0.10912734687769488,NS
GENE_1021,-0.12488174250729323,0.7699991813848716,0.996920115263805,0.11350973654209225,NS
GENE_1022,-0.3001074824296408,0.408730031582603,0.996920115263805,0.3885634511764844,NS
GENE_1057,0.4329684090799333,0.35422664559777706,0.996920115263805,0.4507187734654374,NS
GENE_1055,-0.31636062519773933,0.4976177858571367,0.996920115263805,0.30310410548450506,NS
GENE_1054,-0.10791408221043497,0.8171741922344739,0.996920115263805,0.08768535758920215,NS
GENE_1052,-0.5241279594556074,0.1696019557676396,0.996920115263805,0.7705691439767317,NS
GENE_1048,0.10786556704157224,0.8757280973347417,0.996920115263805,0.0576307159293264,NS
GENE_1047,-0.15536011824797757,0.5496067535111329,0.996920115263805,0.25994793934989224,NS
GENE_1046,-0.3299026381068044,0.5327276983304835,0.996920115263805,0.27349472217638476,NS
GENE_1045,0.49413687223307257,0.2958321961880267,0.996920115263805,0.528954562367903,NS
GENE_1043,0.26505647576307023,0.5051913994226893,0.996920115263805,0.29654405165404185,NS
GENE_1042,0.3195776718866892,0.3739894950086504,0.996920115263805,0.42714059652639047,NS
GENE_1040,-0.21169790899506413,0.6389528521261123,0.996920115263805,0.19453118693847196,NS
GENE_1039,0.27933187244612157,0.4463369891006205,0.996920115263805,0.35033712056114585,NS
GENE_1038,-0.10692081560172717,0.9066298035404872,0.996920115263805,0.04257000852856959,NS
GENE_1036,0.19888369676172424,0.6328924413794996,0.996920115263805,0.1986700910639215,NS
GENE_1035,0.5768010645124866,0.08538616903557675,0.996920115263805,1.0686124712078298,NS
GENE_1032,0.26477447873025195,0.598224430460224,0.996920115263805,0.22313585510039557,NS
GENE_1029,-0.19392505600690768,0.3794952228142866,0.996920115263805,0.420793686747296,NS
GENE_1027,0.3979734557093142,0.26772931949138534,0.996920115263805,0.5723040658841426,NS
GENE_1025,0.22335804283797156,0.3813420945904392,0.996920115263805,0.4186852523205955,NS
GENE_1024,0.13534346200202219,0.5632961936555252,0.996920115263805,0.2492631833998112,NS
GENE_1023,0.27010466260814603,0.6622102823879292,0.996920115263805,0.17900408007795696,NS
GENE_1062,0.1427776044097362,0.5667442894384885,0.996920115263805,0.24661284716588722,NS
GENE_1124,-0.17077524430510405,0.9484967718359558,0.996920115263805,0.0229641428735968,NS
GENE_1126,0.8650757346557425,0.02832036821311795,0.996920115263805,1.5479011043761346,NS
GENE_1127,0.07377035022933054,0.8530060025459979,0.996920115263805,0.06904791272059885,NS
GENE_1214,0.11822413657891939,0.8217995812895271,0.996920115263805,0.08523408434902485,NS
GENE_1213,0.7298951853406441,0.041197957821645564,0.996920115263805,1.3851243113642433,NS
GENE_1212,-0.21939694655654218,0.5445150942482356,0.996920115263805,0.26399007686714565,NS
GENE_1211,0.29563788203270747,0.3394162688053911,0.996920115263805,0.4692673450381539,NS
GENE_1210,-0.19623536970723876,0.5518770813425714,0.996920115263805,0.25815764118229423,NS
GENE_1209,0.3920111900405656,0.251913382311423,0.996920115263805,0.5987487610067201,NS
GENE_1208,-0.19283364423738814,0.5139203061413454,0.996920115263805,0.2891042220289609,NS
GENE_1207,0.6287103217779864,0.07737022047665523,0.996920115263805,1.1114261655611886,NS
GENE_1206,-0.644860053754039,0.23609636744754559,0.996920115263805,0.626910694876472,NS
GENE_1215,-0.3681989474216767,0.41211305751482574,0.996920115263805,0.3849836249396256,NS
GENE_1205,0.08771466661980742,0.6870461538172462,0.996920115263805,0.16301408728561345,NS
GENE_1203,0.0725180624445283,0.8904866659603652,0.996920115263805,0.05037257922509564,NS
GENE_1202,-0.48165519840893634,0.25545284047432637,0.996920115263805,0.5926892638743877,NS
GENE_1198,0.25546399058763036,0.418438366481089,0.996920115263805,0.37836850199183186,NS
GENE_1197,-0.6734226031447426,0.09109340579453312,0.996920115263805,1.0405130602465384,NS
GENE_1196,0.3075675035572525,0.45142801324906534,0.996920115263805,0.3454114943898419,NS
GENE_1195,0.08825529112823549,0.9194381633039352,0.996920115263805,0.036477473863571905,NS
GENE_1194,0.007965193174346297,0.9593289500891373,0.996920115263805,0.018032449437821053,NS
GENE_1193,0.34837635827746904,0.25332790318627985,0.996920115263805,0.5963169715500932,NS
GENE_1191,0.018287916767839363,0.9498503675397623,0.996920115263805,0.02234480489022689,NS
GENE_1204,-0.5345580122071425,0.12646924659882802,0.996920115263805,0.8980150686081926,NS
GENE_1216,0.15827488311918714,0.5759883638498848,0.996920115263805,0.23958629013031396,NS
GENE_1217,0.81798887197795,0.09778990056953675,0.996920115263805,1.0097059954517176,NS
GENE_1218,-0.15572282273545834,0.7467159137028287,0.996920115263805,0.12684459306751242,NS
GENE_1482,-0.1317244318677666,0.6082960268978048,0.996920115263805,0.2158850201341414,NS
GENE_1242,-0.5659814188445269,0.15041179235062224,0.996920115263805,0.8227181135313413,NS
GENE_1241,0.1390239082439244,0.6622099158691851,0.996920115263805,0.1790043204504132,NS
GENE_1239,-0.33491354855648936,0.8053108861740559,0.996920115263805,0.09403643008506432,NS
GENE_1238,0.13009606688143371,0.9661029355680045,0.996920115263805,0.01497659825580105,NS
GENE_1237,0.15395948100405743,0.751870988217523,0.996920115263805,0.12385667258908496,NS
GENE_1235,0.526112634263808,0.09574107497066706,0.996920115263805,1.0189017006141705,NS
GENE_1234,0.05248432098349465,0.7409299534456169,0.996920115263805,0.13022284771564158,NS
GENE_1233,-0.3023588198973375,0.42531594233413694,0.996920115263805,0.3712883380995647,NS
GENE_1232,-0.6810141286786147,0.04397492307652279,0.996920115263805,1.3567949115628468,NS
GENE_1231,0.07700417939735171,0.685796557541154,0.996920115263805,0.16380469922199806,NS
GENE_1230,-0.30947637370191483,0.3948925754084395,0.996920115263805,0.40352103159507735,NS
GENE_1228,0.22616591987580748,0.5841332934676089,0.996920115263805,0.23348803985310135,NS
GENE_1227,-0.12185096514277927,0.8878003631850302,0.996920115263805,0.05168468164763993,NS
GENE_1226,-0.5383171407351677,0.17386455291717673,0.996920115263805,0.7597889518768557,NS
GENE_1225,0.012090401709589749,0.9052831047284073,0.996920115263805,0.043215584778839605,NS
GENE_1224,0.14609590505315762,0.5823851092104249,0.996920115263805,0.23478973786812873,NS
GENE_1223,-0.11054424540291219,0.7635100346236576,0.996920115263805,0.11718525074502639,NS
GENE_1222,0.16834450031213333,0.6696233987258362,0.996920115263805,0.1741693791486565,NS
GENE_1221,0.1536084478487254,0.604140023405008,0.996920115263805,0.2188623919345546,NS
GENE_1220,0.19819650909255326,0.7609188273127822,0.996920115263805,0.11866167007622182,NS
GENE_1190,0.5135754884725854,0.18041124178363022,0.996920115263805,0.7437364041971647,NS
GENE_1189,-0.07757272883407929,0.92281227615176,0.996920115263805,0.03488663670241138,NS
GENE_1188,0.6150633123421159,0.11985789119307287,0.996920115263805,0.9213333676479486,NS
GENE_1187,0.3442187028285124,0.4048833439002172,0.996920115263805,0.39267008887992627,NS
GENE_1152,-0.10582604303275911,0.65237739857955,0.996920115263805,0.1855010933739647,NS
GENE_1151,0.25810076553002315,0.44836961329570924,0.996920115263805,0.34836382789055614,NS
GENE_1150,-0.41654888138989765,0.2146442804236376,0.996920115263805,0.6682806795747019,NS
GENE_1149,-0.3145346222578027,0.410660743239188,0.996920115263805,0.3865168111698783,NS
GENE_1148,0.03338584955249413,0.7974270958696874,0.996920115263805,0.09830901147929375,NS
GENE_1147,-0.07881408326588968,0.9471434193129203,0.996920115263805,0.02358425383708744,NS
GENE_1146,0.3226322565063251,0.32710036075262305,0.996920115263805,0.4853189768998208,NS
GENE_1145,-0.332792530111079,0.41259751325789806,0.996920115263805,0.3844733938655995,NS
GENE_1144,-0.2471548918712303,0.31590175835172274,0.996920115263805,0.50044795674656,NS
GENE_1143,-0.16876893909147306,0.5742501317556944,0.996920115263805,0.24089889648859245,NS
GENE_1141,0.6047716055012753,0.1027085424075068,0.996920115263805,0.9883934340448001,NS
GENE_1140,-0.08270188634434383,0.8998986110009985,0.996920115263805,0.045806418519805124,NS
GENE_1139,0.018685756153851152,0.9336185667582493,0.996920115263805,0.029830520115561525,NS
GENE_1138,0.3710679868450857,0.2554530603958467,0.996920115263805,0.59268888998674,NS
GENE_1137,-0.19756124402166186,0.8490082359087557,0.996920115263805,0.07108809680860637,NS
GENE_1136,-0.10253404385880849,0.9174143812062499,0.996920115263805,0.03743445623634041,NS
GENE_1135,-0.1554178235633037,0.6745843954337858,0.996920115263805,0.1709637091820703,NS
GENE_1134,-0.5898556950965288,0.15727937525445132,0.996920115263805,0.8033282246141984,NS
GENE_1133,0.8325822509952951,0.02517472246526831,0.996920115263805,1.599035308558531,NS
GENE_1130,-0.343309962180566,0.33855738112423517,0.996920115263805,0.47036771340818495,NS
GENE_1128,-0.234581363256253,0.6316827509235531,0.996920115263805,0.19950098202758393,NS
GENE_1153,0.03042381020224383,0.7869467962857495,0.996920115263805,0.10405462832781391,NS
GENE_1246,0.7180989065946877,0.0573754819911458,0.996920115263805,1.2412736530849096,NS
GENE_1154,-0.4430397799767869,0.27215657425088413,0.996920115263805,0.5651811703441644,NS
GENE_1158,0.5099399836543101,0.19057079783895237,0.996920115263805,0.7199436478164934,NS
GENE_1185,-0.8923169119232659,0.02869028692104236,0.996920115263805,1.542265108512372,NS
GENE_1184,0.0862956606886387,0.8663576044433455,0.996920115263805,0.06230280823731596,NS
GENE_1183,-0.22388878716099292,0.5293838079023092,0.996920115263805,0.27622934646160935,NS
GENE_1179,0.4045629815076106,0.19757506282538906,0.996920115263805,0.704267871290722,NS
GENE_1178,0.04868326497439135,0.9688132808765961,0.996920115263805,0.013759916343238445,NS
GENE_1177,0.041819438721258706,0.7441423181043048,0.996920115263805,0.12834399717377992,NS
GENE_1176,-0.0009258699457692643,0.61604828017115,0.996920115263805,0.2103852505137196,NS
GENE_1175,0.21681983034383912,0.5372005272246134,0.996920115263805,0.2698635697735606,NS
GENE_1174,-0.09483909164066784,0.8985525467445239,0.996920115263805,0.046456520565130506,NS
GENE_1173,0.11949023885332188,0.6727226058460839,0.996920115263805,0.17216397824962193,NS
GENE_1171,0.3351253266731753,0.6839227451328491,0.996920115263805,0.1649929527497489,NS
GENE_1170,0.12765195914974825,0.8958631175046913,0.996920115263805,0.04775834285321665,NS
GENE_1169,0.044430741556503506,0.879748878602856,0.996920115263805,0.055641278078337124,NS
GENE_1168,0.3780977285419569,0.14470918181025566,0.996920115263805,0.8395039119838087,NS
GENE_1167,0.17554695134111054,0.7198420829918725,0.996920115263805,0.142762767467896,NS
GENE_1165,-0.2983797600279381,0.43926414034695804,0.996920115263805,0.35727424923890216,NS
GENE_1164,-0.01842590491181184,0.77064952363601,0.996920115263805,0.11314308570615117,NS
GENE_1163,0.22734121600265134,0.6708627129373383,0.996920115263805,0.17336634587279276,NS
GENE_1162,-0.43542215243751503,0.28192208956374964,0.996920115263805,0.549870894331316,NS
GENE_1161,-0.024774446002933992,0.8184953101335317,0.996920115263805,0.08698380469304559,NS
GENE_1160,-9.622520238394827e-07,0.9282137168501003,0.996920115263805,0.03235201800243271,NS
GENE_1156,0.357021385989964,0.3739894950086504,0.996920115263805,0.42714059652639047,NS
GENE_1483,0.16831020035058408,0.6341022507361164,0.996920115263805,0.19784070528876663,NS
GENE_1485,0.4292352674965061,0.23676842802157616,0.996920115263805,0.6256762092555227,NS
GENE_0995,0.3030405588296894,0.5084555771589584,0.996920115263805,0.29374698460454,NS
GENE_1832,-0.20985579129179577,0.7185706742767731,0.996920115263805,0.14353051084366733,NS
GENE_1831,0.29404547331196706,0.3351369072795567,0.996920115263805,0.4747777424266295,NS
GENE_1830,-0.34085018661243094,0.4253158887838442,0.996920115263805,0.37128839278032266,NS
GENE_1829,-0.2563719454728757,0.4243295642389753,0.996920115263805,0.3722967086563086,NS
GENE_1828,0.37352164440180324,0.38505118589152343,0.996920115263805,0.4144815347183976,NS
GENE_1827,-0.19516650010640113,0.43826013946860054,0.996920115263805,0.3582680273977203,NS
GENE_1825,0.06875468555871667,0.7961148367253786,0.996920115263805,0.09902428231386261,NS
GENE_1824,0.5199452678294758,0.10270838330493919,0.996920115263805,0.9883941067972223,NS
GENE_1822,0.11409341863191713,0.3897157982335041,0.996920115263805,0.40925198849377104,NS
GENE_1833,0.19157396182814157,0.8596769037839306,0.996920115263805,0.06566474092945628,NS
GENE_1821,0.034983953118898015,0.9153910273144656,0.996920115263805,0.03839334885312999,NS
GENE_1819,-0.18694994352576533,0.6184430649789336,0.996920115263805,0.20870027615390352,NS
GENE_1818,-0.316779457820731,0.501937999694286,0.996920115263805,0.2993499243959729,NS
GENE_1817,-0.11854410601579435,0.9295645359513094,0.996920115263805,0.03172045351489797,NS
GENE_1816,-0.5169943063277254,0.2408355586380101,0.996920115263805,0.6182793904201701,NS
GENE_1815,0.3730905612962623,0.3667254130801031,0.996920115263805,0.43565899356260623,NS
GENE_1814,-0.7163840327659772,0.06329761095401283,0.996920115263805,1.1986126812791558,NS
GENE_1813,0.4578620729328762,0.3915943529657735,0.996920115263805,0.40716357962039806,NS
GENE_1812,0.006626501688431041,0.7505811432258,0.996920115263805,0.12460235052225871,NS
GENE_1811,0.253946151684346,0.4700244448784294,0.996920115263805,0.3278795548307847,NS
GENE_1820,0.1624771149176789,0.6082960268978048,0.996920115263805,0.2158850201341414,NS
GENE_1834,0.3564770928916632,0.3730766472075089,0.996920115263805,0.4282019348410498,NS
GENE_1837,-0.48529766922174744,0.10542287656332258,0.996920115263805,0.9770651378219355,NS
GENE_1839,0.34088990090180893,0.6160486883247738,0.996920115263805,0.2103849627784664,NS
GENE_1871,0.18477706869457844,0.8118966720797074,0.996920115263805,0.0904992387403924,NS
GENE_1870,0.21017983400601725,0.6023611441934846,0.996920115263805,0.22014305043054863,NS
GENE_1869,-0.022259291231057965,0.9688132916939467,0.996920115263805,0.013759911494093901,NS
GENE_1868,0.5735087710011095,0.1952189908891384,0.996920115263805,0.7094779364788485,NS
GENE_1864,-0.26925636014495247,0.17066041818555389,0.996920115263805,0.7678671945087477,NS
GENE_1863,-0.5671560866950687,0.18657173256671455,0.996920115263805,0.7291541554461254,NS
GENE_1860,0.026428042352612202,0.84102454168523,0.996920115263805,0.07519133099999284,NS
GENE_1859,-0.34569057074851983,0.47106954499857645,0.996920115263805,0.32691497232004485,NS
GENE_1858,-0.8924868196394957,0.029441434354430678,0.996920115263805,1.5310410354676975,NS
GENE_1857,-0.12567397894502985,0.9579744680015726,0.996920115263805,0.018646065612261568,NS
GENE_1856,-0.21933578204900872,0.501937999694286,0.996920115263805,0.2993499243959729,NS
GENE_1855,-0.2674510987406862,0.4611901117596646,0.996920115263805,0.33612001285663307,NS
GENE_1854,-0.3415931061438737,0.3735330643438425,0.996920115263805,0.4276709493331431,NS
GENE_1853,-0.34602836083296484,0.44329738032318355,0.996920115263805,0.35330483516704814,NS
GENE_1852,-0.42469532024864254,0.3179566541637914,0.996920115263805,0.49763208171550954,NS
GENE_1851,-0.46825362139070315,0.2108998758788171,0.996920115263805,0.6759236758563443,NS
GENE_1849,0.05834091334611724,0.8650214191220245,0.996920115263805,0.06297313867237218,NS
GENE_1848,0.30285122372553186,0.31919365235129027,0.996920115263805,0.49594575383828365,NS
GENE_1847,-0.3999126617724178,0.48265359891589554,0.996920115263805,0.316364451136597,NS
GENE_1844,-0.3770877747791266,0.5650198319350159,0.996920115263805,0.24793630837739916,NS
GENE_1842,-0.10216062760783817,0.7204771180004923,0.996920115263805,0.14237980761047062,NS
GENE_1810,-0.6226599817652909,0.10560446861369262,0.996920115263805,0.9763177044044035,NS
GENE_1808,0.24083478236541733,0.2688299680388473,0.996920115263805,0.5705223195897465,NS
GENE_1807,-0.016024749791221815,0.7869465557718722,0.996920115263805,0.10405476106088579,NS
GENE_1806,-0.31035690247943126,0.342000577727826,0.996920115263805,0.4659731603070376,NS
GENE_1772,-0.040130875273932,0.9363221599741692,0.996920115263805,0.02857469802842508,NS
GENE_1771,0.12967042408533214,0.6659133026088033,0.996920115263805,0.17658230934248584,NS
GENE_1770,0.5694980840795836,0.21090008705962304,0.996920115263805,0.6759232409835763,NS
GENE_1769,-0.3853893914029989,0.37995630061505536,0.996920115263805,0.4202663494175857,NS
GENE_1768,-0.15919627546312842,0.810578453235273,0.996920115263805,0.09120494483981668,NS
GENE_1767,0.025218749423526532,0.9593289359871103,0.996920115263805,0.01803245582190083,NS
GENE_1766,-0.1974988985943673,0.5917475711330831,0.996920115263805,0.2278635159855533,NS
GENE_1763,0.3939895020384885,0.4372564562242701,0.996920115263805,0.35926376931212384,NS
GENE_1762,-0.03481091766809463,0.802680992584311,0.996920115263805,0.09545702095680746,NS
GENE_1761,0.24146819969128597,0.5383247396205603,0.996920115263805,0.26895566099091783,NS
GENE_1760,-0.011263271028466804,0.8530059521150934,0.996920115263805,0.06904793839669503,NS
GENE_1759,0.6625786808218663,0.13336232705932974,0.996920115263805,0.8749668350441138,NS
GENE_1758,0.6461763829086777,0.08569475068815251,0.996920115263805,1.067045780375422,NS
GENE_1756,-0.10152884863032519,0.8972079879076974,0.996920115263805,0.04710686851663112,NS
GENE_1755,-0.364786204464532,0.11547196735651752,0.996920115263805,0.9375234348196696,NS
GENE_1754,-0.23147418438729161,0.9606834486801248,0.996920115263805,0.01741969156003298,NS
GENE_1751,0.5581743348359822,0.11704979575879566,0.996920115263805,0.9316293397709058,NS
GENE_1749,0.10428581236499301,0.7211137724826706,0.996920115263805,0.14199620981127498,NS
GENE_1748,-0.521604898633325,0.20114545640306558,0.996920115263805,0.696489773092039,NS
GENE_1747,-0.15158145091450503,0.5366422514133617,0.996920115263805,0.270315137043693,NS
GENE_1746,-0.11771567117563908,0.9762684375974235,0.996920115263805,0.010430751044264153,NS
GENE_1773,-0.16156026226541975,0.509000410616877,0.996920115263805,0.29328186731241235,NS
GENE_1872,-0.3004370128908853,0.3735325668253514,0.996920115263805,0.42767152778174605,NS
GENE_1774,0.7215388056694332,0.06841734845232353,0.996920115263805,1.1648337611190738,NS
GENE_1778,0.20992623130038357,0.632892480713282,0.996920115263805,0.19867006407285165,NS
GENE_1804,-0.17210053177694995,0.5678963472090117,0.996920115263805,0.245730924752131,NS
GENE_1803,-0.2320656880817369,0.5946870265948089,0.996920115263805,0.2257115357562176,NS
GENE_1800,-0.16052554175723088,0.5638710299972387,0.996920115263805,0.24882021758673925,NS
GENE_1798,-0.38521736759945036,0.521069001760317,0.996920115263805,0.28310476211412766,NS
GENE_1797,-0.08346056698566695,0.746715630754742,0.996920115263805,0.12684475763185848,NS
GENE_1796,-0.030166389754509026,0.6304739263831218,0.996920115263805,0.20033286922107854,NS
GENE_1795,-0.27574652946594647,0.4402709988553076,0.996920115263805,0.3562799210631276,NS
GENE_1794,0.7289288851058,0.03833288498169293,0.996920115263805,1.4164284939603664,NS
GENE_1793,-0.046642369598489886,0.889143125805743,0.996920115263805,0.05102832480647743,NS
GENE_1792,0.027099380934412665,0.8630164619639265,0.996920115263805,0.06398092007632274,NS
GENE_1791,-0.696508656063302,0.03388600104901191,0.996920115263805,1.4699796800508023,NS
GENE_1790,0.4017564946083798,0.30535665375736865,0.996920115263805,0.5151926122372148,NS
GENE_1789,0.5204764962297537,0.2633511155068552,0.996920115263805,0.5794648377111113,NS
GENE_1787,0.19445667874393013,0.6124655117732268,0.996920115263805,0.21291836160552102,NS
GENE_1786,0.27111194098727154,0.5046484205996625,0.996920115263805,0.29701108162192486,NS
GENE_1784,0.4626430526840126,0.26846405005495233,0.996920115263805,0.5711138623222255,NS
GENE_1783,0.09713782452002118,0.8998985418893161,0.996920115263805,0.04580645187336643,NS
GENE_1782,-0.3785233225885234,0.18657173256671455,0.996920115263805,0.7291541554461254,NS
GENE_1781,0.49173528725602544,0.2762605678800505,0.996920115263805,0.5586810997893412,NS
GENE_1780,-0.023323628088409265,0.9214624497342958,0.996920115263805,0.03552235790064658,NS
GENE_1779,0.14257019962768158,0.413566897502763,0.996920115263805,0.3834542300863073,NS
GENE_1777,-0.4045642590019236,0.24911438339504843,0.996920115263805,0.6036011963945942,NS
GENE_1873,-0.36185970361237363,0.4606733685788541,0.996920115263805,0.3366068934854425,NS
GENE_1874,0.3488090508810995,0.3676288037945672,0.996920115263805,0.43459046888828945,NS
GENE_1875,0.39596849388490263,0.09987400732704478,0.996920115263805,1.0005475242189208,NS
GENE_1964,-0.004505803220760107,0.7364388744267989,0.996920115263805,0.1328632944436372,NS
GENE_1963,-0.4024670133610755,0.30495546356902425,0.996920115263805,0.5157635814352418,NS
GENE_1962,0.04043999533058784,0.9823696762202877,0.996920115263805,0.007725051794779133,NS
GENE_1961,-0.1540801945600494,0.9654254146075427,0.996920115263805,0.015281272661996994,NS
GENE_1960,0.009197952375044949,0.8436840530921711,0.996920115263805,0.07382015963941695,NS
GENE_1958,-0.47378136440885665,0.18543956833592878,0.996920115263805,0.7317975923249483,NS
GENE_1957,-0.09899663216005017,0.5394478185998153,0.996920115263805,0.26805055874786926,NS
GENE_1956,-0.11052694186904688,0.7262102069683287,0.996920115263805,0.13893765132112978,NS
GENE_1955,0.22473824089321326,0.5293838079023092,0.996920115263805,0.27622934646160935,NS
GENE_1954,-0.4288351476527854,0.24564091618602912,0.996920115263805,0.6096992914649435,NS
GENE_1953,0.19607358271541742,0.7071632205693601,0.996920115263805,0.1504803349847265,NS
GENE_1952,-0.09628078135075668,0.5999963638180148,0.996920115263805,0.22185138158061724,NS
GENE_1951,-0.3350485972399353,0.34590066050991997,0.996920115263805,0.46104860868370273,NS
GENE_1950,-0.02559024117234987,0.8737188354063914,0.996920115263805,0.05862830177835314,NS
GENE_1949,0.5786765783827459,0.09158266141678395,0.996920115263805,1.0381867399104325,NS
GENE_1948,0.10878866999035264,0.9647478167257667,0.996920115263805,0.015586195586340187,NS
GENE_1947,0.4195966609495301,0.1373652541322817,0.996920115263805,0.8621231060459088,NS
GENE_1946,-0.15074957558923963,0.6316827509235531,0.996920115263805,0.19950098202758393,NS
GENE_1945,0.5609692714221719,0.19521997260964052,0.996920115263805,0.7094757524970398,NS
GENE_1944,-0.09412590221922468,0.4922453492390122,0.996920115263805,0.30781837840848353,NS
GENE_1943,-0.3476032270959255,0.2684641054244624,0.996920115263805,0.5711137727509396,NS
GENE_1965,0.07151085384734301,0.6964496766328736,0.996920115263805,0.15711025892448144,NS
GENE_1942,0.3013639319382282,0.28116345391692277,0.996920115263805,0.5510411302869564,NS
GENE_1966,0.0197096982610363,0.907977263021305,0.996920115263805,0.041925026663956005,NS
GENE_1969,-0.44638824362375473,0.2989840003466059,0.996920115263805,0.5243520516324223,NS
GENE_1996,0.4391967365987419,0.1727917815907576,0.996920115263805,0.762476917497536,NS
GENE_1995,0.3785014058486196,0.515016480331139,0.996920115263805,0.28817887347850474,NS
GENE_1992,-0.14371597078173792,0.810578453235273,0.996920115263805,0.09120494483981668,NS
GENE_1991,-0.5476437725732257,0.2648031692611491,0.996920115263805,0.5770768214060833,NS
GENE_1990,0.3093271363959893,0.4637791973661952,0.996920115263805,0.33368873536962745,NS
GENE_1989,-0.7949264993861984,0.045973813727016706,0.996920115263805,1.337489468146599,NS
GENE_1988,0.09424030665407379,0.9810136674705412,0.996920115263805,0.0083249419924375,NS
GENE_1987,-0.369839901105812,0.31590153442784674,0.996920115263805,0.5004482645920708,NS
GENE_1986,-0.09037562953799316,0.7622141778143238,0.996920115263805,0.11792297725204363,NS
GENE_1985,-0.3064267905928082,0.49869507331604823,0.996920115263805,0.30216492222122626,NS
GENE_1984,0.1703461305773697,0.6783127529952507,0.996920115263805,0.16857001766385965,NS
GENE_1982,0.245382869489152,0.5788921042057387,0.996920115263805,0.23740237394893915,NS
GENE_1981,-0.08097056384590129,0.7332356991558209,0.996920115263805,0.13475639863487002,NS
GENE_1980,0.3255121151580447,0.3266829398733052,0.996920115263805,0.48587354477874467,NS
GENE_1979,-0.37775086067697394,0.48318393703127005,0.996920115263805,0.3158875118344353,NS
GENE_1978,-0.1214589080157058,0.7147606276303516,0.996920115263805,0.14583937848567324,NS
GENE_1977,0.053698613601891765,0.6208412540481136,0.996920115263805,0.2070194325195547,NS
GENE_1976,0.2474509009383956,0.5394473963359161,0.996920115263805,0.26805089870095977,NS
GENE_1973,-0.32561541283832973,0.22649032207693476,0.996920115263805,0.6449503506417927,NS
GENE_1972,0.301667211885154,0.4773693150911057,0.996920115263805,0.32114550052596036,NS
GENE_1970,0.13801077945771123,0.9484968075330794,0.996920115263805,0.022964126528719344,NS
GENE_1967,-0.6660631649138882,0.06010244537103872,0.996920115263805,1.2211078576221663,NS
GENE_1745,0.4451754387183344,0.23408570281153518,0.996920115263805,0.6306251107786923,NS
GENE_1941,0.03663836004154053,0.810578453235273,0.996920115263805,0.09120494483981668,NS
GENE_1939,-0.3250584040155582,0.306963229974041,0.996920115263805,0.5129136439878659,NS
GENE_1908,-0.18981909547406328,0.5183146616551717,0.996920115263805,0.2854065060246848,NS
GENE_1905,-0.8072323636197387,0.016926590504347427,0.996920115263805,1.7714305123144556,NS
GENE_1904,-0.05237015820011148,0.96068349412406,0.996920115263805,0.017419671016273387,NS
GENE_1903,0.4856173234037682,0.2011462903085358,0.996920115263805,0.696487972604969,NS
GENE_1902,-0.2758397251114859,0.3537835695712549,0.996920115263805,0.45126234047726704,NS
GENE_1901,-0.07439401653107858,0.6208410116576556,0.996920115263805,0.2070196020779696,NS
GENE_1898,0.34597093395271195,0.3626779617042233,0.996920115263805,0.44047883372487856,NS
GENE_1897,0.3138315452424223,0.2796485713538416,0.996920115263805,0.5533873950188298,NS
GENE_1896,-0.10535324518580325,0.8503398515330245,0.996920115263805,0.07040746705384564,NS
GENE_1894,-0.4318233444816473,0.4184392278054254,0.996920115263805,0.3783676080297782,NS
GENE_1892,-0.7448582840602223,0.024088838753143705,0.996920115263805,1.6181841354627415,NS
GENE_1891,-0.18944924926024864,0.623844423324549,0.996920115263805,0.20492370281101246,NS
GENE_1889,-0.11121785480774538,0.6708627129373383,0.996920115263805,0.17336634587279276,NS
GENE_1888,0.517617075759456,0.15332640494889124,0.996920115263805,0.8143830471279612,NS
GENE_1887,-0.415665280945162,0.22616462066092957,0.996920115263805,0.6455753315655607,NS
GENE_1886,0.2231260106101054,0.4169744144342383,0.996920115263805,0.37989059253445817,NS
GENE_1885,-0.5100331539936738,0.21339085714403117,0.996920115263805,0.6708241921137897,NS
GENE_1884,-0.1659420012162176,0.8616805482972804,0.996920115263805,0.06465371077092287,NS
GENE_1882,0.5221687729205957,0.1690744264313052,0.996920115263805,0.7719220772022893,NS
GENE_1881,0.5448242970668913,0.11390858907024798,0.996920115263805,0.943443527499689,NS
GENE_1879,-0.21644846074844626,0.698965163053713,0.996920115263805,0.15554446927658636,NS
GENE_1909,-0.4510112458722686,0.16130833050479654,0.996920115263805,0.7923432036039527,NS
GENE_1940,-0.017071608900108615,0.9620382334711278,0.996920115263805,0.01680766782125205,NS
GENE_1910,0.09785490450235201,0.8737183429006958,0.996920115263805,0.05862854658544382,NS
GENE_1912,0.48318384449180396,0.3101941628119661,0.996920115263805,0.508366378935067,NS
GENE_1938,0.053186988630112175,0.8717103006801166,0.996920115263805,0.059627822085800475,NS
GENE_1937,0.002619702944281599,0.8550062834222453,0.996920115263805,0.06803069363956839,NS
GENE_1936,0.01807794625406789,0.7198415863162433,0.996920115263805,0.1427630671218959,NS
GENE_1935,0.06499506172324843,0.9715239629456476,0.996920115263805,0.012546482921411056,NS
GENE_1933,0.0724042007850727,0.6733426597674201,0.996920115263805,0.1717638698411448,NS
GENE_1932,0.19658577194697813,0.8543393689459597,0.996920115263805,0.06836958038403394,NS
GENE_1931,-0.2610141648176718,0.33428516782343176,0.996920115263805,0.47588289255293237,NS
GENE_1930,0.0489626998888637,0.7454287899466701,0.996920115263805,0.12759383793914386,NS
GENE_1929,-0.14130602039767037,0.9322671012273228,0.996920115263805,0.03045964132622546,NS
GENE_1928,-0.1980972078983987,0.5952766121885266,0.996920115263805,0.22528118010068585,NS
GENE_1926,-0.1373138974930903,0.6770692122909282,0.996920115263805,0.16936693400372368,NS
GENE_1923,0.6249341793117509,0.14825351188159494,0.996920115263805,0.828995010120644,NS
GENE_1922,-0.11500659620075737,0.8343829112392758,0.996920115263805,0.07863459915305474,NS
GENE_1921,0.08231121255438811,0.9383503084500572,0.996920115263805,0.027634998907601696,NS
GENE_1920,0.7905644588269913,0.07024195988967154,0.996920115263805,1.153403379257496,NS
GENE_1919,-0.36739003740359255,0.43026787619356965,0.996920115263805,0.36626107713997663,NS
GENE_1918,-0.4806616568421589,0.14896938557509007,0.996920115263805,0.8269029734796481,NS
GENE_1917,0.7502174170943059,0.031128059932645197,0.996920115263805,1.5068479460313495,NS
GENE_1915,0.26782437115896673,0.5610038220792297,0.996920115263805,0.25103417991627275,NS
GENE_1914,0.15231807025421062,0.7357991622828253,0.996920115263805,0.1332407109546791,NS
GENE_1913,0.35536236274382205,0.18970938239469093,0.996920115263805,0.7219111898204648,NS
GENE_1911,-0.5280600266679008,0.15065301997239164,0.996920115263805,0.8220221580882049,NS
GENE_1484,-0.14399496790527788,0.936322130572264,0.996920115263805,0.02857471166591648,NS
GENE_1744,-0.24797324955318878,0.49063918937411477,0.996920115263805,0.30923776585407003,NS
GENE_1742,0.15477972652866523,0.6220418635497813,0.996920115263805,0.20618038621456242,NS
GENE_1578,-0.21122091048876346,0.5008562494034676,0.996920115263805,0.30028690297308924,NS
GENE_1577,0.5580467518090124,0.10524004428001463,0.996920115263805,0.9778189778557953,NS
GENE_1576,0.09007818611401497,0.6908022632515567,0.996920115263805,0.1606462482382614,NS
GENE_1575,0.0502032283283933,0.6136588795205614,0.996920115263805,0.21207297724667587,NS
GENE_1572,0.2310499224574878,0.5473409462047494,0.996920115263805,0.26174206136671346,NS
GENE_1571,-0.09968943681386744,0.58998685216279,0.996920115263805,0.22915766648797908,NS
GENE_1569,0.15636140146025657,0.6383476354915242,0.996920115263805,0.1949427459521511,NS
GENE_1567,-0.0018530339608080482,0.920112849517697,0.996920115263805,0.036158904266154805,NS
GENE_1566,-0.24709602035631395,0.49654084685901967,0.996920115263805,0.3040450194026346,NS
GENE_1579,-0.04266432911896789,0.8663583088957895,0.996920115263805,0.06230245510405642,NS
GENE_1564,0.4349635171736175,0.30295676666607296,0.996920115263805,0.5186193429102561,NS
GENE_1561,-0.2057099938965843,0.8013666944303894,0.996920115263805,0.09616871122409772,NS
GENE_1560,-0.6244759630682797,0.04901816419170777,0.996920115263805,1.3096429577991733,NS
GENE_1559,0.08281991043469272,0.8370387633521246,0.996920115263805,0.07725442931843275,NS
GENE_1558,-0.35572757178338765,0.46898047420443656,0.996920115263805,0.3288452385680615,NS
GENE_1557,-0.14842308693301032,0.7987396516806864,0.996920115263805,0.09759475543396642,NS
GENE_1556,0.2226012596691298,0.601770625661447,0.996920115263805,0.22056901537376425,NS
GENE_1555,0.16343388054222796,0.7889086769705466,0.996920115263805,0.10297326723827474,NS
GENE_1554,0.08775449722879358,0.7699996726596626,0.996920115263805,0.11350945945366415,NS
GENE_1553,-0.4912798119738895,0.262626053001477,0.996920115263805,0.5806621932749425,NS
GENE_1562,-0.25399241806740225,0.4965407970541853,0.996920115263805,0.3040450629639367,NS
GENE_1580,-0.42507672401430074,0.28727214906204057,0.996920115263805,0.5417064766707063,NS
GENE_1582,0.38163448480105266,0.30136399541184644,0.996920115263805,0.5209086349941455,NS
GENE_1583,-0.40410771963422487,0.24911454765286156,0.996920115263805,0.6036009100352224,NS
GENE_1608,-0.25414533244695914,0.7065316705409399,0.996920115263805,0.150868365969856,NS
GENE_1607,-0.04903919962710379,0.8972079879076974,0.996920115263805,0.04710686851663112,NS
GENE_1606,-0.2751535222323369,0.43825913287599394,0.996920115263805,0.3582690248831798,NS
GENE_1605,0.2491764307788662,0.6671491932999518,0.996920115263805,0.1757770347768453,NS
GENE_1604,0.14934321276774742,0.6493167173814223,0.996920115263805,0.18754341558860096,NS
GENE_1603,-0.11411794151502264,0.8998986110009985,0.996920115263805,0.045806418519805124,NS
GENE_1602,-0.24941127167418564,0.46274176545588663,0.996920115263805,0.33466130082765433,NS
GENE_1601,-0.3716157603085355,0.34459699367991914,0.996920115263805,0.4626885157269839,NS
GENE_1599,0.039835744077221236,0.9850816819929605,0.996920115263805,0.006527756742959876,NS
GENE_1597,-0.24888264047583775,0.7544521494411722,0.996920115263805,0.12236829981504212,NS
GENE_1596,0.48283853713099667,0.2005478029187464,0.996920115263805,0.6977820915257221,NS
GENE_1594,-0.39168282453522174,0.16335269350762105,0.996920115263805,0.786873700087518,NS
GENE_1593,-0.08997562597032704,0.8039956717165869,0.996920115263805,0.09474628925485992,NS
GENE_1592,0.5588590461103937,0.08647233939809955,0.996920115263805,1.0631227915859323,NS
GENE_1590,0.4263772760004354,0.17602822039293142,0.996920115263805,0.7544177016264602,NS
GENE_1589,0.2811606549262802,0.518314226116747,0.996920115263805,0.28540687096133033,NS
GENE_1588,0.23346964351498922,0.8837732450623195,0.996920115263805,0.05365915020264436,NS
GENE_1587,0.4890189419687401,0.20174628822538765,0.996920115263805,0.6951944467821553,NS
GENE_1586,-0.3629427873197377,0.2981947099216403,0.996920115263805,0.5255000653505598,NS
GENE_1585,-0.43019622777120947,0.1894226102000237,0.996920115263805,0.7225681832047821,NS
GENE_1584,-0.29969142533325144,0.3200201776929452,0.996920115263805,0.49482263797872966,NS
GENE_1552,-0.3649943247876415,0.5304973457805684,0.996920115263805,0.2753167846481006,NS
GENE_1551,0.18161933501363947,0.6895496944439042,0.996920115263805,0.16143442964032298,NS
GENE_1549,-0.09726365823005256,0.9430838434725002,0.996920115263805,0.025449695238502667,NS
GENE_1548,-0.129976702636311,0.7817208096096029,0.996920115263805,0.10694832685786256,NS
GENE_1516,0.3090754975583758,0.6450417524476754,0.996920115263805,0.19041217331703564,NS
GENE_1515,0.3841218493213283,0.4773693150911057,0.996920115263805,0.32114550052596036,NS
GENE_1514,0.192543927028324,0.5759892026114435,0.996920115263805,0.23958565770564327,NS
GENE_1512,0.19261587578785822,0.5338439895161111,0.996920115263805,0.27258564258116047,NS
GENE_1511,-0.021767799736049476,0.6585162348243627,0.996920115263805,0.18143351362896729,NS
GENE_1509,-0.23978826600044467,0.49761733821714016,0.996920115263805,0.3031044961611917,NS
GENE_1508,0.18602263197809954,0.592333942745719,0.996920115263805,0.22743338009787217,NS
GENE_1506,0.3148210814239656,0.3892500319128368,0.996920115263805,0.4097713431540146,NS
GENE_1504,0.18886719179094946,0.472116542363335,0.996920115263805,0.3259507821757162,NS
GENE_1502,0.0067091566727137675,0.907977263021305,0.996920115263805,0.041925026663956005,NS
GENE_1501,-0.6267904433087903,0.10856764279838559,0.996920115263805,0.9642995913953786,NS
GENE_1500,0.8002949439578346,0.09557187064614629,0.996920115263805,1.0196699133807159,NS
GENE_1498,-0.42240295626343816,0.32417377833577354,0.996920115263805,0.4892221171390733,NS
GENE_1497,-0.2895605039789384,0.49654034881001863,0.996920115263805,0.30404545501642694,NS
GENE_1496,-0.1772250758670708,0.5994046672089314,0.996920115263805,0.22227987978344468,NS
GENE_1495,-0.0632741080860093,0.8323940339971383,0.996920115263805,0.07967104116032304,NS
GENE_1494,-0.49356894364942416,0.20842967897547904,0.996920115263805,0.681040440374659,NS
GENE_1493,-0.6475590977485091,0.02723635227871363,0.996920115263805,1.56485105723301,NS
GENE_1492,-0.3470205035156395,0.5730923982625609,0.996920115263805,0.2417753521678274,NS
GENE_1489,0.8543417230817978,0.03541556675569959,0.996920115263805,1.450805803790668,NS
GENE_1488,0.38259580625043554,0.28344620468177306,0.996920115263805,0.5475293537966597,NS
GENE_1517,-0.025563765404275074,0.9518809364197011,0.996920115263805,0.02141737082740255,NS
GENE_1609,-0.8117923033339096,0.033038029334609385,0.996920115263805,1.4809858655474581,NS
GENE_1519,0.39643782572759445,0.34982846292812686,0.996920115263805,0.45614485812281497,NS
GENE_1521,-0.14632122686070037,0.8436838924492043,0.996920115263805,0.07382024233193725,NS
GENE_1547,-0.13369952086511816,0.6017706676958923,0.996920115263805,0.22056898503774217,NS
GENE_1545,0.6881687023421996,0.030470710655584304,0.996920115263805,1.5161174167914484,NS
GENE_1544,-0.14341456639191907,0.6065135173907632,0.996920115263805,0.21715951555124274,NS
GENE_1543,0.5268227961945922,0.22099119610015805,0.996920115263805,0.6556250274971519,NS
GENE_1542,-0.37849855379540465,0.43425155055378717,0.996920115263805,0.3622586221710159,NS
GENE_1540,0.3115382524467831,0.3911238724859748,0.996920115263805,0.40768567580823084,NS
GENE_1539,-0.03335595000702707,0.8596772089985782,0.996920115263805,0.06566458674011705,NS
GENE_1538,-0.2671183763250804,0.7791116110529468,0.996920115263805,0.10840032333856048,NS
GENE_1536,0.6317246435190391,0.07373586491027934,0.996920115263805,1.1323212211779934,NS
GENE_1535,0.29789407152309355,0.44938778777258326,0.996920115263805,0.3473787338195221,NS
GENE_1533,-0.08204954297829214,0.6438225160818987,0.996920115263805,0.19123383902174815,NS
GENE_1532,-0.024618058082108263,0.7830267976982472,0.996920115263805,0.10622337473218724,NS
GENE_1531,-0.32213335046200076,0.5541517763062151,0.996920115263805,0.25637127031732043,NS
GENE_1530,0.3645526796280265,0.26772843388502365,0.996920115263805,0.5723055024641663,NS
GENE_1528,0.2613937855146542,0.5841355550383357,0.996920115263805,0.23348635841190168,NS
GENE_1527,-0.15854613795655492,0.6065133924908668,0.996920115263805,0.21715960498592118,NS
GENE_1526,-0.23099117354318643,0.6665311709107811,0.996920115263805,0.17617953561546318,NS
GENE_1525,-0.261163824090068,0.6438217491047277,0.996920115263805,0.19123435639127653,NS
GENE_1524,-0.7816293243784962,0.02473532988488847,0.996920115263805,1.6066822932548688,NS
GENE_1523,-0.17848086450181455,0.5019381480909804,0.996920115263805,0.2993497959979317,NS
GENE_1522,0.11462954542223969,0.9525578702112318,0.996920115263805,0.021108630403049316,NS
GENE_1520,-0.028472449945113887,0.9755905931196146,0.996920115263805,0.010732395910520243,NS
GENE_1610,0.19352207807598454,0.6659131573920176,0.996920115263805,0.17658240404979283,NS
GENE_1612,-0.12045685558849328,0.8985531536807503,0.996920115263805,0.04645622721671597,NS
GENE_1613,0.031176836297318822,0.9046098864140082,0.996920115263805,0.04353867019214839,NS
GENE_1705,-0.04302905728339379,0.9755906044106265,0.996920115263805,0.010732390884206777,NS
GENE_1703,0.19371601365371216,0.6487040075741809,0.996920115263805,0.18795341906996382,NS
GENE_1702,0.19138704442338383,0.5940978760341251,0.996920115263805,0.22614200027153403,NS
GENE_1701,0.2043609294839266,0.8864575373493708,0.996920115263805,0.05234206292435056,NS
GENE_1700,0.3966562848135755,0.1508941644036168,0.996920115263805,0.8213275555611468,NS
GENE_1697,-0.25819093110707847,0.4658556575724975,0.996920115263805,0.3317486258644412,NS
GENE_1696,-0.20649792508790377,0.4575800297028739,0.996920115263805,0.3395329378406877,NS
GENE_1695,-0.48286033232236303,0.1582797753890115,0.996920115263805,0.8005745747023334,NS
GENE_1693,0.3971690938914971,0.25367662515275335,0.996920115263805,0.5957195486823471,NS
GENE_1691,0.4127100596794788,0.5293833792052737,0.996920115263805,0.2762296981550868,NS
GENE_1690,0.562697609197035,0.17494429144621348,0.996920115263805,0.7571002242805751,NS
GENE_1688,-0.16098910863250016,0.7467158854080628,0.996920115263805,0.1268446095239194,NS
GENE_1686,-0.5103911832732626,0.088202647754889,0.996920115263805,1.0545183775883837,NS
GENE_1685,-0.6392503048052545,0.09813555682926982,0.996920115263805,1.008173608961714,NS
GENE_1684,0.26890179320754815,0.5227270059182507,0.996920115263805,0.2817250621400504,NS
GENE_1682,-0.3153010331677626,0.5394476778453103,0.996920115263805,0.26805067206543337,NS
GENE_1680,-0.015828452454066166,0.8211383014297795,0.996920115263805,0.08558369003115271,NS
GENE_1679,0.540900519018539,0.14992965527859148,0.996920115263805,0.8241124575449366,NS
GENE_1678,0.47225070508442357,0.2099695665122311,0.996920115263805,0.6778436483785353,NS
GENE_1677,0.24725778984014735,0.49546410475761726,0.996920115263805,0.30498780368199,NS
GENE_1675,-0.4189518110141819,0.4169739294166458,0.996920115263805,0.3798910976987543,NS
GENE_1706,-0.06727249157303206,0.9742349263308543,0.996920115263805,0.011336305024084826,NS
GENE_1674,0.21816924715365893,0.49977548895522417,0.996920115263805,0.3012250472742449,NS
GENE_1707,0.1271197855956121,0.6389542485705438,0.996920115263805,0.1945302377801011,NS
GENE_1709,-0.07455304479368152,0.4917093158745105,0.996920115263805,0.30829156353296683,NS
GENE_1741,0.24408116073353892,0.6696240818540531,0.996920115263805,0.17416893609564452,NS
GENE_1740,-0.6401554018765641,0.13096114471100614,0.996920115263805,0.8828575374789752,NS
GENE_1738,0.12720748368763868,0.7128588257701296,0.996920115263805,0.1469964691097594,NS
GENE_1737,-0.7345835198369084,0.03173213191586994,0.996920115263805,1.4985007489460735,NS
GENE_1736,-0.138628124171281,0.5422598660235525,0.996920115263805,0.2657925375699095,NS
GENE_1734,-0.18945854561457054,0.909324486822406,0.996920115263805,0.04128111381905747,NS
GENE_1733,-0.37060504332852506,0.3963106131262304,0.996920115263805,0.401964297182742,NS
GENE_1732,-0.4206074109152027,0.37903448928257666,0.996920115263805,0.42132127070838776,NS
GENE_1731,-0.40195530443716,0.4726405209165364,0.996920115263805,0.32546904771408935,NS
GENE_1730,-0.015590455427929584,0.9187634793630862,0.996920115263805,0.03679627623965071,NS
GENE_1727,0.42684623984346803,0.2152729786879536,0.996920115263805,0.6670104798987286,NS
GENE_1726,0.11666894302647002,0.6609769713404267,0.996920115263805,0.17981367121632533,NS
GENE_1723,0.612278934923447,0.13646766141884656,0.996920115263805,0.864970250683786,NS
GENE_1721,0.022476482134234033,0.9796578578733489,0.996920115263805,0.008925573676851966,NS
GENE_1720,-0.3082264073237262,0.3275209290723753,0.996920115263805,0.48476094272494524,NS
GENE_1718,-0.5326279985374249,0.10004675733249413,0.996920115263805,0.9997969829440749,NS
GENE_1717,-0.21580232867714244,0.3785744310172665,0.996920115263805,0.4218487217063463,NS
GENE_1716,-0.7306688329939233,0.04709589517139848,0.996920115263805,1.3270169438710584,NS
GENE_1714,-0.17227826765757648,0.9012443901391348,0.996920115263805,0.045157425561502665,NS
GENE_1712,0.21880376280871427,0.5177643618622958,0.996920115263805,0.2858678457111131,NS
GENE_1710,0.2653931603217359,0.5982240918048536,0.996920115263805,0.2231361009549491,NS
GENE_1708,0.3415206685812855,0.2327520186777734,0.996920115263805,0.6331065436578298,NS
GENE_1743,-0.2318775061967342,0.4986960170528002,0.996920115263805,0.30216410035773117,NS
GENE_1673,0.14942659601531094,0.6895495582741664,0.996920115263805,0.1614345154032086,NS
GENE_1670,0.6164332384729816,0.08725561452246768,0.996920115263805,1.0592066184928433,NS
GENE_1637,0.2037320881231528,0.6945652484396105,0.996920115263805,0.15828694977341626,NS
GENE_1636,-0.4164427107033406,0.2515663138345605,0.996920115263805,0.5993475138437176,NS
GENE_1635,-0.475669985219791,0.10523879631310794,0.996920115263805,0.977824127876003,NS
GENE_1634,0.4030217428891323,0.262626053001477,0.996920115263805,0.5806621932749425,NS
GENE_1633,-0.24289590321251886,0.5327276983304835,0.996920115263805,0.27349472217638476,NS
GENE_1632,-0.27243328532898925,0.3480790673394998,0.996920115263805,0.45832209338418395,NS
GENE_1631,-0.20689513885564637,0.6995921062660035,0.996920115263805,0.15515509945702174,NS
GENE_1630,-0.0958061608541243,0.9349702098863324,0.996920115263805,0.029202226440947228,NS
GENE_1629,0.15484423752177,0.656057907980047,0.996920115263805,0.18305782524896344,NS
GENE_1628,-0.23374660612804288,0.6914290352461171,0.996920115263805,0.16025238704064354,NS
GENE_1627,-0.7294416433704143,0.040694718403229364,0.996920115263805,1.3904619523761552,NS
GENE_1626,-0.24421156276077838,0.3150822247403472,0.996920115263805,0.501576096714701,NS
GENE_1625,0.06172777876635749,0.9606835213903454,0.996920115263805,0.017419658690052298,NS
GENE_1624,-0.8383441609856739,0.022535876216510778,0.996920115263805,1.647125551478174,NS
GENE_1622,0.443258157766075,0.16567576604681433,0.996920115263805,0.7807410126539606,NS
GENE_1621,0.14715173749983368,0.7211137724826706,0.996920115263805,0.14199620981127498,NS
GENE_1619,-0.20964417813888137,0.5725143468192022,0.996920115263805,0.24221362572808727,NS
GENE_1618,-0.5334636608122514,0.20355295579024224,0.996920115263805,0.6913225868533773,NS
GENE_1617,0.059467545001879785,0.7236607647598245,0.996920115263805,0.1404649731943437,NS
GENE_1616,-0.03670669205687904,0.7313190890967519,0.996920115263805,0.1358930903509676,NS
GENE_1615,0.21473881358313918,0.357770123902176,0.996920115263805,0.4463959286265539,NS
GENE_1638,-0.25161106283214885,0.383193973559817,0.996920115263805,0.4165813296308039,NS
GENE_1672,-0.07665827817307136,0.7467158005237078,0.996920115263805,0.12684465889317723,NS
GENE_1639,-0.09168712095144205,0.9735572012797219,0.996920115263805,0.011638526454862793,NS
GENE_1643,-0.19541441675490745,0.5484724627117173,0.996920115263805,0.26084517226896786,NS
GENE_1669,-0.21130835299812833,0.4116282904235121,0.996920115263805,0.3854947846564393,NS
GENE_1667,-0.03883219623242962,0.7778079425878205,0.996920115263805,0.10912762636668902,NS
GENE_1666,0.13099605782256862,0.5696258574837649,0.996920115263805,0.2444103046457254,NS
GENE_1665,-0.052999632501361305,0.8636842469103274,0.996920115263805,0.06364500160442023,NS
GENE_1664,0.29414620056305996,0.46481068768728007,0.996920115263805,0.3327238944941328,NS
GENE_1662,-0.275003185740732,0.5073659464738443,0.996920115263805,0.29467868523175444,NS
GENE_1661,-0.9164043284726073,0.006188519842846966,0.996920115263805,2.2084132121999853,NS
GENE_1660,-0.2434634329134191,0.5535823512868118,0.996920115263805,0.25681776403707984,NS
GENE_1659,-0.0012071091592344985,0.8797490994771204,0.996920115263805,0.055641169042151314,NS
GENE_1657,-0.3484300799893987,0.3822663004204403,0.996920115263805,0.4176339865390192,NS
GENE_1656,-0.41645186933030764,0.2387962119089415,0.996920115263805,0.621972566822787,NS
GENE_1655,-0.6043633951802425,0.06476143301757918,0.996920115263805,1.1886835499010378,NS
GENE_1654,-0.9904957827339889,0.009724224920657434,0.996920115263805,2.01214500451086,NS
GENE_1653,0.057333559464785466,0.9214624497342958,0.996920115263805,0.03552235790064658,NS
GENE_1652,-0.14634381351192083,0.8530059521150934,0.996920115263805,0.06904793839669503,NS
GENE_1651,-0.3304426927127926,0.6047315537669703,0.996920115263805,0.21843737012506975,NS
GENE_1650,0.2394367092824341,0.5041048123737917,0.996920115263805,0.2974791566038914,NS
GENE_1648,0.44073086708792886,0.3359899314231294,0.996920115263805,0.4736737368747197,NS
GENE_1647,0.17016200776232893,0.6958213250105522,0.996920115263805,0.15750226545262838,NS
GENE_1646,0.7695267824493488,0.08144603362759668,0.996920115263805,1.0891300607181655,NS
GENE_1644,-0.22323577871473432,0.7046373626138561,0.996920115263805,0.1520343325614939,NS
GENE_1642,-0.3613753133399582,0.24772089822970134,0.996920115263805,0.6060373539188222,NS
GENE_0993,0.5175570029543071,0.2360965300537059,0.996920115263805,0.6269103957658394,NS
GENE_0997,-0.19233784920209107,0.8297424851079348,0.996920115263805,0.0810566722618536,NS
GENE_0988,0.2282783628045566,0.5416972551805133,0.996920115263805,0.2662433650090259,NS
GENE_0332,0.3277636177763199,0.29036927912512966,0.996920115263805,0.537049333606217,NS
GENE_0331,0.6343015415825031,0.12604873553495313,0.996920115263805,0.8994615066154354,NS
GENE_0330,0.23120229188474362,0.4901050477473252,0.996920115263805,0.309710824527729,NS
GENE_0328,0.8996121184245967,0.025959785124102866,0.996920115263805,1.5856989066252367,NS
GENE_0327,0.036855596990498896,0.9823696741811773,0.996920115263805,0.00772505269624671,NS
GENE_0326,-0.2087688589412071,0.6184430649789336,0.996920115263805,0.20870027615390352,NS
GENE_0325,-0.27411735130690573,0.300966130453425,0.996920115263805,0.5214823754520626,NS
GENE_0324,-0.13735883898184564,0.9850816819929605,0.996920115263805,0.006527756742959876,NS
GENE_0323,0.12587636546445324,0.604140023405008,0.996920115263805,0.2188623919345546,NS
GENE_0333,0.3868007033041154,0.396310777030362,0.996920115263805,0.4019641175694719,NS
GENE_0322,0.0811110899542209,0.9566201213369631,0.996920115263805,0.019260488513492054,NS
GENE_0320,-0.2882072362568806,0.22292125188643652,0.996920115263805,0.6518485266877703,NS
GENE_0319,-0.0028141994867940667,0.9661028963799709,0.996920115263805,0.014976615872088575,NS
GENE_0318,-0.3520533040898668,0.4448162845855551,0.996920115263805,0.3518193217493181,NS
GENE_0317,-0.25150078419707445,0.5106371402574362,0.996920115263805,0.2918876007690173,NS
GENE_0316,0.3882996744632665,0.31303754911659787,0.996920115263805,0.5044035653415448,NS
GENE_0315,-0.7506506745562094,0.04882296815556638,0.996920115263805,1.3113758215103994,NS
GENE_0314,0.22697898957554585,0.4869039279873202,0.996920115263805,0.31255672186746136,NS
GENE_0313,-0.08026952244955243,0.9681356433258559,0.996920115263805,0.014063790397268728,NS
GENE_0312,0.5158506350884986,0.12520906514576402,0.996920115263805,0.9023642270340393,NS
GENE_0321,-0.6550031556398022,0.04469235908791223,0.996920115263805,1.349766720483477,NS
GENE_0336,0.46862782425452654,0.23744357875392863,0.996920115263805,0.6244395706574243,NS
GENE_0337,0.4998277085379037,0.25016275833047863,0.996920115263805,0.6017773431454324,NS
GENE_0338,0.2863311189171265,0.586472241818253,0.996920115263805,0.2317525385534774,NS
GENE_0363,-0.31470985132516205,0.22681716472685742,0.996920115263805,0.6443240826535425,NS
GENE_0362,0.6074790672986019,0.050202395824442164,0.996920115263805,1.2992755563907068,NS
GENE_0361,0.42181953578336984,0.39725778701828396,0.996920115263805,0.4009275810282593,NS
GENE_0359,0.06325577912503189,0.9783020389695757,0.996920115263805,0.009527041320222661,NS
GENE_0358,-0.19499465208406086,0.656057907980047,0.996920115263805,0.18305782524896344,NS
GENE_0357,-0.18401260685685106,0.46585483209413336,0.996920115263805,0.3317493954182939,NS
GENE_0356,-0.1432314281069491,0.7609189077531229,0.996920115263805,0.1186616241648933,NS
GENE_0355,-0.12467581950741113,0.7415718591510488,0.996920115263805,0.1298467589704891,NS
GENE_0354,-0.7617523459024609,0.07346202133367859,0.996920115263805,1.1339371260589888,NS
GENE_0353,-0.21373016060436445,0.5008560512668812,0.996920115263805,0.30028707477815964,NS
GENE_0352,-0.09064021678768874,0.9309157923243604,0.996920115263805,0.031089602136658605,NS
GENE_0351,-0.8282711449894338,0.04256705532213384,0.996920115263805,1.3709263921433061,NS
GENE_0350,-0.478657907492261,0.1260472020468018,0.996920115263805,0.8994667902026966,NS
GENE_0349,0.4666410670336969,0.28040548465833504,0.996920115263805,0.5522134959352126,NS
GENE_0348,-0.22768154668261253,0.4869039279873202,0.996920115263805,0.31255672186746136,NS
GENE_0347,-0.46614395739904424,0.33598976372272726,0.996920115263805,0.4736739536412672,NS
GENE_0346,-0.14743030749787156,0.7467158005237078,0.996920115263805,0.12684465889317723,NS
GENE_0345,0.3831542107957455,0.25332790318627985,0.996920115263805,0.5963169715500932,NS
GENE_0342,-0.26242979777052167,0.4001076527493218,0.996920115263805,0.3978231419101371,NS
GENE_0341,0.19034892549417748,0.6914287305102436,0.996920115263805,0.16025257844877183,NS
GENE_0340,-0.288157108581963,0.3972580054335275,0.996920115263805,0.40092734225003507,NS
GENE_0311,0.20172990083444908,0.8516730060645061,0.996920115263805,0.06972711758131403,NS
GENE_0309,-0.3693986251290564,0.3069637895292562,0.996920115263805,0.5129128523245751,NS
GENE_0308,-0.3398613390638019,0.20415827721640123,0.996920115263805,0.6900330077246413,NS
GENE_0307,-0.5090137084084194,0.31019438668884436,0.996920115263805,0.5083660654912004,NS
GENE_0274,0.3731998906716143,0.4519389003197357,0.996920115263805,0.34492027547095194,NS
GENE_0273,0.07875290304268745,0.8998986110009985,0.996920115263805,0.045806418519805124,NS
GENE_0272,-0.015339585571314096,0.8663584467221386,0.996920115263805,0.06230238601345326,NS
GENE_0269,-0.4025911180649189,0.23542446802300576,0.996920115263805,0.6281484022608502,NS
GENE_0268,0.07377937897562958,0.9823696741811773,0.996920115263805,0.00772505269624671,NS
GENE_0267,0.014136155171810216,0.9376740747087152,0.996920115263805,0.027948091421427988,NS
GENE_0266,-0.0838137988905654,0.9769462934111398,0.996920115263805,0.010129310504657074,NS
GENE_0264,-0.7846829073500761,0.06366147601734855,0.996920115263805,1.1961232963031656,NS
GENE_0263,0.4941842206922118,0.10597175411611351,0.996920115263805,0.9748098768691961,NS
GENE_0262,-0.4877156028563503,0.3721642955081659,0.996920115263805,0.4292652943099659,NS
GENE_0261,-0.651526697220346,0.12066967983538394,0.996920115263805,0.9184018395494083,NS
GENE_0259,0.06665965582450362,0.8864565719786621,0.996920115263805,0.052342535880338194,NS
GENE_0258,0.5335623700703298,0.11007286917804443,0.996920115263805,0.9583197129833517,NS
GENE_0256,0.15462483752441258,0.410660743239188,0.996920115263805,0.3865168111698783,NS
GENE_0254,0.39149971284781415,0.23947456359725083,0.996920115263805,0.6207406094979334,NS
GENE_0253,-0.02727786712444491,0.9282136340331988,0.996920115263805,0.03235205675097123,NS
GENE_0252,0.20718019788730846,0.6548297645023058,0.996920115263805,0.18387158847615767,NS
GENE_0251,0.30384830755403325,0.6053254352957056,0.996920115263805,0.21801107699363234,NS
GENE_0250,-0.3722369120579758,0.38041772260880546,0.996920115263805,0.41973925868541406,NS
GENE_0249,-0.11516397836377035,0.675826590921252,0.996920115263805,0.1701647245718102,NS
GENE_0248,-0.3818618620385541,0.39678419338883764,0.996920115263805,0.40144563707415404,NS
GENE_0276,-0.6085208945503169,0.043796781050895246,0.996920115263805,1.3585578078339393,NS
GENE_0364,-0.7460448748888542,0.021166267375742044,0.996920115263805,1.6743557220960743,NS
GENE_0277,-0.07023433679256819,0.8945179154968108,0.996920115263805,0.048410956914954055,NS
GENE_0279,0.5605564407650245,0.2533278482794291,0.996920115263805,0.5963170656800512,NS
GENE_0306,0.29483742935269586,0.3183686932871057,0.996920115263805,0.49706964508364854,NS
GENE_0305,-0.2023201339598506,0.5150174526159212,0.996920115263805,0.2881780535872327,NS
GENE_0304,-0.21845475389936997,0.9073036025514142,0.996920115263805,0.042247364704012774,NS
GENE_0303,0.38492134995892435,0.38319210254848446,0.996920115263805,0.4165834501544476,NS
GENE_0300,0.13789863085925003,0.6995948833094544,0.996920115263805,0.15515337552068487,NS
GENE_0299,0.42605150071285447,0.23981441166369888,0.996920115263805,0.6201247214959232,NS
GENE_0298,0.43634611913535615,0.18713850039843638,0.996920115263805,0.7278368549879587,NS
GENE_0296,-0.4174602506849352,0.3402761050652041,0.996920115263805,0.46816854694498405,NS
GENE_0295,-0.21327499141999073,0.43475256703717713,0.996920115263805,0.3617578449853086,NS
GENE_0294,-0.0567957694373753,0.9559428368898246,0.996920115263805,0.019568076725531142,NS
GENE_0293,0.6092532109297011,0.07722808252628204,0.996920115263805,1.1122247479998113,NS
GENE_0292,0.1862339158401216,0.5759883638498848,0.996920115263805,0.23958629013031396,NS
GENE_0291,0.22878037148082075,0.4029691190750465,0.996920115263805,0.3947282340801609,NS
GENE_0289,-0.30616397549872065,0.5411344223704097,0.996920115263805,0.26669483906679997,NS
GENE_0288,-0.08811506965131777,0.807285292073347,0.996920115263805,0.09297295985347497,NS
GENE_0287,-0.11753651089504036,0.8198166109525747,0.996920115263805,0.08628328634647833,NS
GENE_0286,0.20565838785953794,0.6983344537768614,0.996920115263805,0.1559365306125018,NS
GENE_0285,-0.8920650774138563,0.05941025817195061,0.996920115263805,1.2261385603583759,NS
GENE_0284,0.5568962145847074,0.13826716398962172,0.996920115263805,0.8592809449180882,NS
GENE_0283,0.2865815624997099,0.574829811586425,0.996920115263805,0.24046071675258374,NS
GENE_0281,-0.1712685082711305,0.5667447381595614,0.996920115263805,0.24661250331238513,NS
GENE_0278,0.17258396858538028,0.5243878533591081,0.996920115263805,0.2803473766314742,NS
GENE_0247,0.21944585505367797,0.5405719285451192,0.996920115263805,0.2671465106063829,NS
GENE_0365,0.5450009067253072,0.21339000985259826,0.996920115263805,0.6708259165303339,NS
GENE_0367,-0.08057529715841572,0.9783020389695757,0.996920115263805,0.009527041320222661,NS
GENE_0455,0.5199972455638493,0.21590268399766388,0.996920115263805,0.6657419586934233,NS
GENE_0454,-0.6116247564742086,0.07595379331027897,0.996920115263805,1.1194505315762604,NS
GENE_0453,0.061673487983910924,0.690802365013222,0.996920115263805,0.16064618426260757,NS
GENE_0452,-0.1998987704751478,0.6554435337083458,0.996920115263805,0.1834647167201572,NS
GENE_0451,-0.18669755230960927,0.7046362555127418,0.996920115263805,0.15203501491004381,NS
GENE_0450,0.2641512272684414,0.6413868047961065,0.996920115263805,0.19287997902433196,NS
GENE_0449,0.4429469258293004,0.1719908436407096,0.996920115263805,0.7644946732213068,NS
GENE_0448,0.08454371258584903,0.8079434095270911,0.996920115263805,0.09261905728334555,NS
GENE_0447,0.05441318175531151,0.9025903177069661,0.996920115263805,0.044509329567247374,NS
GENE_0456,-0.4676599833984847,0.08883785620037915,0.996920115263805,1.0514019302178825,NS
GENE_0445,0.26971451611758024,0.5678963472090117,0.996920115263805,0.245730924752131,NS
GENE_0443,0.5960266618033376,0.11390842178204905,0.996920115263805,0.9434441653128304,NS
GENE_0439,-0.28086928852220705,0.3507055837083768,0.996920115263805,0.45505731950648703,NS
GENE_0438,-0.29772068637584237,0.38691405640403553,0.996920115263805,0.4123854922797431,NS
GENE_0437,0.49734327768707143,0.18013413359618624,0.996920115263805,0.7444039849712475,NS
GENE_0435,-0.1500681408964244,0.504646744647046,0.996920115263805,0.2970125239293853,NS
GENE_0434,0.2620563601272732,0.34982896458374657,0.996920115263805,0.4561442353429833,NS
GENE_0433,0.11767294688317964,0.8570071856182637,0.996920115263805,0.06701553669841416,NS
GENE_0432,0.061717749316674286,0.9654254146075427,0.996920115263805,0.015281272661996994,NS
GENE_0429,-0.1292982746587299,0.7661034735145125,0.996920115263805,0.11571256856390685,NS
GENE_0444,0.30307270033902256,0.5139198192687446,0.996920115263805,0.28910463346665183,NS
GENE_0457,-0.2060877638784211,0.49923559802139517,0.996920115263805,0.3016944548299262,NS
GENE_0458,-0.5438359091127705,0.20812289781210602,0.996920115263805,0.6816801358076857,NS
GENE_0459,-0.20219285054151648,0.731957759923036,0.996920115263805,0.13551398063785092,NS
GENE_0485,-0.06523738831544001,0.6832989877638108,0.996920115263805,0.1653892226388187,NS
GENE_0481,-0.19076493852549437,0.6196410056020392,0.996920115263805,0.2078598499227922,NS
GENE_0480,-0.39795517863197016,0.3097873799740425,0.996920115263805,0.5089362783756219,NS
GENE_0479,-0.2150011663469149,0.6208410116576556,0.996920115263805,0.2070196020779696,NS
GENE_0991,-0.20167982376110238,0.3053568215975335,0.996920115263805,0.5151923735260666,NS
GENE_0477,0.16608054558358099,0.5496066149874241,0.996920115263805,0.2599480488101372,NS
GENE_0476,0.3991118070001125,0.2505135036084255,0.996920115263805,0.6011688590799218,NS
GENE_0475,-0.16347015852315394,0.8556732019577699,0.996920115263805,0.06769206906727823,NS
GENE_0474,-0.12571905901471947,0.6770699172082868,0.996920115263805,0.16936648184675934,NS
GENE_0473,0.21243107955797313,0.37536102366159363,0.996920115263805,0.4255508251816384,NS
GENE_0472,0.32409620876869916,0.33428500008099327,0.996920115263805,0.47588311047954324,NS
GENE_0471,0.17311070358569847,0.7719488361647354,0.996920115263805,0.1124114832234286,NS
GENE_0469,-0.4065685665928065,0.3049559670683567,0.996920115263805,0.5157628643902064,NS
GENE_0468,0.23174062614906799,0.6371336633815892,0.996920115263805,0.19576944807345129,NS
GENE_0467,0.17445128933040532,0.7725999643255573,0.996920115263805,0.11204531624454296,NS
GENE_0466,-0.06597339519223588,0.9025904298271774,0.996920115263805,0.044509275618977474,NS
GENE_0465,-0.3081994405559527,0.44228793582020287,0.996920115263805,0.3542949066131476,NS
GENE_0464,0.0680593182958873,0.8743885282227739,0.996920115263805,0.05829554886511137,NS
GENE_0463,0.274130359599595,0.32584327061536156,0.996920115263805,0.4869912437179238,NS
GENE_0461,-0.08639439903606405,0.8918303167060807,0.996920115263805,0.049717768413446585,NS
GENE_0460,0.48087133751947597,0.3502671837171556,0.996920115263805,0.45560054951691126,NS
GENE_0428,-0.3844369031034507,0.35688115456778047,0.996920115263805,0.4474763847518552,NS
GENE_0427,0.25532196329451917,0.6487052962796309,0.996920115263805,0.18795255630805194,NS
GENE_0426,0.07891686963494138,0.9174143812062499,0.996920115263805,0.03743445623634041,NS
GENE_0425,-0.18366770894589557,0.8717103006801166,0.996920115263805,0.059627822085800475,NS
GENE_0392,-0.0601567064311892,0.8026809255211899,0.996920115263805,0.0954570572416391,NS
GENE_0390,-0.11813009124095952,0.6870464966723626,0.996920115263805,0.16301387056065667,NS
GENE_0389,0.09743354741174848,0.6814279428954688,0.996920115263805,0.16658006155697067,NS
GENE_0388,0.3178993746282375,0.5008557540615635,0.996920115263805,0.30028733248627243,NS
GENE_0387,0.483994057512807,0.2360965300537059,0.996920115263805,0.6269103957658394,NS
GENE_0386,0.15072480955583067,0.7274868273070364,0.996920115263805,0.13817486609416432,NS
GENE_0385,-0.34746495444108927,0.3053557586079042,0.996920115263805,0.5151938853682828,NS
GENE_0383,-0.195507784550915,0.5304971555607196,0.996920115263805,0.2753169403726224,NS
GENE_0382,0.11101943328056318,0.7745519962218079,0.996920115263805,0.1109494224312668,NS
GENE_0381,-0.5308158863433974,0.27551145853141046,0.996920115263805,0.5598603341135501,NS
GENE_0380,0.2928933901712485,0.3813420945904392,0.996920115263805,0.4186852523205955,NS
GENE_0379,0.108317553938166,0.7185706742767731,0.996920115263805,0.14353051084366733,NS
GENE_0378,-0.00712053950318392,0.739003553131836,0.996920115263805,0.1313534735106679,NS
GENE_0377,0.09098041499460852,0.6845472721317567,0.996920115263805,0.1645965558322671,NS
GENE_0375,0.3037559344466372,0.3667254130801031,0.996920115263805,0.43565899356260623,NS
GENE_0374,0.23467093938509276,0.507366388528653,0.996920115263805,0.2946783068423851,NS
GENE_0372,-0.5040095166878791,0.21214272495253528,0.996920115263805,0.6733718569784106,NS
GENE_0371,0.505137205499878,0.20598083350060625,0.996920115263805,0.6861731888161933,NS
GENE_0370,-0.03861681994266952,0.7505810595451001,0.996920115263805,0.1246023989408322,NS
GENE_0369,0.008942671024585458,0.7726000666499735,0.996920115263805,0.11204525872586782,NS
GENE_0368,-0.2626839054487,0.4524501664003895,0.996920115263805,0.3444292477276138,NS
GENE_0393,-0.9340132192507875,0.007612715347818147,0.996920115263805,2.118460408901427,NS
GENE_0366,0.14922497441399507,0.6770692122909282,0.996920115263805,0.16936693400372368,NS
GENE_0394,-0.12100755302709931,0.8184949800501797,0.996920115263805,0.08698397983565846,NS
GENE_0396,0.8395548413093632,0.04433282109670524,0.996920115263805,1.3532746317110624,NS
GENE_0424,0.31250472009924923,0.5008552587181996,0.996920115263805,0.30028776200114615,NS
GENE_0422,-0.22512805692980375,0.5321693334188357,0.996920115263805,0.2739501555469552,NS
GENE_0421,-0.27238534839483375,0.3334338184530258,0.996920115263805,0.47699035405003803,NS
GENE_0420,-0.3590692833406468,0.43725629715037284,0.996920115263805,0.3592639273084836,NS
GENE_0417,-0.3546734236755569,0.33770011265141076,0.996920115263805,0.47146879449080137,NS
GENE_0415,-0.6525763934250444,0.07103593869008747,0.996920115263805,1.1485218762680816,NS
GENE_0414,-0.3129287506799763,0.6783138419299037,0.996920115263805,0.16856932046639542,NS
GENE_0413,0.10234893360437525,0.8490082359087557,0.996920115263805,0.07108809680860637,NS
GENE_0412,0.6896371424370287,0.07851716517689737,0.996920115263805,1.1050353887747233,NS
GENE_0411,-0.17616552426729992,0.9701685891797863,0.996920115263805,0.013152790487859093,NS
GENE_0410,-0.7280308218934799,0.08662868438131331,0.996920115263805,1.062338281125346,NS
GENE_0409,-0.381494626210209,0.45142806559353654,0.996920115263805,0.3454114440320595,NS
GENE_0408,-0.7091301567317814,0.03921478368621753,0.996920115263805,1.4065501762714143,NS
GENE_0407,0.7103119734103078,0.05782258594944728,0.996920115263805,1.2379024896549466,NS
GENE_0405,0.16346375553958037,0.8583421016189696,0.996920115263805,0.0663395848392091,NS
GENE_0404,-0.057600962102118736,0.9201128863587056,0.996920115263805,0.036158886877150374,NS
GENE_0403,0.5542596509881941,0.07708520020124092,0.996920115263805,1.1130289953330734,NS
GENE_0401,0.29083005694068564,0.4412789660795199,0.996920115263805,0.3552867730588247,NS
GENE_0400,0.27061853044286366,0.6148535180734356,0.996920115263805,0.2112283376713091,NS
GENE_0399,-0.302316595335153,0.28382754596826254,0.996920115263805,0.546945457781018,NS
GENE_0397,0.06866532206029952,0.6106772024334597,0.996920115263805,0.21418829261614436,NS
GENE_0395,0.48296823041669423,0.2804053177433766,0.996920115263805,0.5522137544546458,NS
GENE_0486,-0.006324677879015361,0.8931742043875723,0.996920115263805,0.04906382820461611,NS
GENE_0244,-0.10063465192548193,0.9688132592418611,0.996920115263805,0.013759926041542875,NS
GENE_0242,0.18073130266408022,0.6708621395482042,0.996920115263805,0.1733667170662405,NS
GENE_0086,0.15895001636391637,0.7550982829999053,0.996920115263805,0.12199651726278446,NS
GENE_0085,0.6008344879537848,0.09506607645740994,0.996920115263805,1.0219744298100208,NS
GENE_0084,-0.2451524454956857,0.3991562258515241,0.996920115263805,0.3988570924185463,NS
GENE_0082,0.47833217608346246,0.3053568215975335,0.996920115263805,0.5151923735260666,NS
GENE_0081,0.12866988788993616,0.8370388376989673,0.996920115263805,0.07725439074384875,NS
GENE_0080,-0.2900978679718893,0.4869023658095539,0.996920115263805,0.31255811525583427,NS
GENE_0079,0.22789414249786866,0.561003958023859,0.996920115263805,0.2510340746763566,NS
GENE_0078,-0.30159456565703735,0.29114601458040734,0.996920115263805,0.5358891504557796,NS
GENE_0075,0.18968798554458832,0.7338771286891976,0.996920115263805,0.13437664689480264,NS
GENE_0087,-0.16015609679253373,0.5327274139426252,0.996920115263805,0.2734949540173626,NS
GENE_0073,0.7020757304706589,0.05120757826351223,0.996920115263805,1.2906657625694853,NS
GENE_0070,-0.16055464335706393,0.5372026929020395,0.996920115263805,0.26986181895647793,NS
GENE_0069,-0.12476004756185244,0.9783020239133879,0.996920115263805,0.009527048004067777,NS
GENE_0067,-0.16261516068931137,0.6208412540481136,0.996920115263805,0.2070194325195547,NS
GENE_0066,-0.3010425046624201,0.6908023989337546,0.996920115263805,0.16064616293740586,NS
GENE_0065,-0.6911091298795649,0.09273224443095893,0.996920115263805,1.0327692287085204,NS
GENE_0064,-0.13099173608563497,0.8198164880406662,0.996920115263805,0.08628335145856186,NS
GENE_0063,0.2297368953777248,0.40969400655421107,0.996920115263805,0.3875403893284608,NS
GENE_0062,-0.49805816377988954,0.26920005302528893,0.996920115263805,0.5699248589035284,NS
GENE_0059,0.30742245039043503,0.4617076968254933,0.996920115263805,0.3356328855507045,NS
GENE_0071,0.10542424148488383,0.44329738032318355,0.996920115263805,0.35330483516704814,NS
GENE_0088,0.10406587905899922,0.750581171119348,0.996920115263805,0.12460233438274625,NS
GENE_0089,-0.19977462740462393,0.5394469271524531,0.996920115263805,0.26805127642801707,NS
GENE_0090,-0.016327744917534304,0.7765048992917012,0.996920115263805,0.10985579978263624,NS
GENE_0117,-0.4408433085989296,0.29661875195197296,0.996920115263805,0.5278013967606456,NS
GENE_0115,-0.277647243993818,0.47947912947867544,0.996920115263805,0.31923029182910145,NS
GENE_0114,-0.8778262499861054,0.011649480610090586,0.996920115263805,1.9336934371443997,NS
GENE_0111,-0.328720639384092,0.5788921042057387,0.996920115263805,0.23740237394893915,NS
GENE_0110,0.3339527500649604,0.4837144392787591,0.996920115263805,0.31541094836616324,NS
GENE_0108,-0.13906804581194177,0.5507409039717058,0.996920115263805,0.25905266691894185,NS
GENE_0107,0.14173850425949652,0.9295645359513094,0.996920115263805,0.03172045351489797,NS
GENE_0106,-0.6294635488393654,0.12333587901094054,0.996920115263805,0.9089105666337933,NS
GENE_0104,-0.46837403931549026,0.171457358797926,0.996920115263805,0.7658438706146571,NS
GENE_0103,-0.0862999867034615,0.9322670934109581,0.996920115263805,0.030459644967460953,NS
GENE_0102,-0.21376520573736535,0.7357991622828253,0.996920115263805,0.1332407109546791,NS
GENE_0101,0.06923547212393366,0.9282137168501003,0.996920115263805,0.03235201800243271,NS
GENE_0100,-0.33980053232819074,0.46689607946884415,0.996920115263805,0.3307797728290908,NS
GENE_0099,0.5336992382514483,0.2023455534047095,0.996920115263805,0.6939063348998735,NS
GENE_0098,-0.21649351178923837,0.6262506679453073,0.996920115263805,0.20325179791542608,NS
GENE_0097,0.9377362355362182,0.007460005109096349,0.996920115263805,2.1272608750941417,NS
GENE_0096,-0.08980017630530757,0.9349702849448019,0.996920115263805,0.02920219157622374,NS
GENE_0094,0.11718474402129164,0.7583303803322594,0.996920115263805,0.12014154490178637,NS
GENE_0093,0.21107607047288113,0.4997755385575735,0.996920115263805,0.3012250041708394,NS
GENE_0092,-0.4478181278897386,0.43325481998873805,0.996920115263805,0.3632565970321234,NS
GENE_0091,0.05411328395842396,0.7921823840558221,0.996920115263805,0.10117481933189304,NS
GENE_0057,0.2974022202067186,0.5771488593285389,0.996920115263805,0.2387121583397993,NS
GENE_0056,0.22978879961038423,0.3515828706247346,0.996920115263805,0.45397229222845553,NS
GENE_0055,0.28659641449241224,0.6634426763661896,0.996920115263805,0.1781965956531028,NS
GENE_0054,0.560079248451741,0.22551309582653023,0.996920115263805,0.6468282330318906,NS
GENE_0025,0.3073589986009173,0.3640233281545673,0.996920115263805,0.43887078403180474,NS
GENE_0024,-0.009560987712275093,0.8737183429006958,0.996920115263805,0.05862854658544382,NS
GENE_0023,-0.029228426471828328,0.7687004815297928,0.996920115263805,0.11424284687965108,NS
GENE_0022,-0.3004220254809997,0.6172448392482281,0.996920115263805,0.2095425324942668,NS
GENE_0021,0.12563055516285893,0.8770680802535016,0.996920115263805,0.05696669428405698,NS
GENE_0020,-0.2552049889766872,0.5988144586514413,0.996920115263805,0.22270772196170457,NS
GENE_0019,-0.4081451211134013,0.5150169664742545,0.996920115263805,0.2881784635320644,NS
GENE_0018,-0.012167943059599118,0.9255125405860452,0.996920115263805,0.033617692232070416,NS
GENE_0017,-0.33533030305906397,0.45552430099007146,0.996920115263805,0.341488449636362,NS
GENE_0016,-0.5981254649283141,0.07539555216802325,0.996920115263805,1.1226542738365994,NS
GENE_0015,0.08069590085609146,0.7160265503950858,0.996920115263805,0.14507087367497207,NS
GENE_0014,0.9031597887503979,0.010990982793062393,0.996920115263805,1.958963472042343,NS
GENE_0013,-0.0855101875477775,0.7236610406676538,0.996920115263805,0.1404648076123048,NS
GENE_0012,0.6272564663331508,0.1016383234000283,0.996920115263805,0.9929425075740652,NS
GENE_0011,0.013680396247499615,0.94443712995156,0.996920115263805,0.024826947243360334,NS
GENE_0009,-0.25270728054265845,0.675826590921252,0.996920115263805,0.1701647245718102,NS
GENE_0008,-0.5298307672659215,0.1307445612278289,0.996920115263805,0.883576368065812,NS
GENE_0007,0.32543639315439865,0.5853023575398482,0.996920115263805,0.232619726587195,NS
GENE_0005,0.029192511851018565,0.8650211253002124,0.996920115263805,0.06297328618919722,NS
GENE_0004,-0.33770000606518824,0.3275209290723753,0.996920115263805,0.48476094272494524,NS
GENE_0002,0.19381572729946228,0.6964496766328736,0.996920115263805,0.15711025892448144,NS
GENE_0026,0.08846559118397757,0.5876429888336476,0.996920115263805,0.23088644104664177,NS
GENE_0119,-0.3230414287585601,0.4039252802847203,0.996920115263805,0.39369896499149665,NS
GENE_0029,-0.04279582659341852,0.7198418967388209,0.996920115263805,0.14276287983793506,NS
GENE_0031,-0.5520290908945036,0.2096623018644147,0.996920115263805,0.6784796504314561,NS
GENE_0053,0.23142724004406912,0.5106376292967574,0.996920115263805,0.291887184843578,NS
GENE_0052,-0.018263981827796982,0.7648066344337262,0.996920115263805,0.1164483533607996,NS
GENE_0051,-0.1992991349756874,0.5194162159322544,0.996920115263805,0.2844844960236891,NS
GENE_0050,0.16967153286791348,0.6065133924908668,0.996920115263805,0.21715960498592118,NS
GENE_0049,0.3801933964051214,0.256163972002566,0.996920115263805,0.5914819513311518,NS
GENE_0048,-0.2783725978275111,0.47002465033473273,0.996920115263805,0.32787936499274484,NS
GENE_0047,-0.5538432388943804,0.29231108037205444,0.996920115263805,0.5341547219219521,NS
GENE_0046,-0.020032411406611494,0.9430841852580413,0.996920115263805,0.025449537844705054,NS
GENE_0045,-0.07170835709942391,0.7648066344337262,0.996920115263805,0.1164483533607996,NS
GENE_0044,0.16397547757289122,0.628060114613389,0.996920115263805,0.20199878588795833,NS
GENE_0043,-0.9572985556859734,0.03303770473677217,0.996920115263805,1.480990132501175,NS
GENE_0042,-0.04506580512632574,0.9850816888950473,0.996920115263805,0.006527753700026228,NS
GENE_0040,0.2042286410049412,0.3887824146596063,0.996920115263805,0.41029338723602904,NS
GENE_0039,-0.03955952596997303,0.8743885282227739,0.996920115263805,0.05829554886511137,NS
GENE_0038,-0.3863515973870353,0.411628831394551,0.996920115263805,0.38549421389736344,NS
GENE_0037,0.12208208135458953,0.8503403818800424,0.996920115263805,0.07040719618954225,NS
GENE_0036,-0.6416050060602014,0.037937497563989134,0.996920115263805,1.4209313194672204,NS
GENE_0035,-0.27738329768638703,0.4514275421481623,0.996920115263805,0.34541194761078386,NS
GENE_0034,0.1319631417496776,0.5316115491286645,0.996920115263805,0.2744055926872313,NS
GENE_0033,0.14702121950673153,0.577730355987516,0.996920115263805,0.23827481249751284,NS
GENE_0032,0.8558220645926937,0.006911578206862899,0.996920115263805,2.160422773425774,NS
GENE_0030,0.7527433054027872,0.10838025733126695,0.996920115263805,0.9650498221608987,NS
GENE_0243,0.16617454084369943,0.6178439068953578,0.996920115263805,0.2091212319283754,NS
GENE_0120,-0.3130992515532016,0.490104897147418,0.996920115263805,0.3097109579781373,NS
GENE_0122,0.18304005062424977,0.591160825876561,0.996920115263805,0.22829435280898416,NS
GENE_0212,-0.06809241136967259,0.7058999345688444,0.996920115263805,0.15125685835986402,NS
GENE_0211,0.2448610999508416,0.6196418156649319,0.996920115263805,0.20785928216563734,NS
GENE_0210,-0.0583181339598271,0.8317307941494345,0.996920115263805,0.08001721882249768,NS
GENE_0209,-0.4214684970990774,0.30295676666607296,0.996920115263805,0.5186193429102561,NS
GENE_0208,0.5042119031483931,0.1837488245973683,0.996920115263805,0.7357754303254527,NS
GENE_0207,-0.4304576554184001,0.28804927633658506,0.996920115263805,0.5405332115099164,NS
GENE_0206,0.29378857594462104,0.4731642048693706,0.996920115263805,0.3249881174162842,NS
GENE_0205,-0.5861849895249023,0.06841766815272074,0.996920115263805,1.1648317317537575,NS
GENE_0204,-0.27419006285714165,0.4412791245925035,0.996920115263805,0.35528661705478415,NS
GENE_0213,-0.047155636215475916,0.9275383439993554,0.996920115263805,0.03266812781197382,NS
GENE_0203,-0.4987489676898047,0.20537190098807379,0.996920115263805,0.6874589769053098,NS
GENE_0200,0.13420313010415708,0.8636844811279045,0.996920115263805,0.06364488383060662,NS
GENE_0198,0.5892232396992432,0.03953964250618978,0.996920115263805,1.4029672616356739,NS
GENE_0197,0.19934751646149085,0.6328924413794996,0.996920115263805,0.1986700910639215,NS
GENE_0196,0.1458254370978791,0.5644444343482646,0.996920115263805,0.24837880492360187,NS
GENE_0195,-0.5073325841917429,0.13074451670131979,0.996920115263805,0.8835765159696354,NS
GENE_0194,-0.04859368459097002,0.8770679956085345,0.996920115263805,0.05696673619738698,NS
GENE_0193,0.23312516915105164,0.8377021983395174,0.996920115263805,0.07691034485905826,NS
GENE_0192,-0.29583919379274537,0.46481507789363996,0.996920115263805,0.3327197925372656,NS
GENE_0191,0.1453510836950782,0.8951907219358515,0.996920115263805,0.048084427633575316,NS
GENE_0201,-0.46825516494981123,0.26335094982013685,0.996920115263805,0.5794651109465218,NS
GENE_0214,-0.6893624386476178,0.15283688405710735,0.996920115263805,0.8157718250179037,NS
GENE_0215,0.17853038627255824,0.9572972496498844,0.996920115263805,0.018953188829012844,NS
GENE_0216,0.2937265738884296,0.38319292799669213,0.996920115263805,0.41658251462573187,NS
GENE_0241,0.16181389070890706,0.5673204027173169,0.996920115263805,0.24617159748903833,NS
GENE_0239,-0.06185219071860093,0.7817212033790392,0.996920115263805,0.10694810809452895,NS
GENE_0238,-0.12808964805426015,0.7402874185109958,0.996920115263805,0.13059963156833232,NS
GENE_0237,-0.0005427675641698215,0.9282137913850667,0.996920115263805,0.032351983128865676,NS
GENE_0236,-0.12811411211838486,0.8550062834222453,0.996920115263805,0.06803069363956839,NS
GENE_0234,-0.09370339778071468,0.6826750661770968,0.996920115263805,0.16578595890231101,NS
GENE_0233,-0.2575108606879981,0.42927460697221387,0.996920115263805,0.3672648007309338,NS
GENE_0232,-0.6638442847174035,0.08507181174351283,0.996920115263805,1.07021431808458,NS
GENE_0231,0.4407397012450076,0.23811921721526808,0.996920115263805,0.6232055538023286,NS
GENE_0230,0.3125203111261774,0.3325854875649751,0.996920115263805,0.478096705230623,NS
GENE_0229,-0.33359405797670405,0.405843851160095,0.996920115263805,0.39164102953541224,NS
GENE_0228,-0.42049312962201135,0.32500779744140607,0.996920115263805,0.48810621949757804,NS
GENE_0227,-0.36245561064887966,0.4648166790012359,0.996920115263805,0.33271829656385743,NS
GENE_0226,0.4723479742410541,0.21907325541636136,0.996920115263805,0.6594106381127339,NS
GENE_0225,-0.1492506009599337,0.8079437580492843,0.996920115263805,0.09261886994196632,NS
GENE_0224,0.28470921737948274,0.4352529050200129,0.996920115263805,0.3612583215777739,NS
GENE_0223,0.3329232598575098,0.25509745994385946,0.996920115263805,0.5932938657252065,NS
GENE_0221,-0.55360204145508,0.16933801238406965,0.996920115263805,0.7712455420941663,NS
GENE_0219,0.017393103269611743,0.9457900834188344,0.996920115263805,0.024205243861570934,NS
GENE_0218,0.27064160723103203,0.39536496794482956,0.996920115263805,0.4030018147954193,NS
GENE_0217,-0.3810496351690933,0.4377576553417163,0.996920115263805,0.3587662503990703,NS
GENE_0190,0.22765249643572272,0.6857966951667921,0.996920115263805,0.16380461206779973,NS
GENE_0189,0.27192600130547095,0.35422664559777706,0.996920115263805,0.4507187734654374,NS
GENE_0188,-0.47885484489064645,0.21907325541636136,0.996920115263805,0.6594106381127339,NS
GENE_0187,0.39204294742415513,0.16029192210728804,0.996920115263805,0.7950883633141396,NS
GENE_0146,-0.022090272091555008,0.8237835691138773,0.996920115263805,0.08418687457229349,NS
GENE_0145,-0.03643260023963357,0.9403788023304728,0.996920115263805,0.026697169141593743,NS
GENE_0144,-0.9515359183949599,0.01830443002633965,0.996920115263805,1.7374437898782953,NS
GENE_0143,0.18362619292287796,0.7185701755521114,0.996920115263805,0.14353081226627123,NS
GENE_0142,0.14351925716909886,0.6659129395664842,0.996920115263805,0.1765825461110235,NS
GENE_0141,-0.46329051436270596,0.24494999075865476,0.996920115263805,0.6109225725924855,NS
GENE_0140,0.18844061491667308,0.6671491932999518,0.996920115263805,0.1757770347768453,NS
GENE_0139,0.517524265005008,0.19172436385659553,0.996920115263805,0.7173226945494825,NS
GENE_0138,0.16861011514968816,0.6377397888940285,0.996920115263805,0.1953564863245693,NS
GENE_0137,-0.3661739343332844,0.4869013075520894,0.996920115263805,0.31255905917377147,NS
GENE_0136,-0.07697327409329358,0.8958631654155801,0.996920115263805,0.04775831962708571,NS
GENE_0135,-0.11976342204651402,0.7071635113688719,0.996920115263805,0.15048015639427711,NS
GENE_0134,0.6075124678367736,0.054538157054954746,0.996920115263805,1.2632995417590136,NS
GENE_0133,-0.284768846510997,0.40921195810864763,0.996920115263805,0.38805168369712506,NS
GENE_0132,0.17054095661875746,0.8066268740079346,0.996920115263805,0.09332731290250383,NS
GENE_0129,-0.45964510291274596,0.1674994198359867,0.996920115263805,0.7759866928806639,NS
GENE_0128,-0.18269773591594518,0.8357107944812867,0.996920115263805,0.07794398822006868,NS
GENE_0127,0.11427150452958923,0.9430839815020177,0.996920115263805,0.025449631675274635,NS
GENE_0126,-0.07077682206960478,0.9593288607760522,0.996920115263805,0.018032489870439962,NS
GENE_0125,-0.16948671552739025,0.727486706233581,0.996920115263805,0.13817493837250114,NS
GENE_0123,-0.009877161035054094,0.7674016525303312,0.996920115263805,0.11497726992264995,NS
GENE_0147,0.49154855675511566,0.13826702717306244,0.996920115263805,0.8592813746564614,NS
GENE_0121,0.6894697581849396,0.057822412186213416,0.996920115263805,1.2379037947596176,NS
GENE_0149,-0.44139479069400434,0.28574058421712756,0.996920115263805,0.5440280716585529,NS
GENE_0153,0.42036875346168046,0.27476373646194263,0.996920115263805,0.5610405863639911,NS
GENE_0183,-0.05661116850774395,0.9315911498237625,0.996920115263805,0.03077464594345494,NS
GENE_0182,0.20107309080286484,0.563296645044687,0.996920115263805,0.2492628353844228,NS
GENE_0181,-0.4458790786915836,0.30575752195685457,0.996920115263805,0.5146228500588983,NS
GENE_0178,-0.21191238523463074,0.685796557541154,0.996920115263805,0.16380469922199806,NS
GENE_0177,-0.36351045184037467,0.383193973559817,0.996920115263805,0.4165813296308039,NS
GENE_0175,0.33863086075518734,0.3735330643438425,0.996920115263805,0.4276709493331431,NS
GENE_0174,-0.38868185415138967,0.3085762363646217,0.996920115263805,0.5106375222556805,NS
GENE_0172,-0.3878013302347654,0.2655330350490279,0.996920115263805,0.575881440507139,NS
GENE_0171,0.28116539803034524,0.5450784659567172,0.996920115263805,0.26354097500936474,NS
GENE_0169,0.11662721784466612,0.7204771180004923,0.996920115263805,0.14237980761047062,NS
GENE_0168,0.6949051974923695,0.04187822151499292,0.996920115263805,1.3780117702268473,NS
GENE_0166,-0.2194518503879337,0.528271364265033,0.996920115263805,0.27714293025332287,NS
GENE_0165,0.963360642302165,0.01549469395483782,0.996920115263805,1.8098169973554996,NS
GENE_0164,-0.5370876577754418,0.09306204849209306,0.996920115263805,1.0312273919594177,NS
GENE_0161,-0.05128523335873947,0.8797491408909095,0.996920115263805,0.05564114859793642,NS
GENE_0160,-0.2150203967297344,0.5338447466198343,0.996920115263805,0.2725850266601377,NS
GENE_0159,-0.14193649343680725,0.7758538655222502,0.996920115263805,0.11022007174938805,NS
GENE_0158,-0.06560936871034517,0.779112108831814,0.996920115263805,0.10840004586541911,NS
GENE_0157,0.03358972050572273,0.8570074474250948,0.996920115263805,0.06701540402596215,NS
GENE_0156,-0.2707177034781072,0.4570657137667714,0.996920115263805,0.3400213555655636,NS
GENE_0154,0.2537940830069214,0.6148533953176254,0.996920115263805,0.21122842437842673,NS
GENE_0151,0.7949097029006111,0.0300813405833888,0.996920115263805,1.5217028131935948,NS
GENE_0487,0.10346595894134936,0.7674018877097224,0.996920115263805,0.11497713682794541,NS
GENE_0478,0.2941642411623695,0.537763851744111,0.996920115263805,0.26940839422073287,NS
GENE_0489,0.27804426078413513,0.29858929242883114,0.996920115263805,0.5249257703633452,NS
GENE_0827,-0.4497412054025185,0.2505124623100411,0.996920115263805,0.6011706642963103,NS
GENE_0825,0.19112914066384867,0.6597467858732673,0.996920115263805,0.18062271688040885,NS
GENE_0824,-0.2398818676986778,0.5644453353534147,0.996920115263805,0.24837811167333895,NS
GENE_0823,-0.4497989535548781,0.1220983850232342,0.996920115263805,0.9132900803641778,NS
GENE_0822,-0.15706150241744687,0.5547197927248537,0.996920115263805,0.255926337964988,NS
GENE_0821,-0.1951264458667099,0.4992351512938137,0.996920115263805,0.301694843446866,NS
GENE_0820,-0.27859046438035673,0.41066106803991,0.996920115263805,0.3865164676768422,NS
GENE_0819,-0.08948448597747394,0.8436840709413591,0.996920115263805,0.07382015045137583,NS
GENE_0818,-0.3673765633392492,0.46326078574999785,0.996920115263805,0.3341744605418709,NS
GENE_0817,-0.24885326446804523,0.6493154305825912,0.996920115263805,0.18754427626286121,NS
GENE_0816,-0.2964424084311661,0.4679374794572785,0.996920115263805,0.3298121685936602,NS
GENE_0815,0.1588425798226405,0.6783138419299037,0.996920115263805,0.16856932046639542,NS
GENE_0813,-0.1107218191318795,0.5575719469691471,0.996920115263805,0.2536990849512639,NS
GENE_0810,-0.4372211105016426,0.44430951384822526,0.996920115263805,0.35231438725980646,NS
GENE_0809,0.28313972401197063,0.6764478615060266,0.996920115263805,0.1697656718421877,NS
GENE_0808,0.1424154127473347,0.8092607055461334,0.996920115263805,0.09191154669355903,NS
GENE_0806,0.0780208855458957,0.7160300072766984,0.996920115263805,0.14506877696363632,NS
GENE_0805,0.2509823367822266,0.3317383300575314,0.996920115263805,0.47920434587351035,NS
GENE_0804,0.6651242708342728,0.0782297083558952,0.996920115263805,1.1066282888216152,NS
GENE_0802,0.22819870946364063,0.480007567695669,0.996920115263805,0.31875191557740934,NS
GENE_0801,-0.06793364717209638,0.9221372810390653,0.996920115263805,0.03520441955418858,NS
GENE_0830,-0.7100922122843958,0.11784861000259682,0.996920115263805,0.9286755355135404,NS
GENE_0799,-0.2850099513480089,0.4648166790012359,0.996920115263805,0.33271829656385743,NS
GENE_0831,-0.10439273676220306,0.9586517014095873,0.996920115263805,0.018339152611702558,NS
GENE_0835,-0.339525857648459,0.32084810134596076,0.996920115263805,0.49370052635069955,NS
GENE_0856,-0.03638809644219432,0.67955878506161,0.996920115263805,0.1677729687716496,NS
GENE_0855,0.0019092585785873695,0.8264307180272578,0.996920115263805,0.08279354867406406,NS
GENE_0854,-0.13594708577007708,0.8264307970608953,0.996920115263805,0.08279350714139802,NS
GENE_0853,-0.43672167489313996,0.2519177708683752,0.996920115263805,0.598741195273415,NS
GENE_0852,0.2403602383303003,0.4473527501174033,0.996920115263805,0.34934988847125253,NS
GENE_0851,-0.04142856289780994,0.8066272905992493,0.996920115263805,0.09332708860640328,NS
GENE_0850,0.12124989755933147,0.702114467263532,0.996920115263805,0.15359207811475145,NS
GENE_0849,0.48623146170448006,0.25191491831415136,0.996920115263805,0.5987461129716325,NS
GENE_0848,-0.0008040219211915556,0.8918302420904235,0.996920115263805,0.049717804749024035,NS
GENE_0847,0.633630993172118,0.09109351803988226,0.996920115263805,1.0405125251089475,NS
GENE_0846,0.3588155104650461,0.396310777030362,0.996920115263805,0.4019641175694719,NS
GENE_0845,0.2454079831797058,0.3906553781638562,0.996920115263805,0.4082061923685926,NS
GENE_0844,0.2583658237567672,0.5041057495945844,0.996920115263805,0.2974783491737097,NS
GENE_0843,-0.48314667401793443,0.2706760993207703,0.996920115263805,0.5675500907066394,NS
GENE_0842,0.24300801455024423,0.46898052562608583,0.996920115263805,0.3288451909495816,NS
GENE_0841,0.7988977877388033,0.052023807425767246,0.996920115263805,1.2837978666059058,NS
GENE_0840,-0.10549841741084087,0.6640596739265728,0.996920115263805,0.17779289217934544,NS
GENE_0839,0.0009665780153342851,0.8972077987105497,0.996920115263805,0.04710696009772159,NS
GENE_0838,0.40206189377553603,0.19114830054581233,0.996920115263805,0.7186295588369851,NS
GENE_0837,0.1115600590605661,0.566739802151482,0.996920115263805,0.24661628577433373,NS
GENE_0836,0.005754311257694766,0.9688132952997277,0.996920115263805,0.013759909877713526,NS
GENE_0833,-0.3377220974526294,0.42531594233413694,0.996920115263805,0.3712883380995647,NS
GENE_0857,0.42926399354820344,0.15089444793232717,0.996920115263805,0.821326739526682,NS
GENE_0797,0.1954644435128685,0.6770699172082868,0.996920115263805,0.16936648184675934,NS
GENE_0795,-0.27664838907059863,0.5172143645024085,0.996920115263805,0.28632942204086786,NS
GENE_0762,-0.06390740161861164,0.8563401747421174,0.996920115263805,0.0673536808065104,NS
GENE_0761,0.4552247202012216,0.35865925864214665,0.996920115263805,0.44531795354931963,NS
GENE_0758,-0.09411179605835063,0.8503402792326725,0.996920115263805,0.07040724861465335,NS
GENE_0756,-0.4414466815190474,0.22518759483101458,0.996920115263805,0.6474555376431973,NS
GENE_0755,0.01093001406952876,0.8563403226800713,0.996920115263805,0.06735360577951367,NS
GENE_0754,-0.16721369127655006,0.9498503675397623,0.996920115263805,0.02234480489022689,NS
GENE_0753,0.4588402641921485,0.05432327425788669,0.996920115263805,1.265014061458089,NS
GENE_0751,0.18315181789547363,0.5057342428417043,0.996920115263805,0.29607763965652434,NS
GENE_0750,-0.11488191274100856,0.7052683032801832,0.996920115263805,0.15164563411915957,NS
GENE_0749,0.44978500160547963,0.24015449057980243,0.996920115263805,0.6195092882013872,NS
GENE_0748,-0.2682993465233947,0.5800553453993035,0.996920115263805,0.23653056668743389,NS
GENE_0747,-0.08780023321695296,0.8211384844922719,0.996920115263805,0.08558359321065209,NS
GENE_0746,0.29856433107847824,0.6029547798754851,0.996920115263805,0.2197152576558058,NS
GENE_0745,-0.39168720402718016,0.21401690690313502,0.996920115263805,0.6695519169091938,NS
GENE_0744,0.05655509872140385,0.7115920248212748,0.996920115263805,0.14776892792302193,NS
GENE_0741,0.020001691817711276,0.974912757095827,0.996920115263805,0.011034246667745919,NS
GENE_0740,-0.25263244169622556,0.5725143912395056,0.996920115263805,0.24221359203200257,NS
GENE_0737,0.5111213536889219,0.4106602019034873,0.996920115263805,0.3865173836601066,NS
GENE_0488,0.2031817363083226,0.5970445757777507,0.996920115263805,0.2239932429215409,NS
GENE_0734,0.12299219146132767,0.5876434208944193,0.996920115263805,0.23088612173450226,NS
GENE_0733,0.8457983961178366,0.06997895637729792,0.996920115263805,1.155032538603046,NS
GENE_0763,0.311232506587114,0.3586583691253813,0.996920115263805,0.44531903065159006,NS
GENE_0796,-0.4606937216693714,0.2762605678800505,0.996920115263805,0.5586810997893412,NS
GENE_0764,0.097195803600294,0.7987396516806864,0.996920115263805,0.09759475543396642,NS
GENE_0766,-0.03810772960972919,0.9728792662300534,0.996920115263805,0.011941052088737705,NS
GENE_0794,0.4314347228219315,0.24633287834702355,0.996920115263805,0.6084776184827237,NS
GENE_0793,0.05199884231463692,0.8864574068953085,0.996920115263805,0.052342126836586844,NS
GENE_0792,-0.023259597129701604,0.8623485265108919,0.996920115263805,0.06431717437376051,NS
GENE_0789,-0.16769416481911215,0.5923354414835492,0.996920115263805,0.22743228123674158,NS
GENE_0788,0.3955267129986977,0.39206490127306537,0.996920115263805,0.4066420351946033,NS
GENE_0786,0.34162198696778656,0.3533444603852687,0.996920115263805,0.45180171301762834,NS
GENE_0785,-0.12223487874149175,0.5238340981497861,0.996920115263805,0.2808062352801789,NS
GENE_0784,0.4128180151158487,0.3744447236569636,0.996920115263805,0.4266122847271257,NS
GENE_0783,0.3176992523208746,0.5161151323820832,0.996920115263805,0.2872534073247539,NS
GENE_0782,-0.0960084476658496,0.8743885138129202,0.996920115263805,0.058295556022250124,NS
GENE_0781,-0.14381187367438475,0.9457902023825754,0.996920115263805,0.024205189234974712,NS
GENE_0780,-0.2757931416344359,0.411628831394551,0.996920115263805,0.38549421389736344,NS
GENE_0776,0.2032718154849089,0.6870468395263534,0.996920115263805,0.16301365383651958,NS
GENE_0774,-0.48985767179290995,0.10524004428001463,0.996920115263805,0.9778189778557953,NS
GENE_0773,0.2934736819903492,0.4068035426322615,0.996920115263805,0.3906152736968265,NS
GENE_0772,-0.11902336999541685,0.5888146407357437,0.996920115263805,0.23002139990749043,NS
GENE_0771,0.0007078192080456347,0.8516728534319299,0.996920115263805,0.0697271954134058,NS
GENE_0770,0.03968723730792778,0.7778084431440986,0.996920115263805,0.10912734687769488,NS
GENE_0769,-0.18078308357823225,0.8370388191122662,0.996920115263805,0.07725440038748944,NS
GENE_0768,0.8237595979175509,0.07567526724584066,0.996920115263805,1.1210460366655557,NS
GENE_0767,0.8681389010698792,0.014441363438959236,0.996920115263805,1.8403918021913637,NS
GENE_0765,0.11359081149600936,0.8543392689779978,0.996920115263805,0.0683696312017047,NS
GENE_0732,-0.12323467589243009,0.6077017218925704,0.996920115263805,0.21630953309915008,NS
GENE_0858,0.0803095725699201,0.7173001693507246,0.996920115263805,0.1442990666299517,NS
GENE_0864,0.3037980299234242,0.3317383300575314,0.996920115263805,0.47920434587351035,NS
GENE_0957,-0.5468608783569362,0.04709638025621878,0.996920115263805,1.3270124706876736,NS
GENE_0955,0.19843638862774338,0.6005873950193958,0.996920115263805,0.2214237869072123,NS
GENE_0954,-0.11417326158574603,0.6572864594641851,0.996920115263805,0.18224531438106226,NS
GENE_0952,-0.5142085306700217,0.1480147538155323,0.996920115263805,0.8296949928393761,NS
GENE_0951,-0.35462099195698826,0.3822663004204403,0.996920115263805,0.4176339865390192,NS
GENE_0950,0.08785517739977511,0.9667804810002717,0.996920115263805,0.014672126447514717,NS
GENE_0949,0.21894111457422039,0.6316815282244772,0.996920115263805,0.1995018226583829,NS
GENE_0948,-0.06163028714592489,0.5794738510360581,0.996920115263805,0.23696615695141762,NS
GENE_0946,0.1719715423419368,0.5541519138109176,0.996920115263805,0.25637116255347553,NS
GENE_0944,0.09849672393054298,0.8563403226800713,0.996920115263805,0.06735360577951367,NS
GENE_0943,0.09449645095735981,0.6591313580718203,0.996920115263805,0.18102802637591392,NS
GENE_0942,-0.15914537929493555,0.6523773610142669,0.996920115263805,0.18550111838156869,NS
GENE_0940,0.24733325706550957,0.5106371402574362,0.996920115263805,0.2918876007690173,NS
GENE_0938,-0.19986190550860883,0.7325978100969668,0.996920115263805,0.1351343838754388,NS
GENE_0937,-0.20255348135431905,0.5484729252995482,0.996920115263805,0.260844805980282,NS
GENE_0936,-0.08271389987722344,0.6920552747510837,0.996920115263805,0.15985921687172028,NS
GENE_0935,0.7329544352657029,0.0351199913023907,0.996920115263805,1.4544456003207242,NS
GENE_0934,-0.19526206798365386,0.7002217069628671,0.996920115263805,0.1547644301775727,NS
GENE_0932,0.0856208037980295,0.8357109818195374,0.996920115263805,0.0779438908658644,NS
GENE_0931,0.051375378077300304,0.8851152982789543,0.996920115263805,0.053000152867360074,NS
GENE_0929,0.19981212098844736,0.6065135173907632,0.996920115263805,0.21715951555124274,NS
GENE_0958,-0.5988935190623401,0.17172402066967662,0.996920115263805,0.7651689516961389,NS
GENE_0928,-0.6475488982257849,0.11705199845037098,0.996920115263805,0.9316211671142224,NS
GENE_0959,-0.21947419021912395,0.4637789905496743,0.996920115263805,0.3336889290378522,NS
GENE_0962,-0.26260986036218004,0.4125976754390476,0.996920115263805,0.38447322315598004,NS
GENE_0987,-0.286100034724182,0.6721024899206163,0.996920115263805,0.17256449567676724,NS
GENE_0986,0.04984165400554197,0.9539117223704849,0.996920115263805,0.02049181424904326,NS
GENE_0985,0.5457294752169455,0.15041160356966474,0.996920115263805,0.8227186586121378,NS
GENE_0984,-0.29601806521798846,0.3897188693439193,0.996920115263805,0.4092485660996638,NS
GENE_0983,0.10755345448904308,0.6389542485705438,0.996920115263805,0.1945302377801011,NS
GENE_0982,-0.24949362383549545,0.599400443811843,0.996920115263805,0.2222829398272058,NS
GENE_0981,0.06013223838125281,0.7622140977821021,0.996920115263805,0.11792302285281447,NS
GENE_0980,0.31499867563125417,0.3542268682832519,0.996920115263805,0.45071850044520095,NS
GENE_0979,-0.09494104562355599,0.920112849517697,0.996920115263805,0.036158904266154805,NS
GENE_0977,-0.8074705266256492,0.048049186783553584,0.996920115263805,1.3183139582223649,NS
GENE_0975,0.15138264233167043,0.8470107214488438,0.996920115263805,0.0721110923415466,NS
GENE_0974,-0.22148888095663466,0.6136582231716696,0.996920115263805,0.21207344175369086,NS
GENE_0973,0.5775722912673258,0.15479996361625828,0.996920115263805,0.81022914572845,NS
GENE_0972,-0.7384618483243006,0.035341426803841954,0.996920115263805,1.4517159211414552,NS
GENE_0971,0.03514145494238452,0.9783020239133879,0.996920115263805,0.009527048004067777,NS
GENE_0970,0.6747193251536832,0.08189326824548497,0.996920115263805,1.0867517964568816,NS
GENE_0969,-0.173080947802851,0.6995948502498659,0.996920115263805,0.1551533960434153,NS
GENE_0967,0.10641010417695806,0.7843327104622464,0.996920115263805,0.10549967243473772,NS
GENE_0966,-0.5640161654589457,0.19230520537570428,0.996920115263805,0.7160089599874789,NS
GENE_0965,0.061765915359472956,0.7173001380527466,0.996920115263805,0.1442990855795352,NS
GENE_0964,0.6001975835487112,0.11945420195410145,0.996920115263805,0.9227985687823933,NS
GENE_0960,-0.21933511289897378,0.6456514045149808,0.996920115263805,0.19000189989616226,NS
GENE_0863,0.21806135748394073,0.43826019244701175,0.996920115263805,0.3582679748986947,NS
GENE_0927,-0.12310816286202186,0.9633930457585441,0.996920115263805,0.016196492959918464,NS
GENE_0925,0.07390249907525615,0.9349702774389667,0.996920115263805,0.029202195062690544,NS
GENE_0895,0.10623394181693424,0.9579744388599065,0.996920115263805,0.01864607882353743,NS
GENE_0893,-0.06571010210496553,0.7338781356600549,0.996920115263805,0.1343760509890718,NS
GENE_0892,0.3725818221847499,0.2973994385860175,0.996920115263805,0.5266598556500592,NS
GENE_0889,0.13614996147302616,0.7961149751147182,0.996920115263805,0.0990242068200789,NS
GENE_0888,0.00869352421412195,0.7817212772105713,0.996920115263805,0.10694806707654796,NS
GENE_0887,0.06216997736178609,0.9187627301723698,0.996920115263805,0.036796630378157544,NS
GENE_0886,0.22232655041957106,0.5205187357873955,0.996920115263805,0.2835636336795978,NS
GENE_0885,0.36790336632942466,0.3179566541637914,0.996920115263805,0.49763208171550954,NS
GENE_0884,0.6171311706949867,0.12230529057254116,0.996920115263805,0.9125547562362835,NS
GENE_0883,0.14245245795637906,0.8066272905992493,0.996920115263805,0.09332708860640328,NS
GENE_0881,-0.4366686876383241,0.1754849076691698,0.996920115263805,0.7557602284736356,NS
GENE_0878,-0.060807292112011524,0.8824314169845923,0.996920115263805,0.05431903821501263,NS
GENE_0876,0.015871787812584692,0.7699975265413688,0.996920115263805,0.11351066990694682,NS
GENE_0874,0.5603106246958411,0.06600424419038053,0.996920115263805,1.180428137652075,NS
GENE_0871,0.5948981125098554,0.12520906514576402,0.996920115263805,0.9023642270340393,NS
GENE_0870,0.006651955721825864,0.8543391023642707,0.996920115263805,0.0683697158980683,NS
GENE_0869,-0.30297782273074425,0.47054668055877524,0.996920115263805,0.3273972859381937,NS
GENE_0868,0.5908576626694995,0.10856768367101301,0.996920115263805,0.964299427895898,NS
GENE_0867,0.11519349090618647,0.6511524350194978,0.996920115263805,0.18631733103504539,NS
GENE_0866,-0.1502963920974283,0.7570370480912976,0.996920115263805,0.12088286635474094,NS
GENE_0865,-0.25385572584742633,0.5994046672089314,0.996920115263805,0.22227987978344468,NS
GENE_0896,0.44097243886526893,0.19995061630441002,0.996920115263805,0.6990772529098447,NS
GENE_0926,-0.12309077653380207,0.6603620388075702,0.996920115263805,0.18021790029454332,NS
GENE_0897,0.3269629389416453,0.376736540291282,0.996920115263805,0.4239622548239318,NS
GENE_0899,-0.39833708794874845,0.28154321026384,0.996920115263805,0.550454941704268,NS
GENE_0924,0.2607501573590376,0.6377405279794311,0.996920115263805,0.19535598301501952,NS
GENE_0922,0.4226512409475651,0.24288670319531913,0.996920115263805,0.6145962599456533,NS
GENE_0921,-0.3394863627049398,0.2792703855162457,0.996920115263805,0.553975115458256,NS
GENE_0920,-0.06349311423688686,0.8198162831869265,0.996920115263805,0.08628345997901879,NS
GENE_0919,-0.3661347160115538,0.3604421941425039,0.996920115263805,0.4431643752660803,NS
GENE_0918,-0.026240224036269133,0.7948035920892977,0.996920115263805,0.09974017877782983,NS
GENE_0916,-0.850708492625964,0.03921480639816802,0.996920115263805,1.4065499247419913,NS
GENE_0915,0.14991177030438152,0.7454289036588602,0.996920115263805,0.1275937716892571,NS
GENE_0914,0.07331756543266899,0.8251062779473664,0.996920115263805,0.08349010847625574,NS
GENE_0913,-0.39666942052247744,0.5841352940897421,0.996920115263805,0.23348655242262162,NS
GENE_0912,-0.06636643003520248,0.7856395963847482,0.996920115263805,0.10477663614519155,NS
GENE_0911,-0.7053309472302116,0.052850891176060344,0.996920115263805,1.2769476851856505,NS
GENE_0910,-0.11638838265323503,0.8676958113583226,0.996920115263805,0.06163249901973666,NS
GENE_0908,-0.16085722359631038,0.921462485957003,0.996920115263805,0.03552234082852222,NS
GENE_0907,-0.12264155141506894,0.7557445591017703,0.996920115263805,0.12162497079332577,NS
GENE_0905,-0.23873707224476082,0.6100816557622364,0.996920115263805,0.21461203339313803,NS
GENE_0904,0.1756125940191744,0.6286619049391999,0.996920115263805,0.20158285581961743,NS
GENE_0903,-0.40149940059915146,0.46170748956734164,0.996920115263805,0.3356330805032522,NS
GENE_0902,-0.6800771579750968,0.10110675054792849,0.996920115263805,0.9952198471009633,NS
GENE_0901,-0.12393571928573,0.7467158005237078,0.996920115263805,0.12684465889317723,NS
GENE_0900,0.23939460193356865,0.7147606276303516,0.996920115263805,0.14583937848567324,NS
GENE_0898,-0.03269656819137534,0.8985527918546958,0.996920115263805,0.04645640209684393,NS
GENE_0731,0.5552635949690705,0.15827972725727402,0.996920115263805,0.8005747067681714,NS
GENE_0735,0.23655553720624756,0.36133460516059035,0.996920115263805,0.44209044388282687,NS
GENE_0729,0.41897521341195176,0.22486323357398197,0.996920115263805,0.648081548393861,NS
GENE_0577,-0.6767965138523273,0.11945424471369886,0.996920115263805,0.9227984133232,NS
GENE_0576,0.48641527430829434,0.11665553480156662,0.996920115263805,0.9330946509829202,NS
GENE_0574,-0.0020652336145383643,0.9214623954001412,0.996920115263805,0.03552238350887862,NS
GENE_0573,-0.1607332260597394,0.7817208096096029,0.996920115263805,0.10694832685786256,NS
GENE_0572,0.29988055683724646,0.7745517678555802,0.996920115263805,0.11094955047716644,NS
GENE_0571,-0.3686202696729328,0.40969487326594956,0.996920115263805,0.38753947057514426,NS
GENE_0570,-0.5725599948906916,0.19698436322569546,0.996920115263805,0.7055682471090882,NS
GENE_0568,-0.2958437761794608,0.4352529050200129,0.996920115263805,0.3612583215777739,NS
GENE_0566,-0.08919719117375724,0.8145345982917764,0.996920115263805,0.08909046380718794,NS
GENE_0580,-0.14247581859754277,0.7915274240891219,0.996920115263805,0.10153403351893539,NS
GENE_0565,-0.5515115554577035,0.2619027559550944,0.996920115263805,0.5818599315488324,NS
GENE_0562,0.09090643617990857,0.765455023868549,0.996920115263805,0.1160803222218219,NS
GENE_0560,-0.2807139271056993,0.22421460360175383,0.996920115263805,0.6493361042427844,NS
GENE_0558,-0.9526684386410755,0.016693008523702674,0.996920115263805,1.7774653848608981,NS
GENE_0557,0.03718700336489622,0.6752051168036945,0.996920115263805,0.17056427522246442,NS
GENE_0556,-0.8839040308306307,0.012254101547606538,0.996920115263805,1.911718525066376,NS
GENE_0555,-0.2944883549358934,0.33855738112423517,0.996920115263805,0.47036771340818495,NS
GENE_0553,-0.7292744564916536,0.038412336495672696,0.996920115263805,1.415529275331159,NS
GENE_0551,0.667231858855275,0.11547196735651752,0.996920115263805,0.9375234348196696,NS
GENE_0549,-0.4380250031591997,0.32043413266964615,0.996920115263805,0.4942612290405316,NS
GENE_0564,-0.04603492047186908,0.8046533201598076,0.996920115263805,0.09439119239124674,NS
GENE_0581,-0.19769720113191536,0.4550110781569767,0.996920115263805,0.3419780294442607,NS
GENE_0582,0.20891837450428508,0.6268541008142148,0.996920115263805,0.20283352868214877,NS
GENE_0583,0.21173838594851624,0.35466661763969975,0.996920115263805,0.4501796867948699,NS
GENE_0607,-0.09340821862074389,0.8377028277895715,0.996920115263805,0.07691001852998457,NS
GENE_0606,-0.09436446002229726,0.7364399018292631,0.996920115263805,0.13286268856183878,NS
GENE_0730,0.2352855033769723,0.47895085591337194,0.996920115263805,0.3197090462943774,NS
GENE_0604,0.12461373255528141,0.573671569887783,0.996920115263805,0.24133667242329204,NS
GENE_0603,0.43397976754075174,0.2611803959098049,0.996920115263805,0.5830594241339971,NS
GENE_0602,0.5281342181879429,0.2178012515467277,0.996920115263805,0.6619396289958728,NS
GENE_0601,0.27032783814044326,0.38319292799669213,0.996920115263805,0.41658251462573187,NS
GENE_0600,0.0930203011727544,0.7908724220646643,0.996920115263805,0.10189356816094797,NS
GENE_0599,-0.3639233941781681,0.23947456359725083,0.996920115263805,0.6207406094979334,NS
GENE_0598,0.30331974505003156,0.6100816144332999,0.996920115263805,0.2146120628136746,NS
GENE_0597,0.0375067317396649,0.9073036025514142,0.996920115263805,0.042247364704012774,NS
GENE_0596,1.000924269652999,0.015495063906745422,0.996920115263805,1.8098066282475662,NS
GENE_0595,0.14685488430594962,0.6438217491047277,0.996920115263805,0.19123435639127653,NS
GENE_0594,0.0020518924879171507,0.7185704872553356,0.996920115263805,0.14353062387693158,NS
GENE_0591,-0.8139741069029949,0.03086432419063885,0.996920115263805,1.5105432279626938,NS
GENE_0590,0.3114744722841696,0.22389071032481045,0.996920115263805,0.6499639257973483,NS
GENE_0589,0.0902560795866485,0.7791120092763097,0.996920115263805,0.10840010135988316,NS
GENE_0588,-0.3574619460127817,0.28959494194533997,0.996920115263805,0.5382090277801791,NS
GENE_0587,-0.2614788576517535,0.8350473220650587,0.996920115263805,0.07828891238539872,NS
GENE_0585,0.040431796394376995,0.7699996726596626,0.996920115263805,0.11350945945366415,NS
GENE_0584,-0.46066494762220067,0.30938352119367285,0.996920115263805,0.5095028220046105,NS
GENE_0548,0.14019259487674063,0.5332857904539995,0.996920115263805,0.27303998805841967,NS
GENE_0547,0.17719230721612078,0.7428569024197921,0.996920115263805,0.1290948369456925,NS
GENE_0546,0.13031730044264478,0.8158543208220692,0.996920115263805,0.08838738206882668,NS
GENE_0545,-0.313658897012826,0.5952766121885266,0.996920115263805,0.22528118010068585,NS
GENE_0514,0.7921730562124871,0.016310052002269957,0.996920115263805,1.7875446542716258,NS
GENE_0513,0.45099947275376895,0.21843637515885628,0.996920115263805,0.6606750389739249,NS
GENE_0512,0.2411390294739908,0.4653361619704055,0.996920115263805,0.3322331964803611,NS
GENE_0511,0.2989320962671522,0.29898489473395606,0.996920115263805,0.5243507524762485,NS
GENE_0510,-0.34999851484209366,0.2640768946967864,0.996920115263805,0.5782695955543713,NS
GENE_0509,0.02302744632189313,0.8891433806235269,0.996920115263805,0.05102820034289175,NS
GENE_0508,-0.13103369347535843,0.6100814904464116,0.996920115263805,0.21461215107535242,NS
GENE_0507,-0.25276183398982166,0.5940989429172306,0.996920115263805,0.22614122036463952,NS
GENE_0506,0.44087015061665635,0.286506451464277,0.996920115263805,0.5428655942767308,NS
GENE_0504,-0.314348196285275,0.5644448848515349,0.996920115263805,0.24837845829779717,NS
GENE_0503,0.2625264511288501,0.38598193484222965,0.996920115263805,0.41343302118816927,NS
GENE_0501,0.24120002884299208,0.2872786168997179,0.996920115263805,0.5416966987837739,NS
GENE_0500,0.12007015129903564,0.6820513959785034,0.996920115263805,0.16618289785255935,NS
GENE_0499,0.5702628670006122,0.11045193642194467,0.996920115263805,0.9568266657591081,NS
GENE_0498,0.07478186471369774,0.9844036665353438,0.996920115263805,0.00682677738176855,NS
GENE_0496,0.11339554519458872,0.7454289036588602,0.996920115263805,0.1275937716892571,NS
GENE_0495,0.030946323097558626,0.8945181702423991,0.996920115263805,0.04841083323427018,NS
GENE_0494,0.5389070284613346,0.08725546821722459,0.996920115263805,1.0592073466936973,NS
GENE_0493,-0.538717054545307,0.13804083828561714,0.996920115263805,0.8599924120166537,NS
GENE_0492,-0.2460861060010151,0.6280600748499712,0.996920115263805,0.20199881338378728,NS
GENE_0490,0.03769931685254235,0.8998982539224316,0.996920115263805,0.04580659084730969,NS
GENE_0515,-0.4487385125729091,0.12046493546103816,0.996920115263805,0.919139347710471,NS
GENE_0608,0.3227676539269213,0.2463320040340773,0.996920115263805,0.6084791599333186,NS
GENE_0516,-0.2221309905532376,0.39489208328468217,0.996920115263805,0.40352157282268886,NS
GENE_0519,-0.1415371929407252,0.655443869245611,0.996920115263805,0.18346449439445262,NS
GENE_0544,0.055965891265273626,0.7313193878777713,0.996920115263805,0.13589291291963368,NS
GENE_0543,0.32932575464556635,0.41648627719271303,0.996920115263805,0.3803993035913199,NS
GENE_0542,-0.046299438048101216,0.9336185667582493,0.996920115263805,0.029830520115561525,NS
GENE_0541,0.009057303312771658,0.8770681366833823,0.996920115263805,0.056966666341887386,NS
GENE_0539,-0.28827739084744053,0.4922453492390122,0.996920115263805,0.30781837840848353,NS
GENE_0538,0.33545360236971256,0.3524635548242726,0.996920115263805,0.45288578294775017,NS
GENE_0537,-0.08505246663596999,0.8079438451795361,0.996920115263805,0.09261882310679351,NS
GENE_0535,-0.024869962134681955,0.9167398927277276,0.996920115263805,0.037753869539459715,NS
GENE_0534,0.015414174410133263,0.9174143716870921,0.996920115263805,0.03743446074261131,NS
GENE_0533,-0.061904316219411726,0.9295645359513094,0.996920115263805,0.03172045351489797,NS
GENE_0532,-0.1832904518828835,0.6041396050592227,0.996920115263805,0.21886269266836128,NS
GENE_0531,0.10148141235128705,0.7544525892865025,0.996920115263805,0.12236804662159004,NS
GENE_0530,0.4443215305800683,0.15727956732076348,0.996920115263805,0.8033276942631052,NS
GENE_0529,0.6991952443943896,0.06513287977741039,0.996920115263805,1.186199719556771,NS
GENE_0528,0.7193871732967292,0.1034268811169386,0.996920115263805,0.9853665714595053,NS
GENE_0527,-0.5432135598584278,0.19057182375054582,0.996920115263805,0.7199413098583711,NS
GENE_0525,0.09446957967828773,0.7732503040047434,0.996920115263805,0.11167990058109564,NS
GENE_0524,0.39785391024606476,0.2533276835588124,0.996920115263805,0.596317348070158,NS
GENE_0523,-0.1644687695488436,0.8945183522024036,0.996920115263805,0.04841074489149473,NS
GENE_0522,-0.9598594845430064,0.011288587139027686,0.996920115263805,1.9473604102557949,NS
GENE_0520,0.11447699691433133,0.6487051825708958,0.996920115263805,0.1879526324336529,NS
GENE_0517,-0.16392194115226655,0.704637264928964,0.996920115263805,0.15203439276836744,NS
GENE_0609,0.12113027684018984,0.8837732450623195,0.996920115263805,0.05365915020264436,NS
GENE_0605,0.9322798152292711,0.006771502874168567,0.996920115263805,2.1693149328623136,NS
GENE_0611,0.3091200097146425,0.3790349855570636,0.996920115263805,0.4213207020816897,NS
GENE_0696,0.3726625967623658,0.2872786168997179,0.996920115263805,0.5416966987837739,NS
GENE_0694,0.5107230798561639,0.29661869607590474,0.996920115263805,0.5278014785716243,NS
GENE_0692,-0.16791392607816036,0.4742134535118483,0.996920115263805,0.32402612917884127,NS
GENE_0691,0.6593063477046366,0.11705199845037098,0.996920115263805,0.9316211671142224,NS
GENE_0690,0.3076110380506547,0.35776962340550666,0.996920115263805,0.44639653617614855,NS
GENE_0688,-0.3092557685624815,0.5935096313693755,0.996920115263805,0.22657222899812882,NS
GENE_0685,0.16011773609434687,0.976946290745073,0.996920115263805,0.010129311689837994,NS
GENE_0683,-0.6141975547015344,0.08979943731950941,0.996920115263805,1.046726384599931,NS
GENE_0679,0.47422825985448647,0.37216540175745894,0.996920115263805,0.4292640033821275,NS
GENE_0697,-0.44695390490285636,0.26993738416857227,0.996920115263805,0.5687369649662338,NS
GENE_0678,-0.415596610502881,0.3229222926691415,0.996920115263805,0.4909019727932831,NS
GENE_0674,0.4056854787274027,0.3110053070177077,0.996920115263805,0.5072322000765677,NS
GENE_0673,0.2186480416708605,0.5282715073968149,0.996920115263805,0.2771428125839982,NS
GENE_0672,-0.04145651924025362,0.9755904463350347,0.996920115263805,0.010732461253235046,NS
GENE_0671,-0.6557621637344102,0.15529185995856187,0.996920115263805,0.8088513083907608,NS
GENE_0670,-0.02228278669631223,0.656057163478829,0.996920115263805,0.18305831809105905,NS
GENE_0668,-0.38673554228046036,0.4752642857521635,0.996920115263805,0.3230648200067832,NS
GENE_0610,-0.27729840362692926,0.5003156896421193,0.996920115263805,0.30075587765196216,NS
GENE_0666,-0.23820893619171812,0.49869586804208477,0.996920115263805,0.3021642301252427,NS
GENE_0665,0.07728104983479867,0.7987396516806864,0.996920115263805,0.09759475543396642,NS
GENE_0675,-0.3524694329964335,0.39347695442953234,0.996920115263805,0.40508069877423486,NS
GENE_0698,0.7662857101368825,0.08055855866660581,0.996920115263805,1.0938883126721572,NS
GENE_0699,-0.48996570799415373,0.1674992232672491,0.996920115263805,0.7759872025467167,NS
GENE_0700,-0.04613457943407173,0.8972076213372749,0.996920115263805,0.04710704595547069,NS
GENE_0728,0.4314094446772305,0.39536447595725377,0.996920115263805,0.40300235522676653,NS
GENE_0727,-0.189668317762119,0.6702433390723611,0.996920115263805,0.173767493374165,NS
GENE_0726,0.0826018588681352,0.6148533953176254,0.996920115263805,0.21122842437842673,NS
GENE_0725,-0.5175441011012092,0.18319134597603481,0.996920115263805,0.7370950464084899,NS
GENE_0724,0.13053854434130496,0.6438224777331576,0.996920115263805,0.1912338648901307,NS
GENE_0723,0.6589653707963965,0.04862863327595846,0.996920115263805,1.3131079362523153,NS
GENE_0722,-0.560629363908375,0.08788590659740385,0.996920115263805,1.0560807628978988,NS
GENE_0721,-0.013098016935431112,0.8039956717165869,0.996920115263805,0.09474628925485992,NS
GENE_0720,0.09972034304031663,0.8317307941494345,0.996920115263805,0.08001721882249768,NS
GENE_0719,0.09658270456142048,0.8317307941494345,0.996920115263805,0.08001721882249768,NS
GENE_0718,-0.29856224865614855,0.4965398507595553,0.996920115263805,0.3040458906319352,NS
GENE_0717,-0.03999393061022971,0.8145343876550786,0.996920115263805,0.08909057611471617,NS
GENE_0716,-0.528414126917256,0.1202634639415701,0.996920115263805,0.9198662913516192,NS
GENE_0714,0.8487005400766678,0.05918074902482586,0.996920115263805,1.2278195424655158,NS
GENE_0713,-0.1266343354875401,0.7281248151895995,0.996920115263805,0.1377941675251623,NS
GENE_0709,-0.36874738906222326,0.35954994890778147,0.996920115263805,0.4442407686241127,NS
GENE_0707,-0.48005377211707145,0.31222481273715463,0.996920115263805,0.5055325861979252,NS
GENE_0706,0.23599728934459474,0.5304971555607196,0.996920115263805,0.2753169403726224,NS
GENE_0704,0.2808403957901824,0.5106376292967574,0.996920115263805,0.291887184843578,NS
GENE_0703,-0.03400053408089665,0.9444370657813846,0.996920115263805,0.024826976751681364,NS
GENE_0702,-0.07703596971842419,0.9349698646140246,0.996920115263805,0.029202386820266386,NS
GENE_0664,0.06811527278540552,0.8703717650693338,0.996920115263805,0.060295205965607744,NS
GENE_0663,0.20824422375329643,0.5552902022362425,0.996920115263805,0.2554799893264144,NS
GENE_0667,-0.20005314936177498,0.5864729346441698,0.996920115263805,0.2317520255022647,NS
GENE_0660,0.21429297257790303,0.6995942221156111,0.996920115263805,0.15515378597676477,NS
GENE_0634,-0.13509422407741312,0.9187633295266011,0.996920115263805,0.036796347066545165,NS
GENE_0632,0.10827051712651237,0.8430190205002017,0.996920115263805,0.07416262655545723,NS
GENE_0661,0.5255507204138974,0.19028352752741695,0.996920115263805,0.7205988061091273,NS
GENE_0630,0.28412070062953276,0.6487049551530951,0.996920115263805,0.18795278468511611,NS
GENE_0629,0.14703498247054725,0.4653356973867162,0.996920115263805,0.3322336300727828,NS
GENE_0626,-0.029788968897127788,0.9823696354379445,0.996920115263805,0.007725069824190457,NS
GENE_0625,1.2779991429899606,0.011206720848100335,0.996920115263805,1.950521445915962,NS
GENE_0624,0.16332502931894055,0.8610126212530155,0.996920115263805,0.06499048234383108,NS
GENE_0635,0.011772307824608141,0.6908020597279251,0.996920115263805,0.16064637618978655,NS
GENE_0623,0.08100611471208019,0.9525578482850471,0.996920115263805,0.02110864039973451,NS
GENE_0621,0.06901572893466579,0.9046098864140082,0.996920115263805,0.04353867019214839,NS
GENE_0620,-0.11030409894263205,0.6659125765229834,0.996920115263805,0.17658278288046092,NS
GENE_0618,-0.13255733685110638,0.7096927923111547,0.996920115263805,0.1489296054733652,NS
GENE_0617,0.5099447456237955,0.1521064417929018,0.996920115263805,0.8178523929432588,NS
GENE_0615,0.20521478279176275,0.7843328564503265,0.996920115263805,0.10549959159938449,NS
GENE_0614,-0.39079168220489,0.22227658197735856,0.996920115263805,0.6531062901293497,NS
GENE_0613,-0.27657363271756896,0.4322579834456235,0.996920115263805,0.36425697692191067,NS
GENE_0612,-0.2632218318830075,0.4203972336681323,0.996920115263805,0.3763401504140571,NS
GENE_0622,0.39362899846490595,0.32084810134596076,0.996920115263805,0.49370052635069955,NS
GENE_0636,-0.12525124643571228,0.6783138419299037,0.996920115263805,0.16856932046639542,NS
GENE_0631,0.9732418962932012,0.0209765667809978,0.996920115263805,1.6782655909793955,NS
GENE_0638,-0.538095957069415,0.23609468717861515,0.996920115263805,0.6269137857081066,NS
GENE_0657,0.11514486803889756,0.5249408532467092,0.996920115263805,0.2798896271762267,NS
GENE_0655,0.016810314671287685,0.9336185667582493,0.996920115263805,0.029830520115561525,NS
GENE_0654,-0.1243568007645175,0.5621499397992097,0.996920115263805,0.2501478315086637,NS
GENE_0653,-0.5573013415292722,0.13468660240458724,0.996920115263805,0.870675602429494,NS
GENE_0651,0.3684752375577709,0.22227658197735856,0.996920115263805,0.6531062901293497,NS
GENE_0650,-0.34633936650212505,0.27215746163620413,0.996920115263805,0.5651797542992991,NS
GENE_0648,-0.5498589332263295,0.13358244208151382,0.996920115263805,0.8742506212633248,NS
GENE_0637,0.0897068241964405,0.702114500074672,0.996920115263805,0.1535920578193475,NS
GENE_0645,-0.39384502751533645,0.20415848656094315,0.996920115263805,0.6900325623979369,NS
GENE_0644,0.2766479672611757,0.31672263432363257,0.996920115263805,0.4993208990196202,NS
GENE_0647,0.45287751106002183,0.2773868895141387,0.996920115263805,0.5569140693846496,NS
GENE_1998,-0.19473140932163968,0.6304739263831218,0.996920115263805,0.20033286922107854,NS
GENE_0639,-0.28454972388488464,0.49439055332463044,0.996920115263805,0.30592983621653247,NS
GENE_0643,-0.12868574009094402,0.585303833031416,0.996920115263805,0.23261863177349737,NS
GENE_0642,-0.0416882145877846,0.7869469405936849,0.996920115263805,0.10405454868820602,NS
GENE_0640,0.6317561808581749,0.15479953407988023,0.996920115263805,0.8102303508032653,NS
GENE_0641,0.012605982563688833,0.8463452408134985,0.996920115263805,0.07245244358613286,NS
GENE_1132,0.04246288180890012,0.991862387477611,0.9974731920679214,0.003548578354714922,NS
GENE_0180,-0.1039776277321689,0.9918624025386111,0.9974731920679214,0.0035485717601416483,NS
GENE_0240,0.003555332316884652,0.9898280658945681,0.9974731920679214,0.004440236228706237,NS
GENE_0561,-0.021543740001761513,0.9918624053625393,0.9974731920679214,0.0035485705236632512,NS
GENE_1880,-0.05896853862602214,0.9905061386257288,0.9974731920679214,0.004142828592855297,NS
GENE_1260,0.0032227596405389747,0.9918624025386111,0.9974731920679214,0.0035485717601416483,NS
GENE_1503,0.07085614343919211,0.9877938725638737,0.9974731920679214,0.005333672161058433,NS
GENE_0271,-0.12080391880538421,0.9877938598570097,0.9974731920679214,0.00533367774777152,NS
GENE_1510,-0.08906495965476413,0.9864377555683607,0.9974731920679214,0.005930313621164294,NS
GENE_1450,0.047209061132966745,0.9891499962746462,0.9974731920679214,0.004737846304766953,NS
GENE_1574,0.00697178586835534,0.9932186328587888,0.9982096812651143,0.0029551416427965986,NS
GENE_1267,0.08016961009566526,0.9945748727323804,0.9983185774387325,0.002362517124225705,NS
GENE_0676,-0.07894680248364772,0.9945748827733373,0.9983185774387325,0.002362512739707005,NS
GENE_0152,0.0938211008200307,0.9959311483635865,0.9984272178201562,0.0017706845876898389,NS
GENE_1620,0.004586174368684581,0.9959311497756058,0.9984272178201562,0.0017706839719523132,NS
GENE_0593,-0.11632910284967224,0.99864371089586,0.99864371089586,0.0005894286820598938,NS
GENE_0118,-0.09478445364698995,0.99864371089586,0.99864371089586,0.0005894286820598938,NS
GENE_1974,-0.10566254154743238,0.9986437099545016,0.99864371089586,0.0005894290914419084,NS
GENE_1775,-0.12126195425841324,0.9986437060321535,0.99864371089586,0.0005894307972095691,NS
