gene,log2FC,pval,padj,-log10p,significance
GENE_1990,1.1286779635144644,0.0007005151292930259,0.71321302267415,3.1545824806529787,NS
GENE_1738,-1.0768445445443522,0.0015166719867279624,0.71321302267415,2.8191083346762564,NS
GENE_1165,1.1751677952584165,0.0016736203550431618,0.71321302267415,2.776343050768624,NS
GENE_0271,-1.322679264691149,0.001783032556685375,0.71321302267415,2.748840726897712,NS
GENE_1545,-0.9861864994067142,0.002737311751350544,0.8750860036885908,2.56267573814665,NS
GENE_0084,1.071886313013362,0.0032815725138322155,0.8750860036885908,2.483917994573524,NS
GENE_0997,0.4271596952255656,0.20129207178896535,0.9170895531169114,0.696173330159087,NS
GENE_0944,-0.37289627812413517,0.12487294171756554,0.9170895531169114,0.9035316571889486,NS
GENE_0945,-0.6270796239634144,0.06696081058712758,0.9170895531169114,1.1741792976762981,NS
GENE_0946,-0.7268885011474389,0.04888353631029913,0.9170895531169114,1.3108373840974008,NS
GENE_0955,-0.49790201174056925,0.2018882546637869,0.9170895531169114,0.6948889464505269,NS
GENE_0960,0.7991064612214887,0.024128116647919425,0.9170895531169114,1.6174765761988614,NS
GENE_0970,-0.6441921844298433,0.1248725490422109,0.9170895531169114,0.9035330228731832,NS
GENE_0943,-0.4820378158776908,0.2175327545085276,0.9170895531169114,0.6624753408642831,NS
GENE_0974,0.593625238578416,0.18792795907945936,0.9170895531169114,0.7260086027061158,NS
GENE_0975,0.5736979699409144,0.15665992899893844,0.9170895531169114,0.8050420746233381,NS
GENE_0977,0.4983039824112643,0.15225942547106627,0.9170895531169114,0.8174158132870679,NS
GENE_0981,0.7344900396800078,0.07108880051901675,0.9170895531169114,1.1481988135586096,NS
GENE_0986,-0.868211504329417,0.03199741800627508,0.9170895531169114,1.4948850651447394,NS
GENE_0987,-0.4593406732220551,0.19891961400433722,0.9170895531169114,0.7013223921703025,NS
GENE_0966,0.8120089040108551,0.077954613844136,0.9170895531169114,1.1081581754366572,NS
GENE_0942,0.6736611196317277,0.08596623514081515,0.9170895531169114,1.0656720926100283,NS
GENE_0916,0.5349850493149946,0.20914521968718935,0.9170895531169114,0.6795520573907904,NS
GENE_0924,-0.6954025318656685,0.11956622004907067,0.9170895531169114,0.9223915002677248,NS
GENE_0856,0.4225915699360474,0.2333670033076759,0.9170895531169114,0.6319605505805266,NS
GENE_0857,-0.41376966017180106,0.21471026984094876,0.9170895531169114,0.6681471822587413,NS
GENE_0866,0.47984642828395163,0.23602791406992896,0.9170895531169114,0.6270366317347895,NS
GENE_0867,-0.45038237882116583,0.13737162441317505,0.9170895531169114,0.8621029662098934,NS
GENE_0874,-0.6094486745049021,0.06874195833275507,0.9170895531169114,1.1627780997665176,NS
GENE_0878,0.6655388824073247,0.10688750649174432,0.9170895531169114,0.971073054181144,NS
GENE_0884,0.48795430288979524,0.11956626282711687,0.9170895531169114,0.9223913448871659,NS
GENE_0934,0.7140799074661688,0.08704880465469009,0.9170895531169114,1.0602371881932482,NS
GENE_0886,-0.7175719012531729,0.06327204332195158,0.9170895531169114,1.1987881401082738,NS
GENE_0895,-0.8100922811456535,0.03704041132854556,0.9170895531169114,1.4313241991843335,NS
GENE_0897,0.47896638225421384,0.20549356289798715,0.9170895531169114,0.6872017778836265,NS
GENE_0898,0.37836322774295716,0.19106155918042733,0.9170895531169114,0.7188266824643724,NS
GENE_0899,0.45856640055963105,0.2300710303431983,0.9170895531169114,0.6381380625749753,NS
GENE_0900,-0.5750382640402298,0.15567322434810388,0.9170895531169114,0.8077860792614091,NS
GENE_0911,0.36402859149596,0.2216562321647758,0.9170895531169114,0.6543200534162041,NS
GENE_0993,-0.6571934870003728,0.16497827268198917,0.9170895531169114,0.7825732477597083,NS
GENE_0887,0.42987653053737773,0.2307231175032325,0.9170895531169114,0.6369088887858029,NS
GENE_0995,-0.5467889214857502,0.1451344162693475,0.9170895531169114,0.8382295894676377,NS
GENE_1014,0.8677208916612216,0.029264034108612013,0.9170895531169114,1.5336658056766608,NS
GENE_0853,0.5202730868896639,0.21974610785101534,0.9170895531169114,0.6580788084216369,NS
GENE_1144,-0.553098840866662,0.14513460237606932,0.9170895531169114,0.8382290325696077,NS
GENE_1148,0.608597758693378,0.10219586191856471,0.9170895531169114,0.9905666891554865,NS
GENE_1150,0.44734060746458404,0.13781903971336495,0.9170895531169114,0.8606907804599283,NS
GENE_1156,-0.5125086670041243,0.08783391023818962,0.9170895531169114,1.0563377826575542,NS
GENE_1158,-0.4685362800523416,0.22486529678253042,0.9170895531169114,0.6480775635895752,NS
GENE_1167,-0.957180012848899,0.013430554430896944,0.9170895531169114,1.8719060587155674,NS
GENE_1170,0.4910370927113554,0.1631865028453512,0.9170895531169114,0.7873157645906804,NS
GENE_1174,0.42183123903732955,0.23803480871561677,0.9170895531169114,0.6233595298017401,NS
GENE_1177,-0.6955103040500967,0.08428209187080066,0.9170895531169114,1.0742646937963625,NS
GENE_1179,0.46307421279494054,0.13962086115003375,0.9170895531169114,0.8550496876907896,NS
GENE_1185,0.4414120505997632,0.17630997225414025,0.9170895531169114,0.753723122910756,NS
GENE_1187,0.2938415526845821,0.22038064486002107,0.9170895531169114,0.6568265504718113,NS
GENE_1189,-0.6922778214243452,0.06696081058712758,0.9170895531169114,1.1741792976762981,NS
GENE_1190,-0.4107961875502859,0.19950977651444124,0.9170895531169114,0.7000358178607293,NS
GENE_1202,0.544420343804263,0.20792260354068737,0.9170895531169114,0.6820982953756723,NS
GENE_1203,0.5833541451435433,0.06899944748620912,0.9170895531169114,1.1611543868663863,NS
GENE_1205,-0.7422917896568411,0.06771890277086613,0.9170895531169114,1.1692900872497336,NS
GENE_1143,0.47904510133774636,0.2307271091851658,0.9170895531169114,0.636901375232501,NS
GENE_0996,0.5865648928784895,0.24073568122482913,0.9170895531169114,0.6184595349406176,NS
GENE_1137,-0.4778691395819239,0.14653857170030132,0.9170895531169114,0.8340480458098469,NS
GENE_1116,-0.9956744644375455,0.009081424096834632,0.9170895531169114,2.0418460425690688,NS
GENE_1016,-0.5590560431736948,0.14052826818171965,0.9170895531169114,0.8522363057910677,NS
GENE_1017,0.5187151391894398,0.15914501002073145,0.9170895531169114,0.7982069740988106,NS
GENE_1019,-0.5356990254488219,0.13426976780503141,0.9170895531169114,0.872021762115196,NS
GENE_1027,-0.9734787764652255,0.008903808082190198,0.9170895531169114,2.0504242096059677,NS
GENE_1035,-0.8078318682580035,0.027200563113561598,0.9170895531169114,1.5654221049885577,NS
GENE_1047,-0.48171000766061667,0.18991911005092688,0.9170895531169114,0.7214313334614996,NS
GENE_1048,0.6583131081650135,0.08689596718634107,0.9170895531169114,1.061000378549718,NS
GENE_1054,0.5422119716890563,0.11443702530717483,0.9170895531169114,0.9414334398345311,NS
GENE_1064,-0.5359686402374848,0.16216680068080647,0.9170895531169114,0.790038051215534,NS
GENE_1072,-0.9142831975719128,0.0050065761526790235,0.9170895531169114,2.300459173598924,NS
GENE_1074,-0.5505245578251055,0.1061549886542656,0.9170895531169114,0.9740595917559993,NS
GENE_1097,-0.5288762535195213,0.15250142648488302,0.9170895531169114,0.8167260939459444,NS
GENE_1099,0.7086470935649274,0.06448263578291953,0.9170895531169114,1.1905572186815372,NS
GENE_1103,0.5384655892842778,0.10184171737255393,0.9170895531169114,0.992074285717963,NS
GENE_1107,-0.4294200537629864,0.1375948276989101,0.9170895531169114,0.8613978912752293,NS
GENE_1108,0.6077062390303096,0.11366405980985071,0.9170895531169114,0.9443768360483925,NS
GENE_1109,-0.45176566464783363,0.2036849983569099,0.9170895531169114,0.6910409561286096,NS
GENE_1128,0.6216273312602159,0.06327204332195158,0.9170895531169114,1.1987881401082738,NS
GENE_0844,-0.6452699016499839,0.06172665825401427,0.9170895531169114,1.209527234147842,NS
GENE_0835,0.4357379854325183,0.11251195743146294,0.9170895531169114,0.9488013195922484,NS
GENE_1206,-0.6678209577643939,0.14606936974648557,0.9170895531169114,0.8354408446046016,NS
GENE_0498,-0.7708858553013345,0.03199779530126636,0.9170895531169114,1.4948799442263365,NS
GENE_0503,-0.4330487893565458,0.24073600769318926,0.9170895531169114,0.6184589459821779,NS
GENE_0504,-0.6910442682982554,0.08084762147500504,0.9170895531169114,1.0923327524486783,NS
GENE_0510,0.577524318088039,0.15081312892478016,0.9170895531169114,0.82156084963737,NS
GENE_0524,-0.6755928438928418,0.07852632988732694,0.9170895531169114,1.1049846998471662,NS
GENE_0525,-0.4466474578628006,0.20010278113764124,0.9170895531169114,0.6987468752601533,NS
GENE_0527,-0.682823632701326,0.06620934525626401,0.9170895531169114,1.1790807068324354,NS
GENE_0496,0.5693284882481926,0.1409839452969836,0.9170895531169114,0.8508303402943531,NS
GENE_0528,-0.6367524618381948,0.16267750935678083,0.9170895531169114,0.788672485400022,NS
GENE_0531,0.5124979505177585,0.21222377993147823,0.9170895531169114,0.6732059544855953,NS
GENE_0532,0.361737748811108,0.20640157866210762,0.9170895531169114,0.6852869853315501,NS
GENE_0533,0.843114940333364,0.050354361811791204,0.9170895531169114,1.2979629038840503,NS
GENE_0541,0.32560996198595227,0.23602813086532748,0.9170895531169114,0.6270362328285737,NS
GENE_0546,-0.7926728144948996,0.08026240023879753,0.9170895531169114,1.0954878568763107,NS
GENE_0548,-0.5727961873138359,0.10416018234915492,0.9170895531169114,0.9822982684728645,NS
GENE_0557,-0.3424592881083539,0.22165591144341212,0.9170895531169114,0.6543206818109841,NS
GENE_0530,0.5640766498630168,0.09630918330471001,0.9170895531169114,1.0163322999117035,NS
GENE_0494,0.4756646457526683,0.10290673169169703,0.9170895531169114,0.9875562147328678,NS
GENE_0493,0.5666880530166969,0.08689574820944483,0.9170895531169114,1.061001472968488,NS
GENE_0478,-0.6164319991801177,0.11482606456356165,0.9170895531169114,0.9399595195051856,NS
GENE_0409,0.3665968025392967,0.2178480385887217,0.9170895531169114,0.6618463459138121,NS
GENE_0414,-0.5837827799115978,0.18849582213498917,0.9170895531169114,0.7246982711548878,NS
GENE_0420,0.5879826361579763,0.08114189850675146,0.9170895531169114,1.0907548351655816,NS
GENE_0421,0.4443577562774834,0.1542027314206004,0.9170895531169114,0.8119079334809867,NS
GENE_0426,-0.522566725522049,0.15033397688224853,0.9170895531169114,0.8229428537121377,NS
GENE_0427,-0.9202189667682514,0.013783673100444482,0.9170895531169114,1.8606350353537455,NS
GENE_0433,0.6785302274921312,0.05639709840410043,0.9170895531169114,1.2487432396248888,NS
GENE_0437,0.7261835440519411,0.02821541834489055,0.9170895531169114,1.549513506140685,NS
GENE_0443,-0.6013142632651656,0.13781903971336495,0.9170895531169114,0.8606907804599283,NS
GENE_0444,0.7750230479880065,0.03765744568292191,0.9170895531169114,1.4241491416596133,NS
GENE_0451,0.5654826125820209,0.2159597140361431,0.9170895531169114,0.6656272562730645,NS
GENE_0455,-0.876318968095128,0.029201304975516585,0.9170895531169114,1.5345977399556197,NS
GENE_0456,0.8945896063273029,0.01153029352337516,0.9170895531169114,1.938159636854514,NS
GENE_0457,0.32959358980565945,0.23736655054877287,0.9170895531169114,0.6245804814033372,NS
GENE_0466,-0.39965635031556435,0.11327933129375102,0.9170895531169114,0.9458493233574412,NS
GENE_0469,0.4952917374435062,0.15765131843728442,0.9170895531169114,0.8023023928980425,NS
GENE_0476,-0.9302849536473845,0.009586817239588553,0.9170895531169114,2.0183255518187386,NS
GENE_0558,0.37526499536981994,0.18122184697918353,0.9170895531169114,0.741789447660452,NS
GENE_0561,0.6845120180478865,0.06925792183038372,0.9170895531169114,1.159530544134198,NS
GENE_0566,0.4086428919111045,0.20248608973255378,0.9170895531169114,0.6936048063253357,NS
GENE_0571,-0.6188073143873165,0.05975283793083206,0.9170895531169114,1.2236414632931052,NS
GENE_0729,0.5355003976178399,0.18821229494435154,0.9170895531169114,0.7253520097500044,NS
GENE_0745,0.4132242928007148,0.20010309339012822,0.9170895531169114,0.6987461975612954,NS
GENE_0748,-0.45105898569373526,0.14748015250310917,0.9170895531169114,0.831266421979777,NS
GENE_0753,0.8784370838028224,0.0302797535010471,0.9170895531169114,1.5188476646267464,NS
GENE_0756,0.5810415502292097,0.09231924001883532,0.9170895531169114,1.0347077793289925,NS
GENE_0766,-0.5457216643115697,0.11560334228488824,0.9170895531169114,0.9370296095582186,NS
GENE_0769,0.5404307848467731,0.2169032771073267,0.9170895531169114,0.6637338863496748,NS
GENE_0773,-0.4727352784890666,0.2060978837176537,0.9170895531169114,0.6859264676796124,NS
GENE_0776,0.5899478261169717,0.1465387585316395,0.9170895531169114,0.8340474921005638,NS
GENE_0781,0.9728245533190449,0.005557281671202039,0.9170895531169114,2.2551375904112025,NS
GENE_0783,-0.47672839851359416,0.2222955761042742,0.9170895531169114,0.6530691800928209,NS
GENE_0797,-0.7507453816042196,0.023759713281850618,0.9170895531169114,1.6241588044678412,NS
GENE_0805,-0.46826737106160365,0.1942358297685468,0.9170895531169114,0.711670654780858,NS
GENE_0806,0.37408876962634086,0.23972127656097753,0.9170895531169114,0.6202934182694281,NS
GENE_0818,0.5264617321238978,0.15989832841157225,0.9170895531169114,0.7961560763752462,NS
GENE_0819,0.4573193754186802,0.16267750935678083,0.9170895531169114,0.788672485400022,NS
GENE_0831,0.5972807230288932,0.16886727103225008,0.9170895531169114,0.7724545149490956,NS
GENE_0728,0.4841166638801315,0.23736606220119105,0.9170895531169114,0.6245813749027697,NS
GENE_0839,-0.5071661125669191,0.17255774308681282,0.9170895531169114,0.7630655480825697,NS
GENE_0726,-0.6236189788798061,0.028398538954079865,0.9170895531169114,1.5467040029284242,NS
GENE_0714,-0.6403846151409907,0.11004552265117616,0.9170895531169114,0.958427622601267,NS
GENE_0572,-0.7383464113762974,0.049077368395714825,0.9170895531169114,1.3091187328615137,NS
GENE_0588,0.5926072894606254,0.1673034975078489,0.9170895531169114,0.7764949799432711,NS
GENE_0593,-0.5331793470719983,0.09037505425082801,0.9170895531169114,1.043951428996686,NS
GENE_0595,-0.47736609519728823,0.16369611184409283,0.9170895531169114,0.785961635949752,NS
GENE_0607,0.48909380830074056,0.2030849518553185,0.9170895531169114,0.6923222556612625,NS
GENE_0608,-0.3756677264048358,0.22680711704061096,0.9170895531169114,0.6443433217237106,NS
GENE_0622,0.5704261151320802,0.1159968864163776,0.9170895531169114,0.9355536679311333,NS
GENE_0625,-0.769387293336341,0.10799452258086091,0.9170895531169114,0.9665982711170518,NS
GENE_0635,0.7339063709750793,0.032473898592612634,0.9170895531169114,1.4884655698396103,NS
GENE_0637,-0.5809336160684984,0.08232699944050223,0.9170895531169114,1.0844577129642798,NS
GENE_0653,0.6328014862690976,0.0811420392043674,0.9170895531169114,1.0907540821126414,NS
GENE_0660,-0.6232492391931412,0.15225852446111351,0.9170895531169114,0.8174183832744905,NS
GENE_0683,0.5145265683492974,0.22745811583897768,0.9170895531169114,0.6430985626757396,NS
GENE_0691,-0.7819839730455067,0.046511487159098586,0.9170895531169114,1.3324397741271705,NS
GENE_0692,-0.5084080470558598,0.19774053388630486,0.9170895531169114,0.703904297612045,NS
GENE_0699,0.7634909324169676,0.06137439269026285,0.9170895531169114,1.212012792263233,NS
GENE_0704,-0.5047865371631417,0.14490111667441194,0.9170895531169114,0.8389282676436184,NS
GENE_0722,0.7818401542511948,0.015032180272604624,0.9170895531169114,1.822978024623339,NS
GENE_1210,0.6684585172061759,0.10326385788700843,0.9170895531169114,0.9860516539571864,NS
GENE_1220,-0.40741523817924463,0.1907766275368401,0.9170895531169114,0.7194748327426962,NS
GENE_1217,-0.9069416963632886,0.030409647333054537,0.9170895531169114,1.5169886164292476,NS
GENE_1655,0.5496684888200987,0.12780401765982616,0.9170895531169114,0.893455493438442,NS
GENE_1657,0.47939360962773137,0.1948159847054366,0.9170895531169114,0.7103754120130562,NS
GENE_1669,0.6364836753831469,0.06899925473155329,0.9170895531169114,1.1611556000992942,NS
GENE_1670,-0.5760292544139318,0.1465387585316395,0.9170895531169114,0.8340474921005638,NS
GENE_1675,-0.3061800230775118,0.16065225287503349,0.9170895531169114,0.7941131798271525,NS
GENE_1677,0.861062588627262,0.029014126557643044,0.9170895531169114,1.537390498920079,NS
GENE_1682,1.0092969183513274,0.017831313189663654,0.9170895531169114,1.748816671966329,NS
GENE_1654,0.8225209647485334,0.017994771384030432,0.9170895531169114,1.744853666503971,NS
GENE_1693,-0.5869891358768049,0.17388743915904636,0.9170895531169114,0.7597317883304415,NS
GENE_1707,-0.6559692697406154,0.14795234604538757,0.9170895531169114,0.8298781439437805,NS
GENE_1737,0.5470810783778495,0.1234264641764454,0.9170895531169114,0.9085917121539724,NS
GENE_1742,-0.6234357998435245,0.14466866176414045,0.9170895531169114,0.8396255358948307,NS
GENE_1746,0.6572907134955646,0.11327928958114641,0.9170895531169114,0.945849483276794,NS
GENE_1747,0.5601304737771216,0.06746557240748967,0.9170895531169114,1.1709177905426569,NS
GENE_1767,-0.5168208514454431,0.2216562321647758,0.9170895531169114,0.6543200534162041,NS
GENE_1769,0.4262384695189194,0.1299324033880977,0.9170895531169114,0.8862825282361325,NS
GENE_1700,-0.5717266828111374,0.06231706125989402,0.9170895531169114,1.2053930352569393,NS
GENE_1650,0.775768403032318,0.036130476312290064,0.9170895531169114,1.4421263130393482,NS
GENE_1648,-0.353699833556397,0.21784798535814398,0.9170895531169114,0.6618464520325045,NS
GENE_1643,0.3926078480801438,0.18623437805137943,0.9170895531169114,0.729940147093112,NS
GENE_1561,-0.6235384274600912,0.1047015801183524,0.9170895531169114,0.980046764056564,NS
GENE_1576,0.49945078069289917,0.2216562321647758,0.9170895531169114,0.6543200534162041,NS
GENE_1580,1.0805103747986848,0.009445614328425946,0.9170895531169114,2.0247697909693407,NS
GENE_1582,-0.4730571620057775,0.19307783864299088,0.9170895531169114,0.7142675714168234,NS
GENE_1584,-0.4856263279508086,0.2030847950764587,0.9170895531169114,0.6923225909309088,NS
GENE_1586,-0.6246368340894533,0.035387335456746605,0.9170895531169114,1.4511521369950673,NS
GENE_1589,0.4280716049991966,0.1683443562158239,0.9170895531169114,0.7738014388565907,NS
GENE_1592,-0.7865424192026769,0.035166724627502394,0.9170895531169114,1.4538680792930492,NS
GENE_1602,0.4926624885648714,0.090374458083595,0.9170895531169114,1.0439542938690307,NS
GENE_1606,0.5362137552274318,0.13426886697387933,0.9170895531169114,0.8720246758560721,NS
GENE_1613,-0.45510601992627997,0.23703094219470466,0.9170895531169114,0.6251949571659501,NS
GENE_1616,0.5807283773562055,0.11876533468749588,0.9170895531169114,0.9253103030488128,NS
GENE_1622,-0.6129748004518847,0.08262538593544695,0.9170895531169114,1.082886498952675,NS
GENE_1627,0.634502541142707,0.08262542145769695,0.9170895531169114,1.0828863122411254,NS
GENE_1631,0.36586627348201795,0.17228890939959718,0.9170895531169114,0.763742678103797,NS
GENE_1635,-0.5621315299057681,0.09413004569438406,0.9170895531169114,1.026271730488494,NS
GENE_1637,-0.5598906567643134,0.17657994001536925,0.9170895531169114,0.7530586350476014,NS
GENE_1770,-0.4016720826726834,0.23736660480956506,0.9170895531169114,0.6245803821258279,NS
GENE_1559,-0.503334141355583,0.17149774288885855,0.9170895531169114,0.7657415914075919,NS
GENE_1774,-0.4937282112279293,0.18934844854462785,0.9170895531169114,0.7227382489866059,NS
GENE_1778,-0.9407659102371415,0.00638720825887631,0.9170895531169114,2.194688923170925,NS
GENE_1917,-0.5007357737964337,0.19773814811499957,0.9170895531169114,0.7039095374763418,NS
GENE_1926,0.8408655807703882,0.03553463849687704,0.9170895531169114,1.4493480983898408,NS
GENE_1930,0.5424473419028235,0.197153484046244,0.9170895531169114,0.7051955437812789,NS
GENE_1931,0.38617780455365835,0.12487294171756554,0.9170895531169114,0.9035316571889486,NS
GENE_1938,-0.7921744065048424,0.022234862284945887,0.9170895531169114,1.6529655560766743,NS
GENE_1947,-0.3922354457722923,0.22745811583897768,0.9170895531169114,0.6430985626757396,NS
GENE_1954,0.5325119185664393,0.13781903971336495,0.9170895531169114,0.8606907804599283,NS
GENE_1915,-0.41758466520485005,0.16115694188195073,0.9170895531169114,0.7927509823881211,NS
GENE_1957,0.3989408901939644,0.2363621935580954,0.9170895531169114,0.6264219882060112,NS
GENE_1969,-0.526639865779269,0.09005361736004162,0.9170895531169114,1.0454988373369298,NS
GENE_1973,0.4054981498990262,0.14007363243199214,0.9170895531169114,0.8536436089470529,NS
GENE_1976,-0.7127315155807405,0.060907236171251995,0.9170895531169114,1.2153311073251678,NS
GENE_1980,-0.5916650466463702,0.08232699944050223,0.9170895531169114,1.0844577129642798,NS
GENE_1985,0.3775586569780982,0.23938326880056338,0.9170895531169114,0.6209062069852281,NS
GENE_1989,0.33787196459701985,0.21690279854474648,0.9170895531169114,0.6637348445524272,NS
GENE_1992,0.7078262463559222,0.07135357896241726,0.9170895531169114,1.1465842386019325,NS
GENE_1965,-0.2467244554828385,0.23602758887653097,0.9170895531169114,0.6270372300953527,NS
GENE_1910,-0.5069772897861018,0.1707038222862638,0.9170895531169114,0.7677567543436864,NS
GENE_1908,0.6935734687189044,0.041887086819641796,0.9170895531169114,1.3779198430799098,NS
GENE_1904,-0.48830497195735667,0.1853923379889656,0.9170895531169114,0.7319082186158664,NS
GENE_1795,-0.4526331228036762,0.21068000925088703,0.9170895531169114,0.6763766712448344,NS
GENE_1797,0.5689158953769207,0.10725538673225475,0.9170895531169114,0.9695808868416464,NS
GENE_1800,0.39562587906048297,0.24005956549987184,0.9170895531169114,0.6196809842957564,NS
GENE_1816,0.4634133515969685,0.22038171246384342,0.9170895531169114,0.6568244465968265,NS
GENE_1821,0.41356848573243443,0.21596104194280852,0.9170895531169114,0.6656245858640634,NS
GENE_1824,-0.4961615055011803,0.1236321689669529,0.9170895531169114,0.9078685115523505,NS
GENE_1830,0.33137529336167226,0.1654928751916579,0.9170895531169114,0.7812206987556575,NS
GENE_1833,0.33091380408177073,0.22941477214310368,0.9170895531169114,0.6393786210743158,NS
GENE_1837,0.47674874724243743,0.16678466478892517,0.9170895531169114,0.7778438835766965,NS
GENE_1848,-0.49050308557856237,0.17523198327463896,0.9170895531169114,0.75638662367023,NS
GENE_1869,-0.5752227787702457,0.09630914479766206,0.9170895531169114,1.016332473554561,NS
GENE_1870,-0.558352673998888,0.20670375974018396,0.9170895531169114,0.6846516239069868,NS
GENE_1871,-0.4872051837111666,0.1916373007338018,0.9170895531169114,0.7175199549328181,NS
GENE_1881,-0.44863687284572684,0.13470954468308188,0.9170895531169114,0.8706016317726432,NS
GENE_1884,0.5503680699413342,0.08473896970984318,0.9170895531169114,1.071916820628279,NS
GENE_1898,-0.718788907304968,0.06351243948579607,0.9170895531169114,1.1971412058741668,NS
GENE_1901,-0.5736481102571434,0.1375948276989101,0.9170895531169114,0.8613978912752293,NS
GENE_1775,0.6351004820165844,0.17984601599259786,0.9170895531169114,0.745099178371435,NS
GENE_1556,-0.6271421974229252,0.06925792183038372,0.9170895531169114,1.159530544134198,NS
GENE_1554,-0.59548772487521,0.06784662490551792,0.9170895531169114,1.168471751856378,NS
GENE_1553,0.5624492468291704,0.07570104728704254,0.9170895531169114,1.120898112206171,NS
GENE_1293,0.5900100732361793,0.10506344249728217,0.9170895531169114,0.9785483732542133,NS
GENE_1297,-0.5949515778015009,0.12528868319435096,0.9170895531169114,0.9020881552485266,NS
GENE_1303,0.5869035057878031,0.09396546497648703,0.9170895531169114,1.02703173284683,NS
GENE_1304,0.5839120254781802,0.05005742959845569,0.9170895531169114,1.3005314547650957,NS
GENE_1322,0.8796806888742434,0.02720049197230927,0.9170895531169114,1.5654232408581938,NS
GENE_1324,0.6510876869847966,0.09732779251694207,0.9170895531169114,1.0117631267076683,NS
GENE_1334,0.542949821991705,0.22486636944348248,0.9170895531169114,0.6480754919065366,NS
GENE_1289,-0.4865940419481962,0.17202752845386593,0.9170895531169114,0.7644020501913981,NS
GENE_1335,-0.6867280097111435,0.10470141949631848,0.9170895531169114,0.9800474303055016,NS
GENE_1345,0.5755739128030237,0.0999121132870234,0.9170895531169114,1.0003818549692638,NS
GENE_1349,-0.36798954894152747,0.22422168877433646,0.9170895531169114,0.6493223807712076,NS
GENE_1350,-0.3918800458574143,0.24005907606392296,0.9170895531169114,0.6196818697407837,NS
GENE_1351,-0.43556681661612107,0.09597115156766557,0.9170895531169114,1.0178592940210487,NS
GENE_1352,0.6395658537428393,0.16369611184409283,0.9170895531169114,0.785961635949752,NS
GENE_1358,-0.5412974899161389,0.07795430415762179,0.9170895531169114,1.1081599007407126,NS
GENE_1361,0.4703275374323814,0.15420201658778326,0.9170895531169114,0.8119099467311066,NS
GENE_1344,0.5002038591769207,0.18399435930652086,0.9170895531169114,0.7351954909013447,NS
GENE_1287,0.4713273155501172,0.1054263372170265,0.9170895531169114,0.9770508817307642,NS
GENE_1283,-0.3302881294765374,0.19134916848118244,0.9170895531169114,0.7181734206870319,NS
GENE_1279,-0.9525081625359872,0.014178184057506682,0.9170895531169114,1.8483793900491126,NS
GENE_0408,0.4798230864751387,0.22486631581052452,0.9170895531169114,0.6480755954902806,NS
GENE_1221,-0.6381834776298119,0.09664778050240067,0.9170895531169114,1.0148081150097477,NS
GENE_1222,-0.4232046201127506,0.19774001524181706,0.9170895531169114,0.7039054367044206,NS
GENE_1223,-0.5608817203037457,0.11836691869642121,0.9170895531169114,0.92676965770657,NS
GENE_1238,-0.718015789195352,0.03401051661175174,0.9170895531169114,1.4683867711860943,NS
GENE_1242,-0.5361774785067208,0.16834484851940246,0.9170895531169114,0.7738001688145187,NS
GENE_1245,0.6871283197571012,0.041211380327152526,0.9170895531169114,1.384982839044298,NS
GENE_1249,-0.3188968710922735,0.075978737854997,0.9170895531169114,1.1193079251424851,NS
GENE_1261,-0.692514484501662,0.06472638989433492,0.9170895531169114,1.1889186150227293,NS
GENE_1262,0.5351863125588769,0.132521754937102,0.9170895531169114,0.8777128215491105,NS
GENE_1264,-0.8850826716738105,0.013718872291247484,0.9170895531169114,1.8626815867209008,NS
GENE_1265,0.631145719053805,0.05783183106534291,0.9170895531169114,1.2378330568925806,NS
GENE_1266,0.4419891348393836,0.23204476975232413,0.9170895531169114,0.6344282160547063,NS
GENE_1271,0.687944672712189,0.048018107408022315,0.9170895531169114,1.3185949612812875,NS
GENE_1273,-0.36148495031923833,0.23536068296274026,0.9170895531169114,0.6282660843917018,NS
GENE_1275,-0.4609566183224123,0.17550116818780737,0.9170895531169114,0.7557199883957065,NS
GENE_1276,-1.0244729734139284,0.01186744201710083,0.9170895531169114,1.9256428815151994,NS
GENE_1365,0.6956959929898465,0.03948123553196417,0.9170895531169114,1.4036092649102483,NS
GENE_1367,-0.5302636192366501,0.1556739896192545,0.9170895531169114,0.8077839443263721,NS
GENE_1372,-0.5626086648312549,0.11251195743146294,0.9170895531169114,0.9488013195922484,NS
GENE_1378,-0.5610365858826265,0.07431982812118834,0.9170895531169114,1.1288953034022748,NS
GENE_1474,0.6086771546269469,0.11996809564020162,0.9170895531169114,0.9209342350329227,NS
GENE_1478,0.7369085635644943,0.1405284518432575,0.9170895531169114,0.8522357381960824,NS
GENE_1485,-0.4343731735037819,0.1437398482317722,0.9170895531169114,0.8424228180303956,NS
GENE_1489,-0.6482708615218664,0.10452059914678338,0.9170895531169114,0.9807981094173863,NS
GENE_1493,0.4709034742314664,0.11976700442181312,0.9170895531169114,0.9216628127586296,NS
GENE_1495,0.4612574153808362,0.22745806206665564,0.9170895531169114,0.6430986653453032,NS
GENE_1498,-0.42649415482705155,0.17149774288885855,0.9170895531169114,0.7657415914075919,NS
GENE_1503,-0.7537871519211841,0.10688787156965236,0.9170895531169114,0.9710715708361267,NS
GENE_1508,-0.38423681046090596,0.2251873012534581,0.9170895531169114,0.6474561038342257,NS
GENE_1509,0.5912117277408528,0.09101927250911988,0.9170895531169114,1.0408666400067024,NS
GENE_1515,0.4313944350301133,0.19250067174312235,0.9170895531169114,0.715567750655105,NS
GENE_1519,-0.44468719409546154,0.17070505910466183,0.9170895531169114,0.7677536077154956,NS
GENE_1521,-0.4143776637695966,0.20488896203070595,0.9170895531169114,0.6884814376860653,NS
GENE_1523,0.409129777083324,0.2346949503949417,0.9170895531169114,0.6294962544116524,NS
GENE_1526,-0.5064858803303371,0.13826789715693855,0.9170895531169114,0.8592786420598633,NS
GENE_1530,-0.4219315068714611,0.1171765202426418,0.9170895531169114,0.9311594032550955,NS
GENE_1548,0.6443096592283393,0.05216875978137061,0.9170895531169114,1.2825894877267225,NS
GENE_1472,0.8709659824284985,0.04976170310934555,0.9170895531169114,1.3031047642028222,NS
GENE_1214,0.6433092492754815,0.05320069435903921,0.9170895531169114,1.2740826993904544,NS
GENE_1466,0.6966392287486398,0.11136755208082683,0.9170895531169114,0.9532413262624168,NS
GENE_1460,-0.44814208573775094,0.17902671203102094,0.9170895531169114,0.7470821644270164,NS
GENE_1387,-0.405123890441101,0.19832964114667329,0.9170895531169114,0.7026123739216248,NS
GENE_1389,-0.35840314906993065,0.17309092085643119,0.9170895531169114,0.7617257115894372,NS
GENE_1406,0.6229140476112063,0.13514953078866318,0.9170895531169114,0.8691854577436365,NS
GENE_1410,-0.46223620497972373,0.220381498943375,0.9170895531169114,0.6568248673704247,NS
GENE_1414,-0.6149442267456697,0.16115694188195073,0.9170895531169114,0.7927509823881211,NS
GENE_1419,0.786816018485327,0.04936902407435947,0.9170895531169114,1.306545457818136,NS
GENE_1421,0.41726574463865784,0.2178469739754344,0.9170895531169114,0.6618484682960415,NS
GENE_1427,-0.34527648631705254,0.22293591830427684,0.9170895531169114,0.6518199545585527,NS
GENE_1435,0.6597333681166138,0.11270208409679582,0.9170895531169114,0.9480680528680956,NS
GENE_1436,-0.45053527111666636,0.14842663391669747,0.9170895531169114,0.828488161555686,NS
GENE_1440,-0.7884606899529034,0.05125535095219575,0.9170895531169114,1.2902607884633743,NS
GENE_1443,0.5228923121101765,0.19250051738411722,0.9170895531169114,0.7155680988995575,NS
GENE_1445,0.5800557351515687,0.1011365956598789,0.9170895531169114,0.9950916691631575,NS
GENE_1450,0.6343449420391964,0.08535013228456521,0.9170895531169114,1.0687958014336976,NS
GENE_1452,0.672587202463327,0.041887086819641796,0.9170895531169114,1.3779198430799098,NS
GENE_1453,-0.8665214993605383,0.02098294179071857,0.9170895531169114,1.6781336241542655,NS
GENE_1459,0.43061520281923205,0.09664762619801696,0.9170895531169114,1.0148088083893112,NS
GENE_1465,-0.6161881828136409,0.11876559056234073,0.9170895531169114,0.9253093673808945,NS
GENE_0407,0.6094903870799424,0.11443769592535555,0.9170895531169114,0.9414308948110022,NS
GENE_1998,0.541501365401948,0.19250020866589734,0.9170895531169114,0.7155687953897731,NS
GENE_0182,0.41294317738575703,0.2172173730632181,0.9170895531169114,0.663105442785974,NS
GENE_0093,-0.7832269921002233,0.029139045641619787,0.9170895531169114,1.5355246762916837,NS
GENE_0325,0.4589484853410548,0.23602758887653097,0.9170895531169114,0.6270372300953527,NS
GENE_0106,0.6536339488456528,0.1043402671456045,0.9170895531169114,0.981548055674662,NS
GENE_0240,0.8737095409679538,0.03146014734902325,0.9170895531169114,1.5022392476148982,NS
GENE_0238,0.7159468761128887,0.11638860511270109,0.9170895531169114,0.934089536687144,NS
GENE_0361,-0.5460391512173972,0.16939081044281457,0.9170895531169114,0.7711101541129343,NS
GENE_0284,-0.9077557027176839,0.012125850696378246,0.9170895531169114,1.916287783465249,NS
GENE_0015,-0.5034353782883407,0.10761979221145963,0.9170895531169114,0.9681078508093502,NS
GENE_0363,-0.4630483541618764,0.20069686200149228,0.9170895531169114,0.697459417876691,NS
GENE_0123,0.4739753488703462,0.22713245052265174,0.9170895531169114,0.6437208134855409,NS
GENE_0266,-0.8600350829829635,0.022038190605606352,0.9170895531169114,1.6568240650951354,NS
GENE_0322,-0.6910766852565269,0.1493780299053595,0.9170895531169114,0.8257132726176916,NS
GENE_0368,0.7683096056088363,0.0055572871485406305,0.9170895531169114,2.2551371623643814,NS
GENE_0088,0.653864651534791,0.10873735607819633,0.9170895531169114,0.9636212309683838,NS
GENE_0286,-0.5749053398200124,0.0674641135983128,0.9170895531169114,1.17092718140088,NS
GENE_0288,0.7437679893468436,0.030604535492315343,0.9170895531169114,1.5142142077235314,NS
GENE_0073,-0.43278280699230454,0.1423570516761759,0.9170895531169114,0.8466210151471678,NS
GENE_0370,-0.5666297521098986,0.15322904331518905,0.9170895531169114,0.8146589099249011,NS
GENE_0121,-0.4414473988515226,0.17017832714026693,0.9170895531169114,0.7690957497903055,NS
GENE_0169,-0.5239614343049812,0.1603992922235704,0.9170895531169114,0.7947975524114311,NS
GENE_0371,-0.4103164497899847,0.23972127656097753,0.9170895531169114,0.6202934182694281,NS
GENE_0372,0.3281450166878983,0.220381498943375,0.9170895531169114,0.6568248673704247,NS
GENE_0228,0.5537477214666069,0.17685001580693682,0.9170895531169114,0.7523948970317847,NS
GENE_0013,-0.5532073956700403,0.15250142648488302,0.9170895531169114,0.8167260939459444,NS
GENE_0320,0.7798545308818268,0.021077073697031996,0.9170895531169114,1.676189685938165,NS
GENE_0354,-0.7679212942377909,0.028034440594949108,0.9170895531169114,1.552308105481329,NS
GENE_0192,-0.4881383293972261,0.2088372882199493,0.9170895531169114,0.6801919547964996,NS
GENE_0328,-0.8840324472697905,0.030800417468225365,0.9170895531169114,1.511443397041181,NS
GENE_0094,-0.8346248892416472,0.041295335449644636,0.9170895531169114,1.3840990016822898,NS
GENE_0267,0.6867960240608211,0.08352523704752604,0.9170895531169114,1.0781822831452466,NS
GENE_0263,-0.6221304092039288,0.1391678462645067,0.9170895531169114,0.8564610937695385,NS
GENE_0022,0.6846535969754806,0.12865231774078761,0.9170895531169114,0.8905823853341831,NS
GENE_0021,0.516070778014539,0.07852632988732694,0.9170895531169114,1.1049846998471662,NS
GENE_0085,-0.6386921182925507,0.08752050599839702,0.9170895531169114,1.057890180136828,NS
GENE_0023,0.6059366502526249,0.052169303899870574,0.9170895531169114,1.2825849580727553,NS
GENE_0048,0.5434842243771421,0.12363234270690684,0.9170895531169114,0.907867901239914,NS
GENE_0258,-0.8270087333142859,0.028155357085323112,0.9170895531169114,1.5504389602710464,NS
GENE_0177,0.6172417669135051,0.14842705644619897,0.9170895531169114,0.8284869252413878,NS
GENE_0269,0.7422038156382298,0.05186288815091786,0.9170895531169114,1.285143301815013,NS
GENE_0178,0.6151492919569712,0.10470141949631848,0.9170895531169114,0.9800474303055016,NS
GENE_0254,-0.4597105327783897,0.19832948541945727,0.9170895531169114,0.7026127149271183,NS
GENE_0225,-0.4340501263890042,0.17957359479529256,0.9170895531169114,0.7457575233356387,NS
GENE_0253,-0.7813526683082337,0.04468395847588405,0.9170895531169114,1.349848360442666,NS
GENE_0333,-0.5393167645007688,0.21564825620411965,0.9170895531169114,0.6662540493380636,NS
GENE_0134,-0.5382923529123707,0.11599705513942624,0.9170895531169114,0.9355530362293871,NS
GENE_0274,-0.4519778926459441,0.19510793404281468,0.9170895531169114,0.7097250697087474,NS
GENE_0276,0.8010176059815342,0.015314880041962894,0.9170895531169114,1.8148864005758287,NS
GENE_0331,-0.8794218336755675,0.03750275883033967,0.9170895531169114,1.4259367829196907,NS
GENE_0054,0.5042353859953232,0.197153484046244,0.9170895531169114,0.7051955437812789,NS
GENE_0055,-0.6484811513508815,0.05963747080507936,0.9170895531169114,1.2244807830374365,NS
GENE_0279,-0.49053834772943183,0.1451345558493959,0.9170895531169114,0.8382291717940271,NS
GENE_0350,-0.7259758482712106,0.06067410892926671,0.9170895531169114,1.2169965930750408,NS
GENE_0188,-0.7777388512263403,0.026849762625172507,0.9170895531169114,1.5710595494814992,NS
GENE_0190,0.6945211024376992,0.06208053507824915,0.9170895531169114,1.2070445485068022,NS
GENE_0147,-0.44420096203259263,0.21346441218137513,0.9170895531169114,0.6706745182104954,NS
GENE_0251,-0.5936156765221581,0.13426886697387933,0.9170895531169114,0.8720246758560721,NS
GENE_0091,-0.6656063769499516,0.0949642758775945,0.9170895531169114,1.0224397389962054,NS
GENE_0014,-0.774004019582458,0.04577329868953463,0.9170895531169114,1.339387788664238,NS
GENE_0264,0.7850169037881978,0.04379382731399689,0.9170895531169114,1.3585870984544839,NS
GENE_0214,0.740326237900292,0.08504376393675826,0.9170895531169114,1.0703575266974852,NS
GENE_0038,0.7513595616711513,0.0302808249772639,0.9170895531169114,1.5188322969991515,NS
GENE_0397,0.5176084368811189,0.16782354189378546,0.9170895531169114,0.7751471174201695,NS
GENE_0002,0.5564791442887298,0.07003753572164564,0.9170895531169114,1.1546691430186158,NS
GENE_0385,0.3629989001583285,0.240058532245234,0.9170895531169114,0.6196828535724602,NS
GENE_0382,-0.6376106409373108,0.06137448271353586,0.9170895531169114,1.2120121552454097,NS
GENE_0069,0.45577295289751163,0.19163683828728728,0.9170895531169114,0.7175210029449274,NS
GENE_0308,0.46095435213960734,0.23138532759577535,0.9170895531169114,0.6356641836133927,NS
GENE_0071,-0.5269637955216124,0.08084727042657971,0.9170895531169114,1.092334638202671,NS
GENE_0217,0.6496151788680313,0.11482568673905266,0.9170895531169114,0.9399609485132245,NS
GENE_0393,0.6359268766826336,0.15914573348296357,0.9170895531169114,0.7982049998305562,NS
GENE_0008,0.47543223205609664,0.15033397688224853,0.9170895531169114,0.8229428537121377,NS
GENE_0311,0.7731712929576791,0.03268005233805275,0.9170895531169114,1.485717256603842,NS
GENE_0381,0.8465004570495829,0.011067657937122116,0.9170895531169114,1.955944271858153,NS
GENE_0005,0.2865748339137575,0.23402936269737729,0.9170895531169114,0.6307296500367062,NS
GENE_0065,0.8804189492655494,0.02460942851216769,0.9170895531169114,1.6088984715021486,NS
GENE_0299,-0.4528819266522355,0.1942359845441466,0.9170895531169114,0.7116703087161684,NS
GENE_0316,-0.5411196539883232,0.18343609178571518,0.9170895531169114,0.7365152110800093,NS
GENE_0007,-0.7611747131897308,0.07895635637463662,0.9170895531169114,1.102612901408592,NS
GENE_0213,-0.4362759705154815,0.2067050725922328,0.9170895531169114,0.6846488655508232,NS
GENE_0157,0.8805005882720387,0.016569228465688025,0.9170895531169114,1.780697713722811,NS
GENE_0315,-0.4519517062463292,0.1636968916286723,0.9170895531169114,0.7859595671447601,NS
GENE_0207,0.4823072019224899,0.1631865028453512,0.9170895531169114,0.7873157645906804,NS
GENE_0154,-0.5920766817338929,0.06899944748620912,0.9170895531169114,1.1611543868663863,NS
GENE_0306,0.6155601388092578,0.11443782166619415,0.9170895531169114,0.9414304176210176,NS
GENE_0401,0.5632285985047574,0.19891940618996784,0.9170895531169114,0.7013228458846407,NS
GENE_0206,-0.7011083528937565,0.06759229861042997,0.9170895531169114,1.1701027842585123,NS
GENE_0940,0.5511853513561356,0.24345498528358434,0.9212067015210199,0.6135813278792953,NS
GENE_0556,0.4479137942844815,0.24550953760347782,0.9212067015210199,0.6099316316546468,NS
GENE_1399,-0.5003856573857002,0.2448229765826596,0.9212067015210199,0.6111478261718908,NS
GENE_1875,-0.402794480781008,0.2468850632386127,0.9212067015210199,0.6075051844677324,NS
GENE_0460,-0.48006731736648156,0.24551002910714936,0.9212067015210199,0.6099307622093258,NS
GENE_1726,-0.5133017846760746,0.2475743010337741,0.9212067015210199,0.6062944384018033,NS
GENE_1381,-0.5222663790479958,0.2465410863745109,0.9212067015210199,0.6081106946471115,NS
GENE_1964,0.5057814163713381,0.2468842432391879,0.9212067015210199,0.6075066269276856,NS
GENE_1340,0.5836898484080875,0.24688560990358455,0.9212067015210199,0.6075042228327321,NS
GENE_1562,-0.4984091476212855,0.24723096266196742,0.9212067015210199,0.606897140091428,NS
GENE_1596,-0.4447898965991639,0.24965426969675575,0.9267907923777476,0.6026610020507551,NS
GENE_1194,-0.3842481873115835,0.2524443830680517,0.9349791965483396,0.5978342879896426,NS
GENE_1996,0.4549146143112406,0.25384643306797183,0.9371377038760873,0.5954289347205962,NS
GENE_1732,-0.3046631356045184,0.2541986021763887,0.9371377038760873,0.594826841936024,NS
GENE_1364,-0.5074298243862136,0.2552560444663815,0.9388728072326676,0.5930239650204279,NS
GENE_0158,0.40474411191780835,0.25737898538840165,0.9420031276869615,0.5894269154830314,NS
GENE_0144,0.43445444167564506,0.2595139256977129,0.9420031276869615,0.5858393326463347,NS
GENE_1733,0.49711299689056965,0.2602283640235231,0.9420031276869615,0.5846453685448116,NS
GENE_0842,0.469641025890966,0.25880106718708096,0.9420031276869615,0.5870339371513092,NS
GENE_0097,-0.4290578082908212,0.2573778844957545,0.9420031276869615,0.589428773104094,NS
GENE_0816,-0.26850267797951943,0.2602283640235231,0.9420031276869615,0.5846453685448116,NS
GENE_1905,0.49839141879316884,0.25880101209665984,0.9420031276869615,0.5870340295986423,NS
GENE_0399,0.36110528178502843,0.29301639174128036,0.9421182289926743,0.5331080839337261,NS
GENE_0403,-0.24150939998080823,0.28915610147557025,0.9421182289926743,0.5388676392268422,NS
GENE_0349,-0.3027294675917087,0.3016295429283302,0.9421182289926743,0.5205261240011927,NS
GENE_1620,-0.38324474427507926,0.2937929716860479,0.9421182289926743,0.531958597907493,NS
GENE_0435,0.46091719046695,0.2781564442393517,0.9421182289926743,0.5557108740112331,NS
GENE_0590,0.34510357545299186,0.2748035785834636,0.9421182289926743,0.5609776160486887,NS
GENE_0340,0.292506392319015,0.27406190034103883,0.9421182289926743,0.5621513352074127,NS
GENE_0654,-0.43347957524955394,0.30044526777327807,0.9421182289926743,0.5222346320439448,NS
GENE_0051,-0.3103205995045668,0.2899264106804361,0.9421182289926743,0.5377122210357106,NS
GENE_0183,-0.2883166023481998,0.2630980108704939,0.9421182289926743,0.5798824353473411,NS
GENE_1426,0.3322099099295137,0.27703649861766133,0.9421182289926743,0.5574630103433706,NS
GENE_1455,0.3303559411536572,0.28533188414788957,0.9421182289926743,0.5446496957954523,NS
GENE_1012,0.40191044610471494,0.30559960052949875,0.9421182289926743,0.5148472177925119,NS
GENE_1577,-0.45914500724714635,0.29379280415164755,0.9421182289926743,0.531958845562452,NS
GENE_0102,0.4009325304389195,0.30321340442616296,0.9421182289926743,0.5182516033709988,NS
GENE_1310,0.25546056283797736,0.2703735384799286,0.9421182289926743,0.5680358151508834,NS
GENE_1929,-0.3101351507339949,0.3000512549023744,0.9421182289926743,0.5228045525471536,NS
GENE_1295,0.45050837292100354,0.2703737047341309,0.9421182289926743,0.5680355481008575,NS
GENE_0259,0.2617848449800295,0.29534462263834915,0.9421182289926743,0.5296709319663565,NS
GENE_0836,-0.47445443562800804,0.3048028405784289,0.9421182289926743,0.5159809899512409,NS
GENE_0273,-0.13501144144484734,0.2860939774751401,0.9421182289926743,0.5434912843717502,NS
GENE_0424,-0.3870529939437901,0.2755456266444746,0.9421182289926743,0.5598064775408682,NS
GENE_1674,-0.5212216077127945,0.2707409799831654,0.9421182289926743,0.5674460034331773,NS
GENE_0394,0.3968883728828727,0.29926303358848494,0.9421182289926743,0.523946925993249,NS
GENE_1428,-0.36417529113801805,0.2792828112046384,0.9421182289926743,0.5539557926509197,NS
GENE_0991,0.3462608868871042,0.3040074046247657,0.9421182289926743,0.5171158382711378,NS
GENE_1771,0.435273541254781,0.2667197940578915,0.9421182289926743,0.573944752847338,NS
GENE_1551,-0.4034661528795933,0.28838939965785304,0.9421182289926743,0.5400207070410563,NS
GENE_1038,-0.3807608493750143,0.2736896045003897,0.9421182289926743,0.5627416980003876,NS
GENE_0429,-0.2560745107682907,0.2822952480636717,0.9421182289926743,0.549296432363514,NS
GENE_0678,0.33942560461240046,0.27628926626765826,0.9421182289926743,0.5586359869303065,NS
GENE_0040,-0.4016338832866646,0.29146870354663323,0.9421182289926743,0.535408070773537,NS
GENE_1945,-0.29905868068544983,0.2711085970328523,0.9421182289926743,0.5668567104360039,NS
GENE_1872,-0.43815296585749763,0.2961289670298287,0.9421182289926743,0.5285191082949307,NS
GENE_0314,0.5316394787931422,0.26890785447405186,0.9421182289926743,0.5703965123734979,NS
GENE_1149,0.4210947312119009,0.2895410840057654,0.9421182289926743,0.5382898039881276,NS
GENE_0377,0.2986378092017574,0.27332131376189406,0.9421182289926743,0.5633265004395821,NS
GENE_0367,-0.4268497851791322,0.2645435727884713,0.9421182289926743,0.5775027853941005,NS
GENE_1077,-0.29193490175797265,0.30321340442616296,0.9421182289926743,0.5182516033709988,NS
GENE_1488,-0.4558837138859264,0.27480341201612035,0.9421182289926743,0.5609778792887102,NS
GENE_1962,-0.31202522433001967,0.2807868411946126,0.9421182289926743,0.5516232488587398,NS
GENE_0520,0.40035270270209455,0.3000510312683744,0.9421182289926743,0.5228048762353461,NS
GENE_0501,0.32597528906183904,0.2638209664431267,0.9421182289926743,0.5786906930628762,NS
GENE_1121,-0.28847037503080664,0.29069692467044306,0.9421182289926743,0.5365595626764981,NS
GENE_0034,-0.26004230545771456,0.30559904104789226,0.9421182289926743,0.5148480128851639,NS
GENE_0757,-0.5136602709912355,0.28800595105635995,0.9421182289926743,0.5405985383371698,NS
GENE_0462,-0.38791311753966173,0.2857123131287227,0.9421182289926743,0.5440710427512141,NS
GENE_1703,0.5382373119789561,0.28343015720826714,0.9421182289926743,0.5475539423301125,NS
GENE_1686,0.417520321020203,0.30162959884967744,0.9421182289926743,0.520526043484112,NS
GENE_0509,-0.4354894915921923,0.3008397372572451,0.9421182289926743,0.5216647992913879,NS
GENE_0499,-0.41305888580309347,0.2922422499352799,0.9421182289926743,0.5342569972062298,NS
GENE_0506,-0.342844386452942,0.2674447568769712,0.9421182289926743,0.5727659118154009,NS
GENE_0855,0.29015188627565625,0.26094416235204165,0.9421182289926743,0.5834524144117162,NS
GENE_1251,-0.3349699340662209,0.2822963058607886,0.9421182289926743,0.5492948050084902,NS
GENE_0107,0.16047459502772998,0.30083861895351005,0.9421182289926743,0.5216664136859767,NS
GENE_1111,0.543167594043898,0.2961289670298287,0.9421182289926743,0.5285191082949307,NS
GENE_0194,0.38938743868123016,0.2941810243040588,0.9421182289926743,0.5313853442047486,NS
GENE_1346,0.36071272253034525,0.2834315495536086,0.9421182289926743,0.5475518088718404,NS
GENE_1153,0.38758606702125853,0.30440441867691337,0.9421182289926743,0.5165490477192284,NS
GENE_1539,0.3982820640841567,0.3024207839072345,0.9421182289926743,0.5193883652010918,NS
GENE_1786,-0.3668009519554172,0.2853318284222456,0.9421182289926743,0.5446497806136706,NS
GENE_0064,0.5623656835404143,0.2718443576699021,0.9421182289926743,0.5656796766709394,NS
GENE_0475,0.34400766094410073,0.3000510312683744,0.9421182289926743,0.5228048762353461,NS
GENE_1321,0.38217707139004276,0.2667197387345993,0.9421182289926743,0.5739448429291526,NS
GENE_0725,-0.36883385041113215,0.2667178577359398,0.9421182289926743,0.5739479057329133,NS
GENE_0030,0.3234930812077996,0.2725819850996344,0.9421182289926743,0.5645028500066682,NS
GENE_0193,0.2892332382106124,0.26599116103558773,0.9421182289926743,0.5751327948623544,NS
GENE_1484,0.4098454190483398,0.2868576685752531,0.9421182289926743,0.5423335356180402,NS
GENE_0500,0.2859877282052006,0.289541586113899,0.9421182289926743,0.5382890508563106,NS
GENE_1718,0.19771297466251614,0.2841863075449491,0.9421182289926743,0.5463968507608584,NS
GENE_0782,0.5163917657956407,0.30480278463505595,0.9421182289926743,0.5159810696614573,NS
GENE_0487,0.4254677662616322,0.28305312576217534,0.9421182289926743,0.5481320448289582,NS
GENE_1844,-0.49384793937075155,0.30559954458139493,0.9421182289926743,0.5148472973016308,NS
GENE_0489,-0.26447366313881115,0.2860936430468859,0.9421182289926743,0.543491792038607,NS
GENE_1356,-0.3547634859227493,0.27443254054085153,0.9421182289926743,0.5615643939148375,NS
GENE_1716,0.53217090504757,0.28078572828159776,0.9421182289926743,0.551624970210556,NS
GENE_0929,-0.3630666838223071,0.30559954458139493,0.9421182289926743,0.5148472973016308,NS
GENE_1052,0.3889251696963001,0.3071972606979503,0.9434080942739356,0.5125826612611917,NS
GENE_0786,0.4079981059859197,0.3067972721341655,0.9434080942739356,0.5131485062039761,NS
GENE_0763,-0.43972982825284923,0.32182358967987057,0.9460494417854409,0.49238212527019654,NS
GENE_0821,-0.46021752294164475,0.3364741153428449,0.9460494417854409,0.473048340046718,NS
GENE_1807,0.28741050010986946,0.34116507534970364,0.9460494417854409,0.46703543342251885,NS
GENE_0663,0.31451058165342616,0.34116507534970364,0.9460494417854409,0.46703543342251885,NS
GENE_1886,0.42583697621907834,0.3120233142368417,0.9460494417854409,0.5058129544875702,NS
GENE_0788,-0.3914484429223517,0.34417284544653337,0.9460494417854409,0.463223397628278,NS
GENE_0793,0.445938163502988,0.32846827533565326,0.9460494417854409,0.48350656982414547,NS
GENE_0305,-0.35140062362956126,0.3210003363410293,0.9460494417854409,0.49349451254535676,NS
GENE_0903,-0.37394991515835674,0.32596705997842557,0.9460494417854409,0.48682628457131316,NS
GENE_0337,-0.33862557643783653,0.3420231155708896,0.9460494417854409,0.4659445412373301,NS
GENE_0694,-0.35872477121818847,0.33689939708409344,0.9460494417854409,0.4724997662325502,NS
GENE_0913,-0.36883773378067186,0.32058810791102177,0.9460494417854409,0.4940525916650026,NS
GENE_0149,0.5452304458124315,0.34546625595348057,0.9460494417854409,0.46159436672363785,NS
GENE_1325,-0.36469749989311584,0.3136428944527735,0.9460494417854409,0.5035645469116189,NS
GENE_0733,-0.39764677469013865,0.3276339772448168,0.9460494417854409,0.48461106611562904,NS
GENE_1610,-0.3822260517894396,0.3284691705718543,0.9460494417854409,0.48350538616154703,NS
GENE_0938,0.2342679164198156,0.34288141638169845,0.9460494417854409,0.4648560523058472,NS
GENE_0716,-0.43703320055279793,0.32679994036399795,0.9460494417854409,0.48571803139173036,NS
GENE_1369,0.3550487446473891,0.3458993271528018,0.9460494417854409,0.4610502827792481,NS
GENE_1780,-0.29343300303328856,0.330144145222554,0.9460494417854409,0.4812964001025672,NS
GENE_1212,-0.3296682002967035,0.308799882270106,0.9460494417854409,0.5103228739109551,NS
GENE_0980,0.3308419269904732,0.31771665306999297,0.9460494417854409,0.49796002109711923,NS
GENE_0547,0.3885055999428122,0.33351065250144774,0.9460494417854409,0.47689028993719873,NS
GENE_0485,0.3193008885832693,0.3251360077404596,0.9460494417854409,0.4879349311589671,NS
GENE_0383,-0.34942837730072984,0.3276337534195094,0.9460494417854409,0.48461136280686334,NS
GENE_1935,-0.37354200566720586,0.3276337534195094,0.9460494417854409,0.48461136280686334,NS
GENE_0594,0.2527126002590814,0.32888706101215437,0.9460494417854409,0.48295321208000397,NS
GENE_0375,-0.30761823614104955,0.3428823096708039,0.9460494417854409,0.46485492086504765,NS
GENE_1175,-0.3058288148570707,0.3420205469002269,0.9460494417854409,0.4659478028989925,NS
GENE_1267,0.38166278358132466,0.3420225571666622,0.9460494417854409,0.4659452502890332,NS
GENE_0581,-0.4086518665175909,0.3128324979342908,0.9460494417854409,0.5046881375161986,NS
GENE_0513,0.28068461542972223,0.3437425458795048,0.9460494417854409,0.4637667108154956,NS
GENE_0422,-0.3495651291517987,0.3230632976881469,0.9460494417854409,0.4907123781535222,NS
GENE_0514,0.3596167298511004,0.340308971164633,0.9460494417854409,0.4681266019593143,NS
GENE_0515,-0.452165553623078,0.3177146937137846,0.9460494417854409,0.4979626993961792,NS
GENE_1469,0.36956013792524267,0.34546737193534816,0.9460494417854409,0.4615929637965044,NS
GENE_0522,0.26496560163791916,0.3301443130508446,0.9460494417854409,0.48129617932966223,NS
GENE_0369,-0.2935004346612651,0.3352024065188337,0.9460494417854409,0.47469287209994016,NS
GENE_0016,0.29833628123403777,0.3394551387221164,0.9460494417854409,0.4692176125257013,NS
GENE_0063,-0.280831916555079,0.30960298379216855,0.9460494417854409,0.5091948624651477,NS
GENE_1086,0.3221659678381439,0.3377498207665418,0.9460494417854409,0.4714048727726158,NS
GENE_1512,-0.638337122500773,0.3386008965842455,0.9460494417854409,0.4703118962534425,NS
GENE_0126,-0.36927818275946134,0.3368983351315544,0.9460494417854409,0.4725011351897481,NS
GENE_0551,0.26051660481129346,0.3360502403196818,0.9460494417854409,0.47359578968598315,NS
GENE_1721,0.2574749564453205,0.33098370248970144,0.9460494417854409,0.4801933901911863,NS
GENE_0052,-0.43431661466428295,0.3152681657686517,0.9460494417854409,0.501319879962526,NS
GENE_1184,0.3346792341494025,0.3309807937162167,0.9460494417854409,0.48019720690426015,NS
GENE_1977,0.4236032219043171,0.33351065250144774,0.9460494417854409,0.47689028993719873,NS
GENE_0645,0.40249128656882593,0.3112155672204886,0.9460494417854409,0.5069386874250703,NS
GENE_1231,-0.23993102270489874,0.31853527868289866,0.9460494417854409,0.49684246132285476,NS
GENE_0224,0.3406239686409105,0.3201771203445303,0.9460494417854409,0.4946097057182125,NS
GENE_0099,-0.3113641061188117,0.3116173370463564,0.9460494417854409,0.5063783880530355,NS
GENE_1434,0.2953722206735554,0.3446032660295454,0.9460494417854409,0.46268061077688283,NS
GENE_1003,0.46953245722056813,0.34202345061277584,0.9460494417854409,0.46594411580768946,NS
GENE_1161,0.30780837944298245,0.3428823096708039,0.9460494417854409,0.46485492086504765,NS
GENE_1552,0.3496742706332938,0.3243061121646209,0.9460494417854409,0.4890448661455507,NS
GENE_0621,0.28821606139513456,0.32888706101215437,0.9460494417854409,0.48295321208000397,NS
GENE_0617,-0.3091778562322389,0.31608253680432397,0.9460494417854409,0.5001994977669465,NS
GENE_1665,0.42812370177465997,0.3263814808717397,0.9460494417854409,0.48627449141138956,NS
GENE_0252,-0.34791779169455506,0.34116563384871934,0.9460494417854409,0.46703472246802885,NS
GENE_0067,0.3246011392677808,0.33689922940769934,0.9460494417854409,0.472499982382984,NS
GENE_0012,0.3452893168445339,0.3411659689474793,0.9460494417854409,0.4670342958967203,NS
GENE_0380,-0.33889036456568444,0.3164909119207032,0.9460494417854409,0.49963875629230403,NS
GENE_0201,0.34579457434545535,0.3284691705718543,0.9460494417854409,0.48350538616154703,NS
GENE_1328,-0.30529452549915703,0.34806459819072044,0.9471145528999196,0.4583401467596142,NS
GENE_1717,-0.28682521763808566,0.34806437513267263,0.9471145528999196,0.4583404250783828,NS
GENE_0952,-0.35286334118184204,0.34763030952949014,0.9471145528999196,0.4588823648829098,NS
GENE_1857,-0.34041272525065835,0.3541726987279873,0.9482933105126796,0.4507849192858665,NS
GENE_1511,0.28020220692901976,0.35857721315275026,0.9482933105126796,0.445417312421509,NS
GENE_0865,-0.151798656724198,0.3603474208583082,0.9482933105126796,0.44327858200196735,NS
GENE_0161,0.4129406479853186,0.35417286574476603,0.9482933105126796,0.4507847144862065,NS
GENE_1607,-0.33189198360239036,0.357693388072717,0.9482933105126796,0.446489087667842,NS
GENE_0200,0.23999526342005062,0.36390650352967147,0.9482933105126796,0.43901018288089677,NS
GENE_0474,0.4171567304829855,0.3630157887278349,0.9482933105126796,0.440074485684942,NS
GENE_1849,0.42745228876672137,0.36123619211327396,0.9482933105126796,0.44220874438382224,NS
GENE_1163,0.2794409640668176,0.35329595860703034,0.9482933105126796,0.451861330481103,NS
GENE_1652,-0.43753233803800384,0.3621251112187932,0.9482933105126796,0.4411413584041272,NS
GENE_0810,0.332062394120757,0.3524202578828941,0.9482933105126796,0.45293913535110697,NS
GENE_0792,0.5699399337212911,0.35681132402426086,0.9482933105126796,0.4475613709909577,NS
GENE_1751,-0.26476347610558104,0.3621222236842042,0.9482933105126796,0.4411448214209113,NS
GENE_0336,0.4713792717278116,0.3524205920851502,0.9482933105126796,0.4529387235072257,NS
GENE_1594,-0.38654502772123944,0.3607916630497193,0.9482933105126796,0.44274350642204385,NS
GENE_0922,0.2729563963933739,0.3541726987279873,0.9482933105126796,0.4507849192858665,NS
GENE_0079,0.42157618449565337,0.35769355490891186,0.9482933105126796,0.4464888851032313,NS
GENE_0410,0.3597944362214065,0.3506739811975116,0.9482933105126796,0.45509645607897664,NS
GENE_1081,-0.29686070040283674,0.36212533333527774,0.9482933105126796,0.44114109202123636,NS
GENE_0723,0.34756603353224946,0.3630157887278349,0.9482933105126796,0.440074485684942,NS
GENE_1079,-0.3235987706214942,0.3506739811975116,0.9482933105126796,0.45509645607897664,NS
GENE_0615,-0.29351554512087574,0.36301556668181867,0.9482933105126796,0.44007475133010693,NS
GENE_0565,0.3444451884618518,0.3498029604496602,0.9482933105126796,0.4561765193241497,NS
GENE_1083,-0.4359702133703278,0.35946196483536086,0.9482933105126796,0.4443470561462191,NS
GENE_0389,-0.345018003986036,0.35813518478670026,0.9482933105126796,0.4459530098787103,NS
GENE_0639,-0.31811005266408454,0.3639075579092408,0.9482933105126796,0.439008924561628,NS
GENE_0278,0.33792491973389893,0.3648007514418006,0.9490751257022454,0.4379442757529105,NS
GENE_1506,-0.2823501646712048,0.36569481425276906,0.9491022505436884,0.43688119814534404,NS
GENE_1374,-0.3492897648851514,0.3665907442724996,0.9491022505436884,0.4358185043550462,NS
GENE_1896,-0.3713049296476978,0.3661412221148489,0.9491022505436884,0.4363513731966107,NS
GENE_0641,-0.4967720977820065,0.3719953560076288,0.9493534594671681,0.42946248181931224,NS
GENE_1096,-0.2929222046119415,0.37335377353176724,0.9493534594671681,0.427879454846662,NS
GENE_0696,-0.37771823023668016,0.3729008478194,0.9493534594671681,0.4284066292349156,NS
GENE_1897,0.24519094814426445,0.37380770357258764,0.9493534594671681,0.4273517527576372,NS
GENE_1708,-0.316963960227473,0.37380770357258764,0.9493534594671681,0.4273517527576372,NS
GENE_0979,0.4326018088032937,0.3719953560076288,0.9493534594671681,0.42946248181931224,NS
GENE_1462,-0.2721204980414127,0.3738079246651974,0.9493534594671681,0.4273514958895441,NS
GENE_1400,-0.2380705185033145,0.3674883742647722,0.9493534594671681,0.43475639555263185,NS
GENE_0720,-0.4873710444528765,0.37335377353176724,0.9493534594671681,0.427879454846662,NS
GENE_0750,0.2766210217435603,0.3738073719332491,0.9493534594671681,0.4273521380605543,NS
GENE_0529,-0.4297036066672435,0.3729008478194,0.9493534594671681,0.4284066292349156,NS
GENE_0703,0.5284263193626959,0.36928673719056615,0.9493534594671681,0.4326362896097416,NS
GENE_1216,-0.25333360189658194,0.41023148527714925,0.9532866293118234,0.38697101057570155,NS
GENE_1678,-0.29658733994050746,0.3866448786770046,0.9532866293118234,0.4126877379158999,NS
GENE_1673,-0.1819681647512521,0.4092728066695205,0.9532866293118234,0.38798711024284777,NS
GENE_0218,0.37527810570096953,0.40449531041218845,0.9532866293118234,0.39308650909229015,NS
GENE_0840,-0.28736820222889836,0.41071094702338473,0.9532866293118234,0.3864637213769552,NS
GENE_0216,0.1896907342002212,0.41311813257211916,0.9532866293118234,0.3839257425610813,NS
GENE_0833,-0.39317283674277537,0.37653666989058787,0.9532866293118234,0.42419272263555985,NS
GENE_1659,0.2725651525071333,0.3801938380120429,0.9532866293118234,0.41999492623715584,NS
GENE_0044,-0.28837736960943516,0.4006973672960983,0.9532866293118234,0.3971835110051169,NS
GENE_1173,0.22302316647909137,0.40927296922438416,0.9532866293118234,0.3879869377499161,NS
GENE_1619,0.3710361271072049,0.3941025928770784,0.9532866293118234,0.40439070781771824,NS
GENE_1520,0.29635157434802917,0.41023235166946703,0.9532866293118234,0.38697009336427596,NS
GENE_1777,0.36337231355300226,0.4006971493401257,0.9532866293118234,0.39718374723602246,NS
GENE_1015,0.28347477086149286,0.4016446347534699,0.9532866293118234,0.3961580300513171,NS
GENE_1022,0.417037085000894,0.3857206909394437,0.9532866293118234,0.41372706396048714,NS
GENE_1782,0.3598432345673377,0.3903636871616981,0.9532866293118234,0.40853058854321145,NS
GENE_1023,-0.25137969243032554,0.4035433082189829,0.9532866293118234,0.39410985000950643,NS
GENE_1745,0.2948065495824759,0.39410242876057355,0.9532866293118234,0.40439088867140605,NS
GENE_1274,-0.228380423384686,0.3801929562340124,0.9532866293118234,0.41999593349118974,NS
GENE_0172,0.21841320991849056,0.3922294800385254,0.9532866293118234,0.4064597677898379,NS
GENE_1087,-0.3850165339444036,0.4064024116654714,0.9532866293118234,0.3910437235344256,NS
GENE_1789,-0.3280515699647193,0.39223052055977015,0.9532866293118234,0.40645861567848857,NS
GENE_1642,0.341555301904525,0.40259346343057567,0.9532866293118234,0.39513328066216064,NS
GENE_0919,-0.19860025812584858,0.39880637514603856,0.9532866293118234,0.3992379078613443,NS
GENE_0234,-0.16205259616411816,0.40449531041218845,0.9532866293118234,0.39308650909229015,NS
GENE_1110,0.37239798976144645,0.39129546924523484,0.9532866293118234,0.407495180704444,NS
GENE_1118,0.1626260099889274,0.41311867297903704,0.9532866293118234,0.3839251744533891,NS
GENE_1127,0.36102051821279346,0.37744892067815616,0.9532866293118234,0.4231418121634501,NS
GENE_0229,-0.28640857006192455,0.40354385212803967,0.9532866293118234,0.3941092646533922,NS
GENE_0888,-0.29306873542572465,0.39880637514603856,0.9532866293118234,0.3992379078613443,NS
GENE_1160,-0.3240103387909654,0.41023202677278436,0.9532866293118234,0.38697043731787145,NS
GENE_1348,-0.32437595887784365,0.38019405845598186,0.9532866293118234,0.41999467442466193,NS
GENE_1230,0.4207952519708318,0.4131191593440172,0.9532866293118234,0.38392466315841123,NS
GENE_1828,-0.2541704830385969,0.3903636871616981,0.9532866293118234,0.40853058854321145,NS
GENE_0825,-0.24843419047824433,0.39036390644728114,0.9532866293118234,0.4085303445797101,NS
GENE_0808,0.2596245179585033,0.4136009477141799,0.9532866293118234,0.3834184747821816,NS
GENE_0545,0.27247924599082474,0.38943254519818815,0.9532866293118234,0.40956775695218195,NS
GENE_1960,-0.31302324165926887,0.4073578899893652,0.9532866293118234,0.39002386755596713,NS
GENE_1385,0.36300002895034034,0.39644978127905695,0.9532866293118234,0.4018118174123684,NS
GENE_1936,-0.1832882940938232,0.39036281001707107,0.9532866293118234,0.4085315644011405,NS
GENE_1894,0.2966680649129687,0.3847961559517884,0.9532866293118234,0.4147692751406311,NS
GENE_1454,-0.22992004132918176,0.3783620914087108,0.9532866293118234,0.4220923826210256,NS
GENE_1470,-0.44084337658662154,0.3829494493493538,0.9532866293118234,0.41685855062031135,NS
GENE_1932,0.2823494042211099,0.4140838796073233,0.9532866293118234,0.38291167636518814,NS
GENE_0011,0.36421689403510626,0.41119344880773345,0.9532866293118234,0.3859538131988599,NS
GENE_1549,0.2877358149201026,0.4140810714044493,0.9532866293118234,0.38291462164079,NS
GENE_1384,0.19689641271479275,0.38019405845598186,0.9532866293118234,0.41999467442466193,NS
GENE_0732,0.26964284191908927,0.3950404894744026,0.9532866293118234,0.4033583892997989,NS
GENE_1448,0.43727364789280365,0.3801938380120429,0.9532866293118234,0.41999492623715584,NS
GENE_0632,-0.3755081744701334,0.3811117505006436,0.9532866293118234,0.41894766078197265,NS
GENE_0721,-0.3508012626033432,0.4002235835764484,0.9532866293118234,0.39769732370744687,NS
GENE_1564,-0.3610494787053895,0.38943238064970953,0.9532866293118234,0.40956794045639144,NS
GENE_0642,-0.37619844119584833,0.39597989885381335,0.9532866293118234,0.40232685962610665,NS
GENE_0737,-0.31016816564572025,0.40640132587283895,0.9532866293118234,0.3910448838483538,NS
GENE_1571,-0.26488327833540204,0.3871097055281306,0.9532866293118234,0.4121659400102333,NS
GENE_0400,0.3058087298651655,0.39504065350132167,0.9532866293118234,0.4033582089740527,NS
GENE_0796,-0.18164843348730741,0.4111933946943126,0.9532866293118234,0.38595387035240086,NS
GENE_0035,0.3390712558986655,0.40975208715020583,0.9532866293118234,0.38747882559026686,NS
GENE_0655,-0.22454596222215883,0.3950404894744026,0.9532866293118234,0.4033583892997989,NS
GENE_0309,-0.3633564678296306,0.39786297895484346,0.9532866293118234,0.4002664699605005,NS
GENE_1587,-0.2251790191674976,0.4064024116654714,0.9532866293118234,0.3910437235344256,NS
GENE_0671,0.19798059294052184,0.38341019097516005,0.9532866293118234,0.4163363478339158,NS
GENE_0672,0.23840617821695975,0.38202782805025126,0.9532866293118234,0.41790500062629893,NS
GENE_0549,0.32641769888761196,0.3847963209057216,0.9532866293118234,0.4147690889678576,NS
GENE_1593,-0.3106215609190306,0.38387264718774605,0.9532866293118234,0.4158128323958568,NS
GENE_0004,0.3273029842376971,0.41601677685700433,0.9536201188699239,0.3808891550715645,NS
GENE_1851,0.2360635199133716,0.4150500940783076,0.9536201188699239,0.38189948336297347,NS
GENE_0454,0.373612020683904,0.4160148354158206,0.9536201188699239,0.3808911818147329,NS
GENE_1516,-0.42799549638654,0.417471613675215,0.9537150610023161,0.3793730493859676,NS
GENE_0920,-0.4379488197587671,0.4169856533355507,0.9537150610023161,0.3798788869552307,NS
GENE_0585,-0.3517488653238141,0.41844248301476616,0.9537150610023161,0.3783642294890935,NS
GENE_0746,0.14900486251437872,0.41844248301476616,0.9537150610023161,0.3783642294890935,NS
GENE_1978,-0.19534428294011796,0.4208744427216584,0.955178479230844,0.3758474456512417,NS
GENE_0117,0.4328074191534128,0.42087551741109064,0.955178479230844,0.3758463366955843,NS
GENE_0248,0.23050234352051646,0.4199012764750303,0.955178479230844,0.37685280513053065,NS
GENE_0132,-0.3433061558252577,0.4257652444706389,0.9575547044747839,0.37082979322806975,NS
GENE_0357,0.22743576704232638,0.4247844391804839,0.9575547044747839,0.37183140082919625,NS
GENE_1612,-0.2176464147679713,0.42871643336917,0.9575547044747839,0.36782986898583764,NS
GENE_1347,0.30579243144419,0.42871643336917,0.9575547044747839,0.36782986898583764,NS
GENE_1525,0.224925359108874,0.4297016597460904,0.9575547044747839,0.36683296882674066,NS
GENE_1955,0.2637983837848026,0.4272399438242269,0.9575547044747839,0.3693281507091451,NS
GENE_0086,-0.32148790269068783,0.4292089885543844,0.9575547044747839,0.36733119155535626,NS
GENE_1309,0.36956250275164937,0.4257652444706389,0.9575547044747839,0.37082979322806975,NS
GENE_0396,-0.2060237564242593,0.4277318308614534,0.9575547044747839,0.3688284293010658,NS
GENE_1306,-0.3798211844499937,0.4233167283538779,0.9575547044747839,0.37333456902130935,NS
GENE_0964,-0.24858568918997648,0.42970267363305925,0.9575547044747839,0.3668319441041538,NS
GENE_0751,0.3454421710072051,0.42674790510313454,0.9575547044747839,0.36982860215085483,NS
GENE_1712,0.32455634302003755,0.4242955502934658,0.9575547044747839,0.3723315227776385,NS
GENE_1360,-0.19063549236157495,0.4311842613800776,0.959519914058587,0.3653370996778321,NS
GENE_0914,-0.27920970112630794,0.4471693805669441,0.9613507021778139,0.3495279419420326,NS
GENE_1538,-0.18867045953716755,0.4557985058260964,0.9613507021778139,0.3412271028338902,NS
GENE_1449,0.3520057625156028,0.4568197264926587,0.9613507021778139,0.3402551505548245,NS
GENE_0092,0.43595259350350535,0.4456580643666206,0.9613507021778139,0.35099823033164473,NS
GENE_1940,-0.3106155671369981,0.4426410985482816,0.9613507021778139,0.3539482649589483,NS
GENE_1055,0.2247109654327213,0.44515455607245613,0.9613507021778139,0.3514891773434353,NS
GENE_1045,0.28299343127232746,0.4351491354002148,0.9613507021778139,0.3613618750424677,NS
GENE_0613,0.26246846354051634,0.4486870819211616,0.9613507021778139,0.3480564339906999,NS
GENE_0690,0.3802067733606709,0.4436450317585958,0.9613507021778139,0.35296437764534017,NS
GENE_1437,-0.3393981450024368,0.4466665280902862,0.9613507021778139,0.35001659109283995,NS
GENE_0965,0.3279397727389153,0.43366014584203416,0.9613507021778139,0.362850488471943,NS
GENE_1543,-0.22519353851912882,0.45682071582941597,0.9613507021778139,0.34025421000212014,NS
GENE_1784,0.30310686333897685,0.4441481979408045,0.9613507021778139,0.3524720956307876,NS
GENE_1382,-0.3317199113009055,0.45477909261338123,0.9613507021778139,0.3421995091807654,NS
GENE_1420,-0.3077460654079953,0.43763845020951864,0.9613507021778139,0.358884528584499,NS
GENE_1979,-0.18479948466927976,0.4507127088703544,0.9613507021778139,0.3461001958352805,NS
GENE_0318,0.2545584585465823,0.4426410985482816,0.9613507021778139,0.3539482649589483,NS
GENE_1695,0.3653566707631679,0.4578432719121839,0.9613507021778139,0.3392831634644906,NS
GENE_1858,0.4460636870059318,0.4386346959671733,0.9613507021778139,0.3578970186431685,NS
GENE_1827,-0.34351513129829936,0.449192964237632,0.9613507021778139,0.3475670547629893,NS
GENE_1183,-0.2729989062438474,0.45630994536461367,0.9613507021778139,0.34074006559090964,NS
GENE_0768,0.20729694222811546,0.4336601990296207,0.9613507021778139,0.36285043520655963,NS
GENE_1494,0.2959621135303827,0.45274308596501056,0.9613507021778139,0.3441481732616598,NS
GENE_0447,0.393175138824291,0.4517270163083328,0.9613507021778139,0.3451239349361346,NS
GENE_1353,-0.2460196805059356,0.4416380453686434,0.9613507021778139,0.3549335209175522,NS
GENE_1145,0.3043184718814711,0.4406360308543562,0.9613507021778139,0.3559199934280147,NS
GENE_1697,0.3158618849995074,0.4456580643666206,0.9613507021778139,0.35099823033164473,NS
GENE_1822,-0.1427323530842033,0.4578403589225075,0.9613507021778139,0.33928592663574253,NS
GENE_1139,-0.36083629359189207,0.4466663703513156,0.9613507021778139,0.3500167444626859,NS
GENE_0293,-0.35590215707148776,0.4431431397741279,0.9613507021778139,0.3534559695488773,NS
GENE_1859,-0.30704053015028254,0.4436450317585958,0.9613507021778139,0.35296437764534017,NS
GENE_1647,-0.219285856647792,0.4436450317585958,0.9613507021778139,0.35296437764534017,NS
GENE_1527,0.34433159290065607,0.44868687199847157,0.9613507021778139,0.34805663717971713,NS
GENE_1130,0.2693642004329204,0.447675973300678,0.9613507021778139,0.3490362135078711,NS
GENE_0197,-0.38635632228462846,0.45325207472255336,0.9613507021778139,0.34366019928210806,NS
GENE_0366,0.32741955490347596,0.44767513281283977,0.9613507021778139,0.3490370288734361,NS
GENE_1198,0.20647299543466513,0.43963468506055847,0.9613507021778139,0.35690805115262036,NS
GENE_0205,0.2709499937900457,0.4527436087490396,0.9613507021778139,0.3441476717805881,NS
GENE_0543,-0.3243024391537519,0.45784275173884514,0.9613507021778139,0.3392836568834242,NS
GENE_1207,-0.26305486080792395,0.43664155184269526,0.9613507021778139,0.35987493817032723,NS
GENE_0754,0.31178759745371654,0.4376386622378131,0.9613507021778139,0.3588843181763505,NS
GENE_0885,-0.31229794605853733,0.4507127088703544,0.9613507021778139,0.3461001958352805,NS
GENE_1656,-0.2735632293956165,0.4568205596187026,0.9613507021778139,0.3402543585099703,NS
GENE_0544,0.34868025885030285,0.4598921278974796,0.9631248751779677,0.3373440243027743,NS
GENE_0598,-0.23140837321524366,0.4593793813801953,0.9631248751779677,0.3378285014217048,NS
GENE_1995,-0.3735887315353388,0.46091744010348545,0.9640103322425839,0.3363768588153553,NS
GENE_0724,-0.19742695334958693,0.46194605388406784,0.9647115244781954,0.3354087384447571,NS
GENE_0463,0.2971455815468671,0.4624585870467349,0.9647115244781954,0.3349271520543566,NS
GENE_1690,0.20150066330181815,0.465552342809187,0.9673814915515574,0.3320314835005966,NS
GENE_0553,0.24388378038259173,0.4650361359427332,0.9673814915515574,0.332513298656779,NS
GENE_1818,0.2310523388978991,0.4650364457623416,0.9673814915515574,0.3325130093181855,NS
GENE_1997,0.3160352536988169,0.46813814749371885,0.968979987170027,0.32962596777879816,NS
GENE_0114,0.37311512271986036,0.4681384563015193,0.968979987170027,0.32962568129610026,NS
GENE_1842,-0.327497509394739,0.4671015841229217,0.968979987170027,0.3305886598484259,NS
GENE_0045,-0.23007742638166118,0.470212813345273,0.9720161516181354,0.3277055404826109,NS
GENE_1227,-0.17835545691913612,0.47542105281293423,0.9727284968039575,0.3229215905547402,NS
GENE_1040,-0.35319751240188424,0.4733311843991884,0.9727284968039575,0.3248348820387742,NS
GENE_1709,0.23060326194008418,0.47333353868041794,0.9727284968039575,0.3248327219258601,NS
GENE_0191,0.3668815648360839,0.4712515848826426,0.9727284968039575,0.3267471761927741,NS
GENE_1211,0.2224183847911858,0.4733340504765645,0.9727284968039575,0.3248322523412987,NS
GENE_1215,0.13136898478791625,0.47542100175125623,0.9727284968039575,0.32292163719930095,NS
GENE_1773,0.30219953445659886,0.47489831853928954,0.9727284968039575,0.3233993681109715,NS
GENE_1601,-0.23811653908162178,0.47542054219549346,0.9727284968039575,0.32292205700117677,NS
GENE_0152,0.15646748868797555,0.4796099566448202,0.9736571917105383,0.3191118095785698,NS
GENE_0583,0.36013552809824745,0.4769878274019067,0.9736571917105383,0.32149270389413487,NS
GENE_1547,-0.3315780700625153,0.4785609990306562,0.9736571917105383,0.32006269769070683,NS
GENE_1147,0.2884241506450609,0.4796099566448202,0.9736571917105383,0.3191118095785698,NS
GENE_0417,-0.3365690825278502,0.4785607955019654,0.9736571917105383,0.3200628823931926,NS
GENE_0893,0.26820242698224916,0.47856094814850536,0.9736571917105383,0.32006274386630107,NS
GENE_0250,0.2045187344974293,0.4801347026622592,0.9736571917105383,0.3186369034245766,NS
GENE_1755,-0.34543164215119493,0.48171224102380394,0.9747851472401597,0.31721231747725387,NS
GENE_0967,0.3295922527621862,0.4827646518232409,0.9747851472401597,0.31626453658653503,NS
GENE_1701,0.1615932865037344,0.4843463700349544,0.9747851472401597,0.3148439507629087,NS
GENE_1042,-0.25366865122255877,0.4838191221376944,0.9747851472401597,0.3153169708754056,NS
GENE_1404,0.28248448942999094,0.48381927386484236,0.9747851472401597,0.3153168346793568,NS
GENE_1133,-0.12705086626576634,0.48276510756323987,0.9747851472401597,0.3162641266035908,NS
GENE_0823,-0.19208627928147326,0.486458429950837,0.9765790312689325,0.3129542662164397,NS
GENE_1880,0.23494999596152155,0.48592857272479184,0.9765790312689325,0.3134275635591848,NS
GENE_1705,0.4262637719246669,0.49123333224036314,0.9775787706275885,0.3087121721663204,NS
GENE_1323,0.18945873877514074,0.490169963936785,0.9775787706275885,0.3096533044592304,NS
GENE_0165,-0.3106636316239939,0.49123157763164393,0.9775787706275885,0.3087137234011319,NS
GENE_1972,0.2628403438946414,0.49017041570125686,0.9775787706275885,0.309652904192504,NS
GENE_0100,-0.3120924893299808,0.4891087874605027,0.9775787706275885,0.31059453445673174,NS
GENE_0657,-0.17607745811430586,0.48804744281129864,0.9775787706275885,0.3115379584283105,NS
GENE_0120,-0.3481028568610913,0.4891086366799101,0.9775787706275885,0.3105946683393998,NS
GENE_1254,0.253433880379653,0.4933617730207528,0.9778585897357658,0.3068345038314971,NS
GENE_1951,-0.30771655065287096,0.49870788076524053,0.9778585897357658,0.30215376884637607,NS
GENE_0868,-0.32984691801254673,0.49442934430209784,0.9778585897357658,0.30589576184664813,NS
GENE_0507,0.3513964886056815,0.4922969344919801,0.9778585897357658,0.30777286854851665,NS
GENE_1691,-0.23006895048057618,0.4949625929072896,0.9778585897357658,0.30542762189031347,NS
GENE_1301,0.36668051127995227,0.4965661804139372,0.9778585897357658,0.3040228622276114,NS
GENE_0159,0.30342982356463377,0.4976359446413522,0.9778585897357658,0.30308825774730586,NS
GENE_1854,0.33126970496503017,0.49656613061067867,0.9778585897357658,0.3040229057853128,NS
GENE_0303,-0.19924167161775053,0.4987061919947374,0.9778585897357658,0.30215523949679246,NS
GENE_1911,0.23748061525695618,0.49870788076524053,0.9778585897357658,0.30215376884637607,NS
GENE_0820,-0.11962465479285722,0.4965659812008153,0.9778585897357658,0.3040230364585202,NS
GENE_0439,0.20508731718192763,0.4933625730433455,0.9778585897357658,0.3068337995914551,NS
GENE_1948,0.042891759564112064,0.5084045411221978,0.9784378563527014,0.2937905789372579,NS
GENE_1095,-0.2620261645181339,0.5258886753713633,0.9784378563527014,0.2791061813004071,NS
GENE_1834,0.2915266673477541,0.5019295422647596,0.9784378563527014,0.29935724212430054,NS
GENE_0236,-0.264176409828095,0.5292006928124029,0.9784378563527014,0.2763795959198983,NS
GENE_0802,-0.34389167588975766,0.5046229227594174,0.9784378563527014,0.29703302531703546,NS
GENE_1605,0.24369549789972567,0.5062423639092519,0.9784378563527014,0.29564151456658166,NS
GENE_1794,0.20592988879286178,0.5314140607315609,0.9784378563527014,0.2745669587376691,NS
GENE_1793,-0.2823059200953164,0.5182016134890416,0.9784378563527014,0.28550123911496345,NS
GENE_1479,0.14025184669744473,0.5105720557459988,0.9784378563527014,0.29194295836729106,NS
GENE_1514,-0.2228989846936198,0.52699159851276,0.9784378563527014,0.27819630840914705,NS
GENE_1664,-0.3594235317514718,0.5051566199931323,0.9784378563527014,0.2965739512808161,NS
GENE_1730,-0.22312362836885313,0.5214893845122359,0.9784378563527014,0.28275452768746306,NS
GENE_1257,-0.16306514460317523,0.5116606781011437,0.9784378563527014,0.2910179579348243,NS
GENE_0562,-0.26202850107648423,0.5154711383852866,0.9784378563527014,0.28779564617272196,NS
GENE_1953,-0.2350704818710545,0.5105743055300159,0.9784378563527014,0.2919410446968886,NS
GENE_0850,-0.3217303522949315,0.5154715756402131,0.9784378563527014,0.2877952777770795,NS
GENE_0295,-0.2191325747154398,0.5171088168526232,0.9784378563527014,0.28641805732017905,NS
GENE_1501,-0.19549336797340722,0.5073237543359793,0.9784378563527014,0.2947148023080397,NS
GENE_1159,-0.06917813932280392,0.5138365945576049,0.9784378563527014,0.2891749692629529,NS
GENE_1651,-0.0640988393490014,0.5203910322998158,0.9784378563527014,0.28367019607713556,NS
GENE_0880,-0.327065265072255,0.5303070513725212,0.9784378563527014,0.2754725981278716,NS
GENE_0926,-0.19887781860120857,0.5122038767063829,0.9784378563527014,0.29055713881991513,NS
GENE_1370,-0.26370911790252904,0.5308601716607868,0.9784378563527014,0.27501985683401486,NS
GENE_0765,0.18896725433860873,0.5203922386204134,0.9784378563527014,0.28366918933847324,NS
GENE_0317,-0.17858986122767195,0.5160162464310609,0.9784378563527014,0.2873366246823107,NS
GENE_1702,-0.2116038172897854,0.5073220842509829,0.9784378563527014,0.29471623198659486,NS
GENE_0464,0.18648466177726775,0.5203927211461256,0.9784378563527014,0.2836687866457706,NS
GENE_1510,0.19699637539207515,0.5192968619887937,0.9784378563527014,0.28458430175516264,NS
GENE_0196,-0.18188549904276918,0.5236858921373507,0.9784378563527014,0.2809291256391445,NS
GENE_1252,0.29261436880729086,0.5292006928124029,0.9784378563527014,0.2763795959198983,NS
GENE_0851,-0.2956712939250634,0.5127481081526281,0.9784378563527014,0.2900959333396838,NS
GENE_1500,-0.28342292191984697,0.5258883881151928,0.9784378563527014,0.2791064185251462,NS
GENE_1068,0.26187437679701375,0.5225876216891177,0.9784378563527014,0.28184088143567076,NS
GENE_1383,0.23129414174596086,0.5258879093537572,0.9784378563527014,0.2791068139009502,NS
GENE_1312,0.14340105111268286,0.5258879093537572,0.9784378563527014,0.2791068139009502,NS
GENE_0618,0.3269725994908521,0.503005921666724,0.9784378563527014,0.29842690215670914,NS
GENE_0951,0.23946374261285808,0.5280946503450855,0.9784378563527014,0.2772882319384644,NS
GENE_1759,-0.23693890875326584,0.5084060616677077,0.9784378563527014,0.29378928004339777,NS
GENE_0345,0.28031208242015815,0.5127481569173684,0.9784378563527014,0.29009589203625175,NS
GENE_0999,0.26071417792440066,0.5303065756889875,0.9784378563527014,0.27547298768864764,NS
GENE_1282,-0.27311926533734443,0.5275430006815487,0.9784378563527014,0.2777421347078346,NS
GENE_0142,-0.331658394682929,0.501391513018114,0.9784378563527014,0.29982302155569585,NS
GENE_0679,-0.2960875562788958,0.5171093015950449,0.9784378563527014,0.2864176502088452,NS
GENE_1394,0.29580241432748,0.5214890954442535,0.9784378563527014,0.28275476842230485,NS
GENE_1409,-0.27138360913877957,0.5182023879019959,0.9784378563527014,0.2855005900953296,NS
GENE_1740,-0.24276479661802242,0.5024677278463735,0.9784378563527014,0.29889182658075164,NS
GENE_0698,0.3131673318463317,0.5008540858204951,0.9784378563527014,0.3002887790286975,NS
GENE_0104,-0.21141817663993212,0.5100317180433389,0.9784378563527014,0.29240281499447845,NS
GENE_1059,-0.3114038574549376,0.5062423639092519,0.9784378563527014,0.29564151456658166,NS
GENE_0096,-0.19725467940681707,0.5105747946094311,0.9784378563527014,0.29194062868615867,NS
GENE_0604,-0.23746293306080535,0.526991646312315,0.9784378563527014,0.2781962690174716,NS
GENE_0667,0.25464329114600126,0.5303068610992798,0.9784378563527014,0.27547275395199916,NS
GENE_0610,-0.36814954033060676,0.5030060698594783,0.9784378563527014,0.29842677420734876,NS
GENE_1722,0.12038738776392766,0.5325230016835185,0.979352646774287,0.27366162866202987,NS
GENE_1398,0.13522239495021804,0.5336325431933231,0.980266439849962,0.272757693150129,NS
GENE_0059,-0.29460129679654745,0.5347440092988667,0.9811816684382874,0.2718540721010223,NS
GENE_0849,-0.22584296325195385,0.5358535258220338,0.9820912271652394,0.2709539073606902,NS
GENE_1316,-0.14304475369477032,0.5470414266501264,0.9823415068913606,0.2619797839329193,NS
GENE_1603,0.24019525120892737,0.5380837854412439,0.9823415068913606,0.26915009473940654,NS
GENE_0614,0.2195023649804364,0.5380839735065321,0.9823415068913606,0.26914994294947187,NS
GENE_0459,-0.2606596307679734,0.5447935323687428,0.9823415068913606,0.26376805688315463,NS
GENE_1766,-0.2532491129231378,0.5464789666483748,0.9823415068913606,0.26242654889147143,NS
GENE_1984,0.2545874999833275,0.5386400062358115,0.9823415068913606,0.26870139351230293,NS
GENE_1986,0.31061028868381957,0.5403163713996609,0.9823415068913606,0.26735187328846055,NS
GENE_0845,0.21607246629356425,0.5470404993600729,0.9823415068913606,0.2619805201062237,NS
GENE_0211,-0.21383534511499747,0.5436737486094347,0.9823415068913606,0.26466163648386226,NS
GENE_0815,0.1589718998012586,0.5403162308333134,0.9823415068913606,0.26735198627263107,NS
GENE_1909,0.2389298800009394,0.5447942303162598,0.9823415068913606,0.26376750049886755,NS
GENE_0166,0.14766922349235578,0.5414341881749347,0.9823415068913606,0.26645432472557906,NS
GENE_0702,-0.316649967929858,0.5447925552368613,0.9823415068913606,0.26376883582662514,NS
GENE_0024,0.23580425532903515,0.5453546704817942,0.9823415068913606,0.2633209631632925,NS
GENE_1941,0.2686722374959718,0.5391994292592431,0.9823415068913606,0.26825057617172116,NS
GENE_1091,-0.10505950845932688,0.5459177209321262,0.9823415068913606,0.26287280791399775,NS
GENE_0596,0.23034800993060411,0.5459175351437026,0.9823415068913606,0.2628729557144773,NS
GENE_0195,0.08646409752269602,0.5375265394788029,0.9823415068913606,0.269600088315325,NS
GENE_0090,0.30299308701872096,0.5481653503929083,0.9832562338886247,0.2610884197427943,NS
GENE_0912,-0.18288990618050072,0.5492920822061221,0.9841739434824137,0.26019666108964273,NS
GENE_1981,-0.2072254085950842,0.5532383398491091,0.9867396092088274,0.25708773057296647,NS
GENE_0516,0.19506694899002053,0.5526766094790238,0.9867396092088274,0.25752891535154937,NS
GENE_0348,-0.25055380531791904,0.5526768851529322,0.9867396092088274,0.25752869872644646,NS
GENE_0122,-0.1619863379022437,0.5538076056684544,0.9867396092088274,0.2566410842040965,NS
GENE_0448,-0.332570290352753,0.5515467449219621,0.9867396092088274,0.2584176741551437,NS
GENE_1281,-0.2526320535864537,0.5566388463932699,0.9882141563670525,0.254426488649584,NS
GENE_0467,0.039230489425689186,0.5583408617930764,0.9882141563670525,0.2531005874426538,NS
GENE_0356,0.2150911968238809,0.5583409983473846,0.9882141563670525,0.253100481226578,NS
GENE_1634,-0.22613671421195125,0.5560718879671989,0.9882141563670525,0.2548690599839231,NS
GENE_0285,-0.15654803303431652,0.5572050827565063,0.9882141563670525,0.25398493064894345,NS
GENE_0928,0.18946281250812813,0.5572058124273027,0.9882141563670525,0.2539843619323204,NS
GENE_0858,-0.22186876465506433,0.5594772156647732,0.9891309890205934,0.2522175951276705,NS
GENE_0070,0.03514586169740408,0.56118312088993,0.9899591989238016,0.2508954000360586,NS
GENE_0029,-0.24619233731419943,0.56118312088993,0.9899591989238016,0.2508954000360586,NS
GENE_1796,-0.20424321933364809,0.56403263700714,0.9904487120910462,0.24869576541024493,NS
GENE_0175,0.2551486314539444,0.562892401175052,0.9904487120910462,0.24957461410408802,NS
GENE_1291,0.18801076164551667,0.56403263700714,0.9904487120910462,0.24869576541024493,NS
GENE_0871,-0.2642364308809251,0.5651746613557477,0.9904487120910462,0.24781731724113032,NS
GENE_1567,0.18589293707718912,0.564032907499449,0.9904487120910462,0.24869555713632366,NS
GENE_0156,0.1548493788525711,0.5651747963369533,0.9904487120910462,0.24781721351817565,NS
GENE_1744,0.33787868551759015,0.5663172556261171,0.9913649989078636,0.24694020526552057,NS
GENE_0392,-0.2518662236814402,0.5686065732463572,0.9942847182449962,0.2451881240544399,NS
GENE_1856,0.3747259359241131,0.5720484144608906,0.9956206094970373,0.24256721378839824,NS
GENE_0688,-0.17995881449906115,0.5726216390456293,0.9956206094970373,0.2421322442631784,NS
GENE_1255,-0.32701077359941966,0.5737727739417742,0.9956206094970373,0.24126006328308416,NS
GENE_1852,-0.04450106097444806,0.5709001681242847,0.9956206094970373,0.2434398290979968,NS
GENE_0080,0.20873976565312713,0.5703248740464559,0.9956206094970373,0.24387768676042776,NS
GENE_1958,0.07685197864895521,0.574347753593438,0.9956206094970373,0.24082507321921645,NS
GENE_0599,0.19819632910530682,0.5720484144608906,0.9956206094970373,0.24256721378839824,NS
GENE_0576,-0.05692234680156183,0.5743486391036035,0.9956206094970373,0.24082440363901936,NS
GENE_0560,-0.338744347458487,0.5766530544103132,0.996376767879591,0.23908540326299713,NS
GENE_1624,0.27588435519004584,0.5766521725598137,0.996376767879591,0.23908606741121538,NS
GENE_0261,-0.16558310237637208,0.5755003018207063,0.996376767879591,0.23995444426871085,NS
GENE_0453,0.18830060598550968,0.577806850611063,0.9972933775379728,0.23821731336592186,NS
GENE_1326,0.20662716456737584,0.6465087279022044,0.9975848800918922,0.18942560774541237,NS
GENE_1569,-0.08479348549044641,0.6562446395194004,0.9975848800918922,0.18293423107041015,NS
GENE_0111,0.31043667599247726,0.6260213551424527,0.9975848800918922,0.20341085167401293,NS
GENE_0151,0.08451259119394194,0.6660390638887013,0.9975848800918922,0.17650029825645475,NS
GENE_1566,-0.17171480462721878,0.646508880317811,0.9975848800918922,0.18942550535971173,NS
GENE_0203,0.26551054895456794,0.5835918947190692,0.9975848800918922,0.23389074848390967,NS
GENE_0129,-0.19042191291112331,0.6368332346755535,0.9975848800918922,0.19597427997584094,NS
GENE_1660,0.1989721912013085,0.6740391636735927,0.9975848800918922,0.17131486893471176,NS
GENE_0187,-0.17657995558032535,0.6344216896711973,0.9975848800918922,0.19762197773412768,NS
GENE_1354,-0.1994306001798476,0.6117304989643915,0.9975848800918922,0.21343986640142407,NS
GENE_1536,-0.05481850051469461,0.6538051653464759,0.9975848800918922,0.18455165262593104,NS
GENE_0133,0.020364923912954858,0.6368328448676697,0.9975848800918922,0.19597454580911652,NS
GENE_1517,-0.09241620055988964,0.657465773398672,0.9975848800918922,0.1821268509157608,NS
GENE_0164,-0.17451889143445865,0.6022838449600167,0.9975848800918922,0.22019878573995313,NS
GENE_1557,-0.1308342713364974,0.6489370935073375,0.9975848800918922,0.18779740068308703,NS
GENE_1482,0.10667143956700897,0.5958283555354421,0.9975848800918922,0.22487883250811608,NS
GENE_0089,0.2502479997958096,0.6046392400147473,0.9975848800918922,0.21850367130164558,NS
GENE_1578,0.17581551776327764,0.6501528303833434,0.9975848800918922,0.18698454244883916,NS
GENE_1246,0.15337320916380648,0.6105465505437245,0.9975848800918922,0.21428121808511,NS
GENE_1451,-0.2627789626325816,0.5923206863359558,0.9975848800918922,0.22744309969963444,NS
GENE_1285,0.17708222177566935,0.6721899421038695,0.9975848800918922,0.17250799011329598,NS
GENE_1256,0.191238876546314,0.6314172436491337,0.9975848800918922,0.199683561944264,NS
GENE_1375,-0.4077051579858155,0.6392462756704727,0.9975848800918922,0.19433179354875132,NS
GENE_1363,-0.1670313759041555,0.6586865279413626,0.9975848800918922,0.1813212190551601,NS
GENE_1331,-0.24065717216935045,0.6320184021685253,0.9975848800918922,0.19927027639499553,NS
GENE_1259,-0.1868082023484554,0.6117294692687174,0.9975848800918922,0.21344059742844726,NS
GENE_1342,0.1466064010728525,0.6069994240548733,0.9975848800918922,0.21681172100037516,NS
GENE_0160,-0.19598083700853497,0.5859138640844108,0.9975848800918922,0.23216622545362137,NS
GENE_0075,-0.17360614322538392,0.6746552298338021,0.9975848800918922,0.1709181086993863,NS
GENE_1286,-0.07459109551597987,0.6525866431191739,0.9975848800918922,0.18536181942188312,NS
GENE_0181,-0.219875555594216,0.5975859276310257,0.9975848800918922,0.22359963814070286,NS
GENE_0082,-0.16156436016456954,0.6525867557571644,0.9975848800918922,0.1853617444616399,NS
GENE_1290,-0.1823092161981812,0.6611343229872244,0.9975848800918922,0.17971029572511138,NS
GENE_1237,0.011728251916037102,0.6392464307239848,0.9975848800918922,0.19433168820769714,NS
GENE_0119,0.25196794486501783,0.6586871196357595,0.9975848800918922,0.1813208289310491,NS
GENE_1609,0.21185506549440092,0.6783626273538902,0.9975848800918922,0.168538086430981,NS
GENE_1447,-0.12480346589606839,0.6513691967603203,0.9975848800918922,0.1861727830651704,NS
GENE_1626,-0.16808392041332088,0.6635851479925123,0.9975848800918922,0.17810334268546832,NS
GENE_1504,-0.09139350019851289,0.6574656621158639,0.9975848800918922,0.18212692442455095,NS
GENE_1588,-0.37435282948634985,0.6290169801466805,0.9975848800918922,0.20133763073204494,NS
GENE_0115,0.1261901668565475,0.6392462756704727,0.9975848800918922,0.19433179354875132,NS
GENE_0125,-0.11201552985260399,0.6284173171698336,0.9975848800918922,0.2017518557013258,NS
GENE_1272,-0.32274554495894403,0.6380385758299953,0.9975848800918922,0.1951530630286182,NS
GENE_0969,0.22794918551757615,0.6141026358119883,0.9975848800918922,0.21175903856288122,NS
GENE_0824,0.27399975727553283,0.6152900774183423,0.9975848800918922,0.2109200885804379,NS
GENE_0864,0.049767845060559424,0.6380391977874913,0.9975848800918922,0.19515263968027055,NS
GENE_0623,0.08465244071014233,0.6152899138948646,0.9975848800918922,0.21092020400136868,NS
GENE_1928,0.27696238302098575,0.629616768613036,0.9975848800918922,0.20092371390958266,NS
GENE_0620,-0.11990735936615327,0.6783620653992443,0.9975848800918922,0.1685384462000677,NS
GENE_0612,0.2474815845203775,0.6697268637997416,0.9975848800918922,0.1741022804784827,NS
GENE_1806,0.09156700574772181,0.6654253208478333,0.9975848800918922,0.1769006773246287,NS
GENE_0291,0.15032173471962995,0.6740391636735927,0.9975848800918922,0.17131486893471176,NS
GENE_1804,-0.220762911704532,0.6218383345447465,0.9975848800918922,0.20632250846189482,NS
GENE_0603,0.12243705206564126,0.6623593208351795,0.9975848800918922,0.1789063478404847,NS
GENE_0289,0.3145755085226085,0.616478445656796,0.9975848800918922,0.21008210332771243,NS
GENE_0287,0.13291551370479038,0.6069994240548733,0.9975848800918922,0.21681172100037516,NS
GENE_0901,-0.18427850400938972,0.6623593208351795,0.9975848800918922,0.1789063478404847,NS
GENE_1803,-0.15676681505043444,0.632017613930819,0.9975848800918922,0.1992708180366607,NS
GENE_1798,-0.015751049445818843,0.6513679916916977,0.9975848800918922,0.1861735865344469,NS
GENE_0624,-0.07433849889792477,0.6562445278964559,0.9975848800918922,0.18293430494108281,NS
GENE_0908,0.251649579355651,0.6635851479925123,0.9975848800918922,0.17810334268546832,NS
GENE_0925,0.07354725908995974,0.656855091910207,0.9975848800918922,0.18253042910846343,NS
GENE_0589,-0.21025219601800949,0.6758908909817409,0.9975848800918922,0.17012340652739436,NS
GENE_0281,-0.2031477827587187,0.6296164119837289,0.9975848800918922,0.2009239599039585,NS
GENE_0936,0.09647172388058411,0.6428726205602205,0.9975848800918922,0.19187507010539154,NS
GENE_0584,0.11696534944849812,0.6562439325722518,0.9975848800918922,0.18293469891942943,NS
GENE_0580,-0.25084591981116056,0.6028731029604888,0.9975848800918922,0.21977409164702613,NS
GENE_0950,-0.29663116384083477,0.5801173906083374,0.9975848800918922,0.23648411517017034,NS
GENE_0025,-0.17783617459325285,0.60936238090108,0.9975848800918922,0.21512436053568243,NS
GENE_0046,0.14705074800211104,0.5952432778078982,0.9975848800918922,0.2253055004630586,NS
GENE_1942,0.16179664417036488,0.5801176535011787,0.9975848800918922,0.23648391836020347,NS
GENE_1772,0.17550552888322812,0.6105465505437245,0.9975848800918922,0.21428121808511,NS
GENE_0352,0.16912321762989446,0.6703423826647814,0.9975848800918922,0.1737033212961892,NS
GENE_0988,-0.1891081674730053,0.6058193189381845,0.9975848800918922,0.2176568815900358,NS
GENE_0353,0.07918174597025729,0.6308169597309541,0.9975848800918922,0.20009663902963634,NS
GENE_0591,0.15467683295976542,0.6152900774183423,0.9975848800918922,0.2109200885804379,NS
GENE_0570,-0.19265271267323136,0.5847526479968317,0.9975848800918922,0.23302780285304067,NS
GENE_0626,-0.20315878992306224,0.6380385758299953,0.9975848800918922,0.1951530630286182,NS
GENE_1829,0.2307993364711649,0.6684968509565379,0.9975848800918922,0.1749006341991846,NS
GENE_0676,-0.084733329208734,0.6284173171698336,0.9975848800918922,0.2017518557013258,NS
GENE_0332,-0.08246360504477668,0.5958283555354421,0.9975848800918922,0.22487883250811608,NS
GENE_0670,0.19929392470955065,0.6022838449600167,0.9975848800918922,0.22019878573995313,NS
GENE_0661,-0.13164140399688407,0.6398499410878679,0.9975848800918922,0.1939218657016976,NS
GENE_1888,-0.196619156054183,0.5917368049001086,0.9975848800918922,0.2278714175948462,NS
GENE_0648,0.2131361853054754,0.6188582789189119,0.9975848800918922,0.20840879480928165,NS
GENE_0326,0.2397554329748619,0.6117307460901381,0.9975848800918922,0.21343969095598428,NS
GENE_0031,0.026211795779822467,0.6477224421253929,0.9975848800918922,0.18861105535868766,NS
GENE_0735,-0.24093246054115625,0.5987585268683615,0.9975848800918922,0.22274828878321098,NS
GENE_1873,0.1678801084273367,0.6580763502974398,0.9975848800918922,0.18172371643275723,NS
GENE_0324,0.13124631813316245,0.6771263245366097,0.9975848800918922,0.1693303018741844,NS
GENE_0749,-0.25001604514248044,0.5882400217612185,0.9975848800918922,0.2304454309701238,NS
GENE_0033,-0.1926149700347919,0.5830125300860189,0.9975848800918922,0.23432211129803832,NS
GENE_0342,-0.11910684570231922,0.6740394834882286,0.9975848800918922,0.1713146628729484,NS
GENE_0304,0.25600414834123786,0.672189620706382,0.9975848800918922,0.17250819776470513,NS
GENE_1863,0.17047916045751244,0.6635850019007777,0.9975848800918922,0.1781034382976763,NS
GENE_0771,0.24396860553591182,0.5830121378453625,0.9975848800918922,0.2343224034838854,NS
GENE_0772,-0.31673370349644525,0.6623593208351795,0.9975848800918922,0.1789063478404847,NS
GENE_1922,0.2522074464174189,0.6525846907099643,0.9975848800918922,0.18536311874638434,NS
GENE_0774,0.1617774937145926,0.6296166497367144,0.9975848800918922,0.20092379590761375,NS
GENE_1847,-0.2854474290621818,0.6081807218756743,0.9975848800918922,0.21596735024862568,NS
GENE_0809,0.11737691723281074,0.5818534306600109,0.9975848800918922,0.2351864006974982,NS
GENE_0630,0.038311662052224804,0.667881744840629,0.9975848800918922,0.17530042691006636,NS
GENE_0817,0.1945801730163348,0.6611334041723655,0.9975848800918922,0.17971089928854245,NS
GENE_0208,-0.13643486519960302,0.5929011529542438,0.9975848800918922,0.22701770512614583,NS
GENE_0827,0.21025084581545528,0.6272183272464001,0.9975848800918922,0.20258126010408314,NS
GENE_0830,0.12135363945230537,0.6635851479925123,0.9975848800918922,0.17810334268546832,NS
GENE_0307,0.2624007791286367,0.5929047460043768,0.9975848800918922,0.22701507325891135,NS
GENE_0037,0.07028623222766939,0.6428732355224305,0.9975848800918922,0.19187465466606798,NS
GENE_0846,-0.20237494580271154,0.6519779168061997,0.9975848800918922,0.18576711404051935,NS
GENE_1860,-0.15378513170092134,0.6308169597309541,0.9975848800918922,0.20009663902963634,NS
GENE_1000,-0.30573406345077814,0.6344225128173355,0.9975848800918922,0.19762141424835858,NS
GENE_0954,0.021796026301017513,0.6586877113270848,0.9975848800918922,0.18132043880931378,NS
GENE_1760,-0.07095309368349412,0.6380391977874913,0.9975848800918922,0.19515263968027055,NS
GENE_1084,0.08787123652803874,0.5888217528099313,0.9975848800918922,0.23001615425680993,NS
GENE_1088,-0.20611847149647033,0.5894046118950214,0.9975848800918922,0.22958647026294676,NS
GENE_0488,-0.28686389645045285,0.6709580508216167,0.9975848800918922,0.173304631643521,NS
GENE_1098,-0.10818813128491023,0.6218386973452811,0.9975848800918922,0.20632225508056481,NS
GENE_0239,-0.23063140984258457,0.6248252102291192,0.9975848800918922,0.2042414560153358,NS
GENE_0481,-0.13047338483137327,0.6392456554544288,0.9975848800918922,0.19433221491457908,NS
GENE_0237,0.23668250707243654,0.5847526045555065,0.9975848800918922,0.2330278351168168,NS
GENE_0480,0.24254326681733307,0.6691105581662482,0.9975848800918922,0.174502117158137,NS
GENE_1966,-0.04711432207669741,0.5952432778078982,0.9975848800918922,0.2253055004630586,NS
GENE_1122,0.2054836789869423,0.5864950900154389,0.9975848800918922,0.23173561933383469,NS
GENE_1967,-0.06459513956921725,0.644690034535675,0.9975848800918922,0.19064904295721435,NS
GENE_1126,-0.1747651022809924,0.582432213437236,0.9975848800918922,0.2347546128654493,NS
GENE_0232,0.005479723830719152,0.6356216277512308,0.9975848800918922,0.19680133384789736,NS
GENE_0231,-0.35804067225054226,0.5801176535011787,0.9975848800918922,0.23648391836020347,NS
GENE_1082,-0.16641332532080888,0.6586871196357595,0.9975848800918922,0.1813208289310491,NS
GENE_1140,-0.13964591850455133,0.6672674391231959,0.9975848800918922,0.17570006704813204,NS
GENE_1146,0.14328361951822277,0.6446887333557487,0.9975848800918922,0.19064991949601895,NS
GENE_0471,-0.07372928369259668,0.652585479186869,0.9975848800918922,0.18536259401608213,NS
GENE_1152,0.06658899072984248,0.6164784864347741,0.9975848800918922,0.21008207460059244,NS
GENE_0009,-0.08231391975904678,0.6599106727261224,0.9975848800918922,0.18051484774246923,NS
GENE_1164,-0.12526224441820855,0.5946583353547374,0.9975848800918922,0.22573248921119046,NS
GENE_0223,0.2676469819702074,0.6320180080503037,0.9975848800918922,0.1992705472153097,NS
GENE_0450,0.16796156398089224,0.6789812090125441,0.9975848800918922,0.16814224476970013,NS
GENE_1685,-0.2972242227250428,0.6783627327200588,0.9975848800918922,0.16853801897452012,NS
GENE_1684,0.18027325861770915,0.6284166814591579,0.9975848800918922,0.2017522950364152,NS
GENE_1191,0.1683853650704874,0.628417476096994,0.9975848800918922,0.20175174586797434,NS
GENE_1672,-0.015126374906437867,0.6368330787525502,0.9975848800918922,0.1959743863090292,NS
GENE_0212,0.18764704460798587,0.6477224421253929,0.9975848800918922,0.18861105535868766,NS
GENE_0425,-0.29538142334144357,0.6046399086923943,0.9975848800918922,0.21850319101053572,NS
GENE_0411,-0.25372728826752233,0.6721899421038695,0.9975848800918922,0.17250799011329598,NS
GENE_1141,0.18626415019120568,0.6344238847152397,0.9975848800918922,0.19762047511547273,NS
GENE_0378,0.24712430701634602,0.6326180315305056,0.9975848800918922,0.19885843353538568,NS
GENE_1112,-0.05671407931807604,0.6648115838653891,0.9975848800918922,0.17730142188792225,NS
GENE_0495,-0.16579628942595015,0.6544133895944282,0.9975848800918922,0.1841478233839742,NS
GENE_0555,0.16183153457742439,0.6368330787525502,0.9975848800918922,0.1959743863090292,NS
GENE_1007,0.11038213953232123,0.6404543097167624,0.9975848800918922,0.19351184756749978,NS
GENE_1010,0.2663439921730584,0.6684925236036413,0.9975848800918922,0.1749034455087133,NS
GENE_0542,-0.19215211202923044,0.6069994240548733,0.9975848800918922,0.21681172100037516,NS
GENE_1748,-0.30042282823524324,0.6489364873991044,0.9975848800918922,0.18779780631498363,NS
GENE_0241,-0.1453802110774438,0.6471152394066169,0.9975848800918922,0.18901837252786233,NS
GENE_1051,-0.09288476775822652,0.5894044396473077,0.9975848800918922,0.22958659718126567,NS
GENE_0244,0.20208033517066948,0.6465084992784255,0.9975848800918922,0.18942576132425654,NS
GENE_0056,0.27429399252771614,0.6501520749802041,0.9975848800918922,0.1869850470495888,NS
GENE_0523,0.20574193013565445,0.6538044166744047,0.9975848800918922,0.18455214993667846,NS
GENE_0538,-0.17912754450377566,0.6356280775986758,0.9975848800918922,0.19679692695105763,NS
GENE_1063,-0.14711466958087538,0.5917365476783798,0.9975848800918922,0.22787160637810389,NS
GENE_0517,-0.10916610859843434,0.6513691967603203,0.9975848800918922,0.1861727830651704,NS
GENE_1961,-0.15987414050694415,0.6586874894431978,0.9975848800918922,0.18132058510468615,NS
GENE_0512,0.18685953899158658,0.6783627327200588,0.9975848800918922,0.16853801897452012,NS
GENE_0103,0.006505849660283225,0.866524038346962,0.9980285258168526,0.062219384967798115,NS
GENE_0098,0.057330231431774514,0.913909099923341,0.9980285258168526,0.039096998319671325,NS
GENE_1943,0.0338679081873563,0.9212826721029344,0.9980285258168526,0.03560709716555347,NS
GENE_1944,-0.009577516868166214,0.879831127330098,0.9980285258168526,0.055600677289182485,NS
GENE_1921,-0.024402751926106525,0.9535276959106669,0.9980285258168526,0.020666688033299584,NS
GENE_1982,-0.000561814547817896,0.8552423928774019,0.9980285258168526,0.06791078004387655,NS
GENE_1920,-0.06906741679116646,0.9602567671114236,0.9980285258168526,0.017612623596481507,NS
GENE_1987,-0.030185112100059364,0.9172599950919971,0.9980285258168526,0.03750754717664777,NS
GENE_1919,-0.011746409413256664,0.9562189588833577,0.9980285258168526,0.019442649829938777,NS
GENE_0017,0.08860055120910904,0.7553010705535396,0.9980285258168526,0.1218798997392613,NS
GENE_1540,0.07005197911937522,0.87916444917485,0.9980285258168526,0.05592988182131524,NS
GENE_1914,-0.2327419888861142,0.7114312304833674,0.9980285258168526,0.14786707402669433,NS
GENE_1532,-0.0991467870076157,0.8032394510096974,0.9980285258168526,0.0951549693536141,NS
GENE_1913,0.10935068021911487,0.9065436132438852,0.9980285258168526,0.042611297431097636,NS
GENE_1933,0.13946731276510338,0.8559052159877183,0.9980285258168526,0.06757432697320712,NS
GENE_1912,0.049992249617382356,0.8058536676004404,0.9980285258168526,0.09374381318665509,NS
GENE_1988,-0.04905905843618896,0.8751690897814042,0.9980285258168526,0.05790802964687877,NS
GENE_1991,0.10880491562703565,0.8466347136550469,0.9980285258168526,0.07230392858613105,NS
GENE_1535,-0.04255251602466359,0.8705123822767027,0.9980285258168526,0.06022504704383587,NS
GENE_1531,-0.07759026906489108,0.8228981852756969,0.9980285258168526,0.08465389541747786,NS
GENE_1918,0.09898423621885133,0.886497395534841,0.9980285258168526,0.05232253598693077,NS
GENE_1949,-0.04362274085892359,0.8400267338956334,0.9980285258168526,0.07570689227311729,NS
GENE_1950,0.0780931613094662,0.8045463191129926,0.9980285258168526,0.09444894776618472,NS
GENE_1533,0.1667548882832035,0.8651953604204773,0.9980285258168526,0.0628858181155023,NS
GENE_1937,0.1084907708928684,0.6970095799404297,0.9980285258168526,0.1567612527675951,NS
GENE_0101,-0.18653689901713477,0.954873213622342,0.9980285258168526,0.02005428944200711,NS
GENE_1555,-0.08582184389986836,0.9031979053266773,0.9980285258168526,0.044217078286499,NS
GENE_0020,0.08029219524277487,0.7196286291196197,0.9980285258168526,0.1428915673646355,NS
GENE_1524,0.026537453065833994,0.8334293587774718,0.9980285258168526,0.07913120494608687,NS
GENE_0108,0.06439004722754849,0.7158410071382492,0.9980285258168526,0.1451834265610621,NS
GENE_1939,-0.0684519345708603,0.817644286803491,0.9980285258168526,0.08743559348934439,NS
GENE_1970,-0.14989634837344656,0.7967133600060705,0.9980285258168526,0.09869790013295633,NS
GENE_1560,-0.0393431375690092,0.8771668716752715,0.9980285258168526,0.056917778864452276,NS
GENE_1956,0.09093085285298041,0.8123984749935396,0.9980285258168526,0.09023090050912187,NS
GENE_1952,0.09662895523459358,0.8268438055086453,0.9980285258168526,0.08257652286874337,NS
GENE_1923,0.040191038914309196,0.9494918120040973,0.9980285258168526,0.02250877607364196,NS
GENE_1528,-0.12367358339431522,0.7798131536600573,0.9980285258168526,0.10800944353402879,NS
GENE_1558,0.2099520638355914,0.7694640374559034,0.9980285258168526,0.11381167303773804,NS
GENE_1963,-0.01389550158739894,0.9347053696800723,0.9980285258168526,0.029325262375299872,NS
GENE_0019,0.09420700888206035,0.854579671889357,0.9980285258168526,0.06824744207262583,NS
GENE_0018,0.15750524205241767,0.7259566150995925,0.9980285258168526,0.13908933299942397,NS
GENE_1542,-0.09894218625809259,0.7152096255073914,0.9980285258168526,0.14556664930635632,NS
GENE_1974,-0.08209234313656566,0.9414239724826685,0.9980285258168526,0.026214746985034048,NS
GENE_1544,0.019895597360422457,0.8360669632284696,0.9980285258168526,0.07775893715911886,NS
GENE_1572,-0.14515871433168925,0.8137094354402176,0.9980285258168526,0.08953064807485121,NS
GENE_1666,0.12331101036803727,0.9266492226005589,0.9980285258168526,0.0330846342688086,NS
GENE_1902,0.044315640235163656,0.7064018665901093,0.9980285258168526,0.15094816185303397,NS
GENE_1731,-0.10533161910307243,0.8235555310162119,0.9980285258168526,0.0843071117330633,NS
GENE_1734,0.20126183425763955,0.8373860780486764,0.9980285258168526,0.07707426374201502,NS
GENE_1736,-0.11064912695061935,0.7463302752061409,0.9980285258168526,0.1270689406812561,NS
GENE_1741,-0.023369417624508948,0.9555460913497614,0.9980285258168526,0.01974835964393881,NS
GENE_1632,0.011400203820183918,0.9582376830914997,0.9980285258168526,0.018526754332701248,NS
GENE_1743,-0.021226841911717642,0.8691825532619759,0.9980285258168526,0.06088899967559931,NS
GENE_0053,0.0848758782323884,0.9427682088149107,0.9980285258168526,0.025595070790314617,NS
GENE_1630,-0.050929962648157634,0.9132394115693032,0.9980285258168526,0.03941535445541813,NS
GENE_1727,0.057917268656262344,0.8905014132782446,0.9980285258168526,0.050365386949243016,NS
GENE_1749,0.10983909542502879,0.7527340847414883,0.9980285258168526,0.12335841812276782,NS
GENE_1629,0.10553809840577077,0.9011916693170692,0.9980285258168526,0.045182831580197105,NS
GENE_1756,0.12702130472414908,0.7310327103367809,0.9980285258168526,0.13606318993552427,NS
GENE_1758,0.17696648871081155,0.8150202407594404,0.9980285258168526,0.08883160556556989,NS
GENE_1761,-0.05475079722981846,0.8811637128621825,0.9980285258168526,0.05494339580202929,NS
GENE_1625,-0.13683429695612936,0.7527345274533682,0.9980285258168526,0.12335816269754676,NS
GENE_1762,-0.11069114610895792,0.7171030581958929,0.9980285258168526,0.14441842537895597,NS
GENE_1763,0.04923155242130939,0.9649688308991694,0.9980285258168526,0.015486714414874899,NS
GENE_1768,-0.06758644595023888,0.9052051840992975,0.9980285258168526,0.043252967510866706,NS
GENE_1754,0.12677283541805195,0.887831684286125,0.9980285258168526,0.05166936025107762,NS
GENE_0050,-0.15948993533416989,0.7045205562254511,0.9980285258168526,0.1521063306950932,NS
GENE_1638,-0.024515553173438676,0.9159196093635942,0.9980285258168526,0.03814264286262584,NS
GENE_1720,-0.18185741919728482,0.6857979843417985,0.9980285258168526,0.1638037956726943,NS
GENE_1662,0.28617030439112057,0.9347053696800723,0.9980285258168526,0.029325262375299872,NS
GENE_1667,-0.036312966734292296,0.8598841131939808,0.9980285258168526,0.06556007479323858,NS
GENE_1661,-0.08739709138006457,0.9065435163921967,0.9980285258168526,0.04261134382947884,NS
GENE_0066,0.09435972068492138,0.9602567717050406,0.9980285258168526,0.01761262151893038,NS
GENE_1679,-0.05022932379220002,0.8235553503432576,0.9980285258168526,0.08430720700930487,NS
GENE_1680,-0.14053363408140473,0.7348472248704072,0.9980285258168526,0.1338029415856196,NS
GENE_1688,0.07440024584892768,0.7101729772844754,0.9980285258168526,0.14863585701259918,NS
GENE_1653,-0.11367260938848123,0.7837042941563179,0.9980285258168526,0.10584777359282306,NS
GENE_1723,-0.0018183887322669179,0.9132394715492685,0.9980285258168526,0.039415325931718016,NS
GENE_0062,-0.04103530491753382,0.7798132529165721,0.9980285258168526,0.10800938825597439,NS
GENE_1646,-0.0577849948294169,0.8798308514227693,0.9980285258168526,0.055600813480146255,NS
GENE_1644,0.15538982406093993,0.7578701794651732,0.9980285258168526,0.12040518113643707,NS
GENE_1706,0.05101669057284042,0.9508368598925894,0.9980285258168526,0.021893990871424438,NS
GENE_0057,0.19847177540508465,0.6945117925151214,0.9980285258168526,0.15832037572799998,NS
GENE_0078,0.23780029553689452,0.6995100166987945,0.9980285258168526,0.15520606220736918,NS
GENE_1710,-0.14181667541295617,0.9515095480705665,0.9980285258168526,0.021586849359562343,NS
GENE_1714,0.08728521752079388,0.885830620766587,0.9980285258168526,0.05264931140719552,NS
GENE_1639,-0.24718118009993795,0.8301351190623205,0.9980285258168526,0.08085121282008571,NS
GENE_1696,0.06327439217610564,0.9629492027168595,0.9980285258168526,0.016396622077574873,NS
GENE_0049,-0.08727540465254968,0.7399438357519742,0.9980285258168526,0.13080124344292313,NS
GENE_0047,-0.06542333246725995,0.7399429369281074,0.9980285258168526,0.13080177098902024,NS
GENE_1617,-0.2120488899231736,0.7804611485432927,0.9980285258168526,0.10764871129884017,NS
GENE_0036,-0.07413180267523511,0.7993217285030311,0.9980285258168526,0.09727838114909586,NS
GENE_1839,-0.02805090787267961,0.8071614942482053,0.9980285258168526,0.09303956435588603,NS
GENE_1853,-0.11851091609271425,0.9360486598676293,0.9980285258168526,0.028701574164985543,NS
GENE_1590,-0.044310242072291395,0.9199415543197806,0.9980285258168526,0.03623976335302893,NS
GENE_1864,-0.10533278022824177,0.7183655051850748,0.9980285258168526,0.1436545299981166,NS
GENE_1868,-0.13239311729694858,0.8163319028028639,0.9980285258168526,0.08813323064684715,NS
GENE_0032,-0.18302189139929492,0.6982590902454548,0.9980285258168526,0.1559834017526391,NS
GENE_1874,-0.05771843265841081,0.8189571791057291,0.9980285258168526,0.08673880564406497,NS
GENE_1832,0.054908259313210195,0.88916649479436,0.9980285258168526,0.05101691057052315,NS
GENE_1879,-0.04406737527015192,0.7246895043385619,0.9980285258168526,0.1398480285131755,NS
GENE_1882,0.11439021132187843,0.7837043673519927,0.9980285258168526,0.10584773303099841,NS
GENE_1885,0.030556901494349198,0.7941068973682394,0.9980285258168526,0.10012103181432869,NS
GENE_1887,-0.054650816045604955,0.7108020053753106,0.9980285258168526,0.14825135559633237,NS
GENE_1583,0.20945175853578402,0.8784988135578077,0.9980285258168526,0.05625882069759364,NS
GENE_1889,-0.11713712176124513,0.7837042941563179,0.9980285258168526,0.10584777359282306,NS
GENE_1891,0.21622604531037393,0.8506055161024453,0.9980285258168526,0.07027180525109741,NS
GENE_1892,-0.0868889993188775,0.9145794438923738,0.9980285258168526,0.03877856405793584,NS
GENE_0026,-0.1281501603867632,0.7335749278331183,0.9980285258168526,0.1345555204266413,NS
GENE_1585,0.015932279157669704,0.8228982658636479,0.9980285258168526,0.08465385288621297,NS
GENE_1597,-0.019199518114867864,0.7954094730255299,0.9980285258168526,0.09940924103646556,NS
GENE_1831,0.16586584993307785,0.734847520044803,0.9980285258168526,0.13380276713767827,NS
GENE_1825,-0.016952291909397843,0.7830552452935011,0.9980285258168526,0.10620759697175786,NS
GENE_1781,0.1010224347936628,0.7126902702015876,0.9980285258168526,0.1470991702427612,NS
GENE_1783,-0.22522478724278816,0.9508369166917036,0.9980285258168526,0.02189396492844497,NS
GENE_0087,0.1819771412438751,0.9468018806911316,0.9980285258168526,0.023740888076109277,NS
GENE_1787,-0.12501449050884172,0.7630164568496507,0.9980285258168526,0.11746609501770511,NS
GENE_1790,-0.14896033092484284,0.8045462526571737,0.9980285258168526,0.0944489836390685,NS
GENE_1791,-0.05397120536241218,0.8439902187521866,0.9980285258168526,0.07366258651008749,NS
GENE_1792,0.09390074545153837,0.8215838656596164,0.9980285258168526,0.08534809804247236,NS
GENE_1608,0.11128333880928931,0.6995100166987945,0.9980285258168526,0.15520606220736918,NS
GENE_0043,0.3091545261421125,0.8137090969780102,0.9980285258168526,0.08953082871955455,NS
GENE_1604,-0.20882665749688822,0.8045463191129926,0.9980285258168526,0.09444894776618472,NS
GENE_1810,-0.14293118728454157,0.9649686932073832,0.9980285258168526,0.015486776384531636,NS
GENE_1811,0.05370097932876661,0.8638669857922454,0.9980285258168526,0.06355312301136917,NS
GENE_1599,0.22211288226768655,0.8413475085407349,0.9980285258168526,0.07502458699721697,NS
GENE_1813,-0.08200682218386035,0.7993217285030311,0.9980285258168526,0.09727838114909586,NS
GENE_1814,-0.057897518905724255,0.9400799029905021,0.9980285258168526,0.02683523155659885,NS
GENE_1815,0.1629733948815799,0.7259567976422416,0.9980285258168526,0.13908922379557678,NS
GENE_0042,0.07808842588833897,0.8228982658636479,0.9980285258168526,0.08465385288621297,NS
GENE_1819,0.02146770505091311,0.8718425037254038,0.9980285258168526,0.059561962247172105,NS
GENE_0039,0.05257481047398027,0.7399439517285689,0.9980285258168526,0.13080117537290387,NS
GENE_1574,-0.04593775256326893,0.9400799445009338,0.9980285258168526,0.026835212379770424,NS
GENE_1522,0.09946635399953863,0.7476099897256286,0.9980285258168526,0.12632490411807146,NS
GENE_0404,0.03388600965774202,0.9038671007152306,0.9980285258168526,0.04389542092843223,NS
GENE_0118,-0.007239214871537669,0.9616029232850389,0.9980285258168526,0.017004225078615556,NS
GENE_0312,0.11040157029869135,0.8189570967876236,0.9980285258168526,0.08673884929750823,NS
GENE_0813,-0.010971210777200646,0.9454571037406317,0.9980285258168526,0.024358170712492813,NS
GENE_0822,-0.053480281653994766,0.7824058802719429,0.9980285258168526,0.10656789421219796,NS
GENE_0837,0.09634882733076822,0.948146087320144,0.9980285258168526,0.023124742800047157,NS
GENE_0838,-0.12410947208424528,0.7662382234328557,0.9980285258168526,0.11563618723689496,NS
GENE_0843,0.07776784592224306,0.7954099358458737,0.9980285258168526,0.09940898833610207,NS
GENE_0847,0.05360172917455852,0.8032394510096974,0.9980285258168526,0.0951549693536141,NS
GENE_0848,0.16970298698142638,0.865859505939413,0.9980285258168526,0.06255257073690995,NS
GENE_0852,-0.08433433677562174,0.7284933864667291,0.9980285258168526,0.1375743865625469,NS
GENE_0300,-0.05147591427169118,0.8150206609707301,0.9980285258168526,0.08883138165039796,NS
GENE_0298,-0.16754436932999361,0.7488895551617798,0.9980285258168526,0.12558222652023632,NS
GENE_0869,0.14136120530130913,0.7701094487316538,0.9980285258168526,0.11344754807124414,NS
GENE_0296,0.06720076103324324,0.7208928920540916,0.9980285258168526,0.14212925656397268,NS
GENE_0876,-0.1059438847563774,0.6808350382910795,0.9980285258168526,0.16695810194681682,NS
GENE_0881,-0.12483129840301466,0.8163319028028639,0.9980285258168526,0.08813323064684715,NS
GENE_0883,-0.1895853650773205,0.8565682884715288,0.9980285258168526,0.0672380079183871,NS
GENE_0292,-0.10671868165159815,0.808469775105614,0.9980285258168526,0.09233621168858082,NS
GENE_0313,0.325699616461808,0.8360667949791336,0.9980285258168526,0.0777590245561442,NS
GENE_0804,2.5765035709390816e-05,0.7999746942634065,0.9980285258168526,0.09692375090254109,NS
GENE_0801,0.0475561924835084,0.8261857276293801,0.9980285258168526,0.08292231173820587,NS
GENE_0799,0.08947920932427511,0.9535276798014233,0.9980285258168526,0.020666695370428537,NS
GENE_0744,-0.06278194989090924,0.9139094372072303,0.9980285258168526,0.03909683804059661,NS
GENE_0747,-0.16017425484357073,0.8400267338956334,0.9980285258168526,0.07570689227311729,NS
GENE_0323,-0.03986652885894859,0.8731731052710922,0.9980285258168526,0.058899649522950376,NS
GENE_0755,-0.1585608810654593,0.8327703204421533,0.9980285258168526,0.07947476128076522,NS
GENE_0321,0.20794809690618532,0.7617279864528474,0.9980285258168526,0.118200087811162,NS
GENE_0758,-0.10519887850783327,0.8038926165345972,0.9980285258168526,0.09480196015843946,NS
GENE_0761,-0.2086582797997325,0.825528068323613,0.9980285258168526,0.08326815594349195,NS
GENE_0762,0.10418547493137087,0.8638668922286485,0.9980285258168526,0.06355317004888386,NS
GENE_0889,-0.059504566849834184,0.8150205769287012,0.9980285258168526,0.08883142643330105,NS
GENE_0764,-0.1412704606031827,0.7798131536600573,0.9980285258168526,0.10800944353402879,NS
GENE_0319,-0.0025108516004319625,0.8479580054181762,0.9980285258168526,0.07162565536918417,NS
GENE_0770,-0.05955090211065883,0.9159196190537703,0.9980285258168526,0.03814263826791038,NS
GENE_0780,0.06302541626319247,0.7082871111814584,0.9980285258168526,0.14979066105873365,NS
GENE_0784,-0.2411206111086992,0.6982582604653649,0.9980285258168526,0.15598391784921906,NS
GENE_0785,0.06453934769167624,0.8150205769287012,0.9980285258168526,0.08883142643330105,NS
GENE_0789,-0.028255084057615676,0.8971806353023802,0.9980285258168526,0.04712010877618492,NS
GENE_0794,0.08651714130304455,0.7527345274533682,0.9980285258168526,0.12335816269754676,NS
GENE_0795,0.0003053782021140705,0.7253232401064755,0.9980285258168526,0.13946840707113173,NS
GENE_0767,-0.23802812715712474,0.7335752243096181,0.9980285258168526,0.13455534490526377,NS
GENE_0892,-0.01485252149040761,0.9011903047269421,0.9980285258168526,0.045183489192147076,NS
GENE_0896,-0.1059133544880222,0.8479582833943792,0.9980285258168526,0.07162551299950257,NS
GENE_0902,-0.009840231623733153,0.8367266394313365,0.9980285258168526,0.07741640386733205,NS
GENE_0972,-0.061804193044629585,0.7707552526030027,0.9980285258168526,0.11308350692746554,NS
GENE_0973,0.20458694112733156,0.7863014750318627,0.9980285258168526,0.10441090963502449,NS
GENE_0982,0.06962492899758388,0.7259532684197547,0.9980285258168526,0.1390913351134708,NS
GENE_0983,-0.002418396094557629,0.8945078225057648,0.9980285258168526,0.048415857157833884,NS
GENE_0984,0.06215642833273094,0.8585576823985102,0.9980285258168526,0.06623052134660172,NS
GENE_0985,0.04522516093129969,0.8492817385301106,0.9980285258168526,0.07094821412419422,NS
GENE_0262,0.09853776548965065,0.8453123797038622,0.9980285258168526,0.07298277068162391,NS
GENE_0256,-0.13276541899154815,0.7221575468472828,0.9980285258168526,0.1413680458342582,NS
GENE_0971,-0.10955376899299818,0.7310325308926345,0.9980285258168526,0.1360632965403465,NS
GENE_0998,-0.18104298605752334,0.7348474019751629,0.9980285258168526,0.13380283691677658,NS
GENE_1004,-0.1398481854207123,0.8071616254544506,0.9980285258168526,0.09303949376016993,NS
GENE_1005,-0.11263493184250528,0.8228971376223242,0.9980285258168526,0.0846544483295835,NS
GENE_1008,0.2755970450936065,0.7902015902318306,0.9980285258168526,0.10226210066290711,NS
GENE_1009,0.052939807764656344,0.7733402829481306,0.9980285258168526,0.11162936702816403,NS
GENE_1018,-0.30792645197616864,0.6945123294516755,0.9980285258168526,0.15832003996913316,NS
GENE_1021,0.1225755875879635,0.7424958969975188,0.9980285258168526,0.12930594189796915,NS
GENE_1024,0.10777913341699374,0.8321109791727255,0.9980285258168526,0.0798187477139602,NS
GENE_1025,0.10311488330709206,0.8745039924558053,0.9980285258168526,0.05823820345509595,NS
GENE_0110,0.12242455389829932,0.7591557532009223,0.9980285258168526,0.11966911235719854,NS
GENE_0741,-0.029516411984769064,0.8466351516786987,0.9980285258168526,0.07230370389512483,NS
GENE_0962,0.2053920462666392,0.8453127153976895,0.9980285258168526,0.0729825982128995,NS
GENE_0959,0.06273956126753433,0.8189570967876236,0.9980285258168526,0.08673884929750823,NS
GENE_0904,-0.03990649540360902,0.7508106285193277,0.9980285258168526,0.12446958810899826,NS
GENE_0905,-0.016863413407889993,0.9025292466489114,0.9980285258168526,0.0445387157907984,NS
GENE_0907,-0.0267231466975435,0.9072129112224849,0.9980285258168526,0.04229077763902247,NS
GENE_0910,0.11217754032462413,0.7527345274533682,0.9980285258168526,0.12335816269754676,NS
GENE_0915,-0.1180635177024092,0.8176444940373158,0.9980285258168526,0.0874354834164232,NS
GENE_0918,0.0257337216694129,0.8334294347221766,0.9980285258168526,0.0791311653718094,NS
GENE_0921,0.1683670604488512,0.8413473998876939,0.9980285258168526,0.07502464308274491,NS
GENE_0283,0.04817014997786018,0.9340338256703599,0.9980285258168526,0.02963739567999339,NS
GENE_0272,0.07650047025419049,0.9078822750914024,0.9980285258168526,0.04197046270454823,NS
GENE_0927,-0.06600126529597539,0.769464063369036,0.9980285258168526,0.11381165841206384,NS
GENE_0932,0.038597777219638196,0.9246363277540444,0.9980285258168526,0.03402904769959226,NS
GENE_0935,-0.05335502875022691,0.7335751946620126,0.9980285258168526,0.13455536245737199,NS
GENE_0937,-0.048484267417236104,0.9347053696800723,0.9980285258168526,0.029325262375299872,NS
GENE_0277,0.01643674305421161,0.815019484371903,0.9980285258168526,0.08883200861701532,NS
GENE_0948,0.2417473984879699,0.8006273003055367,0.9980285258168526,0.0965696051253635,NS
GENE_0949,0.0010078489368989807,0.8911686013380807,0.9980285258168526,0.0500401234560645,NS
GENE_0957,-0.20661038924749597,0.7546591804812415,0.9980285258168526,0.12224914036395848,NS
GENE_0958,0.18608331644565101,0.7424963566963296,0.9980285258168526,0.1293056730148738,NS
GENE_0931,0.0017935294320041706,0.9011916693170692,0.9980285258168526,0.045182831580197105,NS
GENE_0734,0.14445186645473385,0.729762737763211,0.9980285258168526,0.13681831580963635,NS
GENE_0731,-0.08393972494290569,0.9005229741537284,0.9980285258168526,0.045505202976690085,NS
GENE_0730,0.28465906892658843,0.6995097190868405,0.9980285258168526,0.1552062469813593,NS
GENE_0479,-0.08028143422362355,0.7057750375387273,0.9980285258168526,0.1513337062068532,NS
GENE_0486,-0.10932267826242104,0.9005228711260294,0.9980285258168526,0.045505252663777494,NS
GENE_0490,-0.021969605127451608,0.9629490699466444,0.9980285258168526,0.016396681957551475,NS
GENE_0492,-0.2524451332823343,0.7527346104615811,0.9980285258168526,0.12335811480548722,NS
GENE_0374,0.20321375032608202,0.9400799652561174,0.9980285258168526,0.026835202791371426,NS
GENE_0508,0.14980126431173169,0.8519299198785015,0.9980285258168526,0.06959612901480051,NS
GENE_0511,0.0781152183224707,0.8479582833943792,0.9980285258168526,0.07162551299950257,NS
GENE_0519,0.19043092682143659,0.9548732605538709,0.9980285258168526,0.020054268096656513,NS
GENE_0379,-0.036610916934243676,0.7412197402504497,0.9980285258168526,0.13005302301789853,NS
GENE_0364,0.015268781520818564,0.8738384969683626,0.9980285258168526,0.05856882635493958,NS
GENE_0534,-0.12061798072536245,0.9199415543197806,0.9980285258168526,0.03623976335302893,NS
GENE_0535,-0.12197536832812261,0.8778327923366246,0.9980285258168526,0.056588199676010184,NS
GENE_0537,0.07124155689272804,0.8545798382337759,0.9980285258168526,0.06824735753696629,NS
GENE_0539,0.19433949395067351,0.7707555103683792,0.9980285258168526,0.11308336168542983,NS
GENE_0359,0.03295492354462759,0.8347479005972336,0.9980285258168526,0.07844466452897743,NS
GENE_0358,0.15797898768214136,0.690772955135057,0.9980285258168526,0.16066467409463653,NS
GENE_0355,-0.24446949391617778,0.7013871907948008,0.9980285258168526,0.15404216976037965,NS
GENE_0564,0.0863583723210235,0.9488192346231498,0.9980285258168526,0.022816519799771322,NS
GENE_0362,0.08475016496436005,0.95621893864566,0.9980285258168526,0.01944265902147432,NS
GENE_0568,-0.17553033770556326,0.7133199889445034,0.9980285258168526,0.14671560583118376,NS
GENE_0473,0.24423179996072175,0.8091244425934887,0.9980285258168526,0.0919846791597452,NS
GENE_0468,-0.1639240142506848,0.737394263326469,0.9980285258168526,0.13230024537832935,NS
GENE_0405,-0.040228042085590054,0.8268437463698666,0.9980285258168526,0.08257655393101417,NS
GENE_0412,-0.11997693327179348,0.7246891988151777,0.9980285258168526,0.1398482116083453,NS
GENE_0413,0.1869639379627559,0.7335751057191369,0.9980285258168526,0.134555415113736,NS
GENE_0415,-0.07682510503180229,0.9199415543197806,0.9980285258168526,0.03623976335302893,NS
GENE_0428,-0.23440075046423736,0.8718422685748024,0.9980285258168526,0.05956207938372137,NS
GENE_0432,0.11799597030022468,0.9005228711260294,0.9980285258168526,0.045505252663777494,NS
GENE_0434,-0.03463422818857875,0.8176444733139651,0.9980285258168526,0.08743549442369718,NS
GENE_0390,0.01229417190773141,0.867188389758775,0.9980285258168526,0.061886545263081384,NS
GENE_0472,-0.00027903942608897836,0.8242128801025608,0.9980285258168526,0.08396060297114784,NS
GENE_0438,0.08678522051818671,0.9025292017729875,0.9980285258168526,0.044538737384964694,NS
GENE_0445,0.06367179991100702,0.7863012579472446,0.9980285258168526,0.1044110295364462,NS
GENE_0449,0.018321354073556506,0.8871647462738892,0.9980285258168526,0.05199572430131411,NS
GENE_0387,0.31023196008098886,0.6970095799404297,0.9980285258168526,0.1567612527675951,NS
GENE_0452,-0.00612157151034598,0.9065435163921967,0.9980285258168526,0.04261134382947884,NS
GENE_0386,0.05874027105528867,0.68083796863289,0.9980285258168526,0.16695623272965243,NS
GENE_0458,-0.09594608107821845,0.7259568889134296,0.9980285258168526,0.13908916919374523,NS
GENE_0461,-0.08133273620134052,0.8506056185722646,0.9980285258168526,0.07027175293298572,NS
GENE_0465,0.027687100410413557,0.9414240130653764,0.9980285258168526,0.02621472826355869,NS
GENE_0388,-0.18603619745876188,0.8248702931807093,0.9980285258168526,0.08361433676466246,NS
GENE_1032,-0.11670169081109272,0.7234233926439378,0.9980285258168526,0.14060745198589772,NS
GENE_0573,0.07357474768404959,0.7412192784451748,0.9980285258168526,0.13005329359831375,NS
GENE_0577,0.09977132809544464,0.9347054450428562,0.9980285258168526,0.02932522735930346,NS
GENE_0664,-0.0649189605381526,0.9387360465901896,0.9980285258168526,0.027456505310194772,NS
GENE_0665,0.05518362017349876,0.7133199889445034,0.9980285258168526,0.14671560583118376,NS
GENE_0666,-0.11973304879164104,0.7158411958056086,0.9980285258168526,0.14518331209823934,NS
GENE_0668,0.19429468983084508,0.728493265802682,0.9980285258168526,0.1375744584969462,NS
GENE_0673,0.054810971377325046,0.8215840482818803,0.9980285258168526,0.08534800150718731,NS
GENE_0674,0.06695396840776535,0.9468019175595553,0.9980285258168526,0.023740871164701503,NS
GENE_0675,0.15875682168899985,0.8831632233246444,0.9980285258168526,0.05395902412542443,NS
GENE_0685,-0.17615946484864597,0.8169883221771556,0.9980285258168526,0.08778415111785133,NS
GENE_0338,0.015673813076310772,0.8281595975807245,0.9980285258168526,0.08188596071573563,NS
GENE_0697,0.05776920755006909,0.8373864490136343,0.9980285258168526,0.07707407134808494,NS
GENE_0707,0.14422309160592572,0.7520934278277014,0.9980285258168526,0.1237282063901098,NS
GENE_0709,-0.07191045730780043,0.717102964242476,0.9980285258168526,0.14441848227935924,NS
GENE_0713,0.07826130216752958,0.9239654693736793,0.9980285258168526,0.03434425901873491,NS
GENE_0330,-0.08601149007736364,0.8268438055086453,0.9980285258168526,0.08257652286874337,NS
GENE_0717,0.07134330627848762,0.8354072334008723,0.9980285258168526,0.07810176870163252,NS
GENE_0718,-0.006396842735374442,0.8097788105333924,0.9980285258168526,0.09163359159430522,NS
GENE_0327,0.02273646723570355,0.85855766620921,0.9980285258168526,0.06623052953582874,NS
GENE_0727,0.09297827638220202,0.8771668575789571,0.9980285258168526,0.05691778584368488,NS
GENE_0700,0.09861521826395503,0.8798306444910257,0.9980285258168526,0.05560091562401267,NS
GENE_0574,-0.1758734065299734,0.7876007072142328,0.9980285258168526,0.10369390256553324,NS
GENE_0650,-0.16645875383726683,0.7108019095290306,0.9980285258168526,0.14825141415766593,NS
GENE_0644,-0.06453442915502983,0.7882508690916731,0.9980285258168526,0.10333554174528474,NS
GENE_0582,-0.07000956075601739,0.6814569592997398,0.9980285258168526,0.16656156892528742,NS
GENE_0587,0.16082775145847616,0.8400265695965994,0.9980285258168526,0.07570697721585538,NS
GENE_0597,0.0685253205453531,0.7393059771373456,0.9980285258168526,0.1311757826063872,NS
GENE_0601,0.1377242021509728,0.7565847569268882,0.9980285258168526,0.12114241277791174,NS
GENE_0602,-0.021440149575273182,0.9642956043029979,0.9980285258168526,0.01578981294540348,NS
GENE_0605,0.23424708771319036,0.6820761659119082,0.9980285258168526,0.16616712594720895,NS
GENE_0347,0.0007090719977647097,0.7208928920540916,0.9980285258168526,0.14212925656397268,NS
GENE_0609,-0.26410091058742946,0.7405817855904762,0.9980285258168526,0.13042697351102103,NS
GENE_0647,0.04579801768129421,0.8905014636253181,0.9980285258168526,0.05036536239514881,NS
GENE_0611,0.01894102951847998,0.8545798215993596,0.9980285258168526,0.06824736599051848,NS
GENE_0629,0.027104350501832464,0.9206119980733914,0.9980285258168526,0.03592336936914378,NS
GENE_0631,0.06831170783987961,0.9414240130653764,0.9980285258168526,0.02621472826355869,NS
GENE_0634,0.058870029758492315,0.8918364432718049,0.9980285258168526,0.04971478497085883,NS
GENE_0636,-0.009619543534689967,0.8612115177191957,0.9980285258168526,0.06489017061766086,NS
GENE_0341,-0.006689412459415678,0.9535276475828856,0.9980285258168526,0.020666710044709824,NS
GENE_0638,-0.010071174210487754,0.947474143062792,0.9980285258168526,0.023432633263189274,NS
GENE_0640,-0.06393294879649858,0.9340337571493661,0.9980285258168526,0.029637427539964366,NS
GENE_0643,-0.08328942060430133,0.789551203115731,0.9980285258168526,0.10261970034910013,NS
GENE_0346,0.1186291496775258,0.8360669071454152,0.9980285258168526,0.07775896629142877,NS
GENE_0249,-0.10346445736153242,0.6857985348430959,0.9980285258168526,0.1638034470575259,NS
GENE_1002,-0.0055789331162241496,0.9226238260848316,0.9980285258168526,0.034975334245898874,NS
GENE_1039,0.13457571429159731,0.7361204263272896,0.9980285258168526,0.13305113102784075,NS
GENE_1332,0.05147761261982975,0.6857985348430959,0.9980285258168526,0.1638034470575259,NS
GENE_1333,0.027009502073208402,0.9629492155655142,0.9980285258168526,0.016396616282773047,NS
GENE_0168,-0.06123414078931155,0.9052052168411359,0.9980285258168526,0.043252951802163625,NS
GENE_1336,0.2212578928031581,0.6995100166987945,0.9980285258168526,0.15520606220736918,NS
GENE_1337,0.13482829710723188,0.8585576176412766,0.9980285258168526,0.06623055410352748,NS
GENE_1339,0.008766507437335314,0.7668829855624402,0.9980285258168526,0.11527089759132186,NS
GENE_1343,-0.0010363169121880844,0.9521822471465582,0.9980285258168526,0.02127991994002231,NS
GENE_1357,-0.04297164857094504,0.9118996227673273,0.9980285258168526,0.04005296394947053,NS
GENE_1359,-0.1196491872771901,0.9333622684741968,0.9980285258168526,0.02994975961613266,NS
GENE_1362,-0.03198344052585078,0.8156764050576064,0.9980285258168526,0.08848210027894732,NS
GENE_1366,-0.13191425107861487,0.7986695610340423,0.9980285258168526,0.09763286712237763,NS
GENE_1368,0.14884732495073116,0.7604420197593533,0.9980285258168526,0.11893389332498285,NS
GENE_0153,-0.20696043148064458,0.708287078982158,0.9980285258168526,0.1497906808021097,NS
GENE_1373,0.08232775059593411,0.8745039492652888,0.9980285258168526,0.058238224904287275,NS
GENE_1380,0.053666195543148554,0.7850021610561325,0.9980285258168526,0.10512914767071997,NS
GENE_1391,0.1987018084845289,0.7967134290067962,0.9980285258168526,0.0986978625201402,NS
GENE_1396,-0.025658353811297552,0.7850021610561325,0.9980285258168526,0.10512914767071997,NS
GENE_1330,0.20440425530803097,0.7133200840359677,0.9980285258168526,0.14671554793613514,NS
GENE_1329,-0.015429479901291288,0.9052051840992975,0.9980285258168526,0.043252967510866706,NS
GENE_1320,-0.17436766794173675,0.9145794045185566,0.9980285258168526,0.03877858275487029,NS
GENE_1318,-0.0254819136529143,0.8334294347221766,0.9980285258168526,0.0791311653718094,NS
GENE_1253,-0.16284344441966603,0.8110887213761613,0.9980285258168526,0.0909316376548876,NS
GENE_1258,-0.0007636657395240221,0.8321106921924658,0.9980285258168526,0.07981889749441953,NS
GENE_1260,-0.03339761027649679,0.9279914640175437,0.9980285258168526,0.03245601855175006,NS
GENE_1269,-0.0823855101110551,0.8479580054181762,0.9980285258168526,0.07162565536918417,NS
GENE_1270,0.01156958715515799,0.9400791419506307,0.9980285258168526,0.026835583139000956,NS
GENE_0189,0.046244868756744495,0.8137094354402176,0.9980285258168526,0.08953064807485121,NS
GENE_1278,0.012796005594754689,0.7739866478524262,0.9980285258168526,0.11126653132489835,NS
GENE_1280,0.010440331069502484,0.9400799445009338,0.9980285258168526,0.026835212379770424,NS
GENE_1397,0.01705019186410084,0.925307291425151,0.9980285258168526,0.033714015576801544,NS
GENE_1284,0.27527562227044555,0.7488901165487887,0.9980285258168526,0.12558190096196528,NS
GENE_1288,0.0734327651125124,0.9293334356113421,0.9980285258168526,0.031828437497307155,NS
GENE_0180,0.06586836123893391,0.9441126468980537,0.9980285258168526,0.02497618471935705,NS
GENE_1294,0.05500959898914992,0.9441126727154942,0.9980285258168526,0.02497617284326177,NS
GENE_1296,-0.13945063877017017,0.8545795055443675,0.9980285258168526,0.06824752660859182,NS
GENE_1299,-0.19661546713996447,0.8598844179674179,0.9980285258168526,0.0655599208638934,NS
GENE_1300,-0.08450164451806685,0.8006273003055367,0.9980285258168526,0.0965696051253635,NS
GENE_0174,-0.19227490445214102,0.7164720774089113,0.9980285258168526,0.1448007304076398,NS
GENE_1314,0.028963693810038826,0.9602567671114236,0.9980285258168526,0.017612623596481507,NS
GENE_1036,-0.0621934145933869,0.9414240333566987,0.9980285258168526,0.026214718902835905,NS
GENE_1248,-0.010228870279050284,0.8189564588184992,0.9980285258168526,0.08673918761386128,NS
GENE_1402,-0.09420867821788548,0.6982593889646131,0.9980285258168526,0.1559832159590617,NS
GENE_1407,0.043306926063181095,0.8519296489900994,0.9980285258168526,0.06959626710756404,NS
GENE_0136,0.05124645373074088,0.8097792421879872,0.9980285258168526,0.09163336009262077,NS
GENE_0135,-0.12073195869179365,0.9098907573288696,0.9980285258168526,0.04101074651100523,NS
GENE_1456,0.04949864838053042,0.8281599889398127,0.9980285258168526,0.08188575548349204,NS
GENE_1458,0.033178305878927006,0.7424963566963296,0.9980285258168526,0.1293056730148738,NS
GENE_1461,0.14037539262405208,0.825528068323613,0.9980285258168526,0.08326815594349195,NS
GENE_1463,-0.06693183197758046,0.8811637537961555,0.9980285258168526,0.054943375627119775,NS
GENE_1467,-0.07682753600502679,0.83474778755499,0.9980285258168526,0.07844472334149542,NS
GENE_1471,-0.0793349346363561,0.922623968846945,0.9980285258168526,0.034975267045387136,NS
GENE_0127,-0.10172484983895291,0.8078151311816629,0.9980285258168526,0.09268801632181642,NS
GENE_1473,-0.22631232012390168,0.87184241554408,0.9980285258168526,0.059562006173298786,NS
GENE_1475,0.022173513961590174,0.9636223570579318,0.9980285258168526,0.0160931324654599,NS
GENE_1477,-0.05038132977146237,0.8532546388029177,0.9980285258168526,0.0689213419581621,NS
GENE_1483,0.025898857694524047,0.8006269390733001,0.9980285258168526,0.09656980107321889,NS
GENE_1492,0.17143279520489418,0.7643044363199569,0.9980285258168526,0.11673361959377039,NS
GENE_1496,0.030070197136599752,0.9589106207022396,0.9980285258168526,0.018221871186797706,NS
GENE_1497,-0.012998369620401462,0.7032664875067868,0.9980285258168526,0.15288007736499118,NS
GENE_1502,0.14617180905611438,0.6870408403887384,0.9980285258168526,0.16301744601426846,NS
GENE_0137,-0.003501584643319511,0.9118992573718648,0.9980285258168526,0.0400531379700106,NS
GENE_1444,-0.11146269201244685,0.9172598425022666,0.9980285258168526,0.03750761942321235,NS
GENE_0138,-0.10708062785926842,0.7488895551617798,0.9980285258168526,0.12558222652023632,NS
GENE_1442,0.08658898642285973,0.7928043851997788,0.9980285258168526,0.10083395632449789,NS
GENE_1408,-0.13740432909551537,0.8307933752693888,0.9980285258168526,0.08050697517908995,NS
GENE_0146,0.13570336096726532,0.9293338595775847,0.9980285258168526,0.03182823937018652,NS
GENE_0145,0.008759848760482747,0.8798309893766713,0.9980285258168526,0.05560074538454175,NS
GENE_1416,-0.0076983937212640186,0.7967133600060705,0.9980285258168526,0.09869790013295633,NS
GENE_1417,-0.0050052258494579505,0.788898983711391,0.9980285258168526,0.10297860341335853,NS
GENE_1418,0.143388705231688,0.8071616254544506,0.9980285258168526,0.09303949376016993,NS
GENE_0143,-0.19775345621363538,0.8492814629141835,0.9980285258168526,0.07094835506505076,NS
GENE_1422,-0.05027347620332279,0.8998543263837568,0.9980285258168526,0.045827790969884964,NS
GENE_1405,-0.09127665806385643,0.949491794499445,0.9980285258168526,0.022508784080213333,NS
GENE_1424,-0.00620692401515921,0.8878318905200542,0.9980285258168526,0.05166925936906519,NS
GENE_1430,0.022372886611644383,0.8334290549976142,0.9980285258168526,0.07913136324377405,NS
GENE_1431,0.05172474894666301,0.9306764562478649,0.9980285258168526,0.031201272496260483,NS
GENE_1432,0.009494594449941829,0.9642955877931543,0.9980285258168526,0.015789820381021773,NS
GENE_1433,-0.11668838091452205,0.8905014510385563,0.9980285258168526,0.050365368533669054,NS
GENE_0141,-0.06368283746741188,0.83474778755499,0.9980285258168526,0.07844472334149542,NS
GENE_0140,-0.28837408223455974,0.7335751057191369,0.9980285258168526,0.134555415113736,NS
GENE_1438,0.19993064430440644,0.7540165509836765,0.9980285258168526,0.12261912107718835,NS
GENE_0139,-0.08709181860588444,0.8685172722404101,0.9980285258168526,0.06122154029792921,NS
GENE_1425,0.021407753210428204,0.8798310721487843,0.9980285258168526,0.05560070452729678,NS
GENE_1247,-0.14488149429086405,0.6982592893916588,0.9980285258168526,0.15598327789018412,NS
GENE_0001,-0.005987672767021834,0.6995097190868405,0.9980285258168526,0.1552062469813593,NS
GENE_1243,-0.11802187152309074,0.9105602873221739,0.9980285258168526,0.04069129469654913,NS
GENE_1132,0.1546653071566002,0.8985171263718373,0.9980285258168526,0.04647364051616729,NS
GENE_1134,-0.080413138226195,0.8985173131855423,0.9980285258168526,0.04647355022055646,NS
GENE_1135,-0.129592093307056,0.7915028025171281,0.9980285258168526,0.10154754306875172,NS
GENE_1136,-0.1270194084237808,0.6857986724679686,0.9980285258168526,0.16380335990406358,NS
GENE_1138,0.11231634971945059,0.926649307211939,0.9980285258168526,0.03308459461383138,NS
GENE_0230,0.021204460230177524,0.8918365676243947,0.9980285258168526,0.049714724415316165,NS
GENE_0227,0.0465932741314079,0.937392323145655,0.9980285258168526,0.028078607492928835,NS
GENE_1151,-0.1902861563727436,0.7412198557013823,0.9980285258168526,0.1300529553730473,NS
GENE_1124,0.007795209220036625,0.7553007965365719,0.9980285258168526,0.12188005729772804,NS
GENE_1154,0.13567146358275295,0.7902011398949598,0.9980285258168526,0.10226234816794397,NS
GENE_1162,-0.11417909231051926,0.8891662909820347,0.9980285258168526,0.05101701011833439,NS
GENE_1168,0.0625519249290063,0.869182568258357,0.9980285258168526,0.060888992182529536,NS
GENE_0221,-0.04908239083873411,0.7514524162335698,0.9980285258168526,0.12409851477296825,NS
GENE_1171,-0.04224044383853531,0.9360487336869068,0.9980285258168526,0.028701539915373345,NS
GENE_0219,0.031333316029147795,0.925307153584239,0.9980285258168526,0.03371408027266257,NS
GENE_1176,0.11314322480397809,0.7540169640219381,0.9980285258168526,0.12261888317765092,NS
GENE_1178,0.11126916437917789,0.798017444069278,0.9980285258168526,0.09798761519033901,NS
GENE_1188,-0.04632554637341624,0.8858305027188914,0.9980285258168526,0.05264936928221702,NS
GENE_0226,-0.1647999268307485,0.7630164834427009,0.9980285258168526,0.11746607988144606,NS
GENE_1193,0.2015584967107218,0.8045463412649171,0.9980285258168526,0.0944489358085656,NS
GENE_1123,0.06578532238441515,0.7617283873821235,0.9980285258168526,0.11819985922388482,NS
GENE_1119,0.06322349625960921,0.7623723538852916,0.9980285258168526,0.11783286102235302,NS
GENE_1043,-0.10718651905655552,0.7253232401064755,0.9980285258168526,0.13946840707113173,NS
GENE_1046,-0.04698567317548541,0.949491794499445,0.9980285258168526,0.022508784080213333,NS
GENE_0247,-0.16198830829343258,0.7778697184902953,0.9980285258168526,0.10909313473099257,NS
GENE_1057,-0.0035654134415326055,0.7746335513159563,0.9980285258168526,0.11090369656266601,NS
GENE_1062,-0.22218241822201978,0.925307153584239,0.9980285258168526,0.03371408027266257,NS
GENE_0243,-0.16805615923386164,0.9642955630283458,0.9980285258168526,0.015789831534468828,NS
GENE_1066,0.03478441999863158,0.8340879850562257,0.9980285258168526,0.0787881347232416,NS
GENE_1069,-0.14126888312922858,0.9306763282633058,0.9980285258168526,0.031201332219477095,NS
GENE_1120,-0.10032733749763079,0.8945079438238778,0.9980285258168526,0.04841579825641108,NS
GENE_1070,-0.25835256410221064,0.6957599573642987,0.9980285258168526,0.15754056954666887,NS
GENE_1073,-0.06486338502186673,0.7437735102467387,0.9980285258168526,0.1285592932512217,NS
GENE_1078,-0.15350927397827263,0.9407519782130569,0.9980285258168526,0.026524859772795,NS
GENE_1080,0.14551060072792676,0.7746336527772635,0.9980285258168526,0.11090363967888806,NS
GENE_1085,0.23980606976161312,0.8605477987550305,0.9980285258168526,0.06522500196742217,NS
GENE_1089,-0.04734296424199158,0.798017444069278,0.9980285258168526,0.09798761519033901,NS
GENE_1090,-0.05860448521312556,0.768173229510197,0.9980285258168526,0.11454083187350106,NS
GENE_1105,0.10832507458784146,0.8123988157458497,0.9980285258168526,0.09023071834873936,NS
GENE_1114,-0.17891366418542898,0.8433296427248211,0.9980285258168526,0.07400263411430165,NS
GENE_0242,-0.10493479487832769,0.7540169640219381,0.9980285258168526,0.12261888317765092,NS
GENE_1195,0.15154267168958313,0.6982593889646131,0.9980285258168526,0.1559832159590617,NS
GENE_1169,0.21849184370346997,0.7630159515799974,0.9980285258168526,0.11746638260769482,NS
GENE_1196,0.11724749744384333,0.6907729212116571,0.9980285258168526,0.16066469542254988,NS
GENE_0210,-0.0107419307600507,0.8472966116205531,0.9980285258168526,0.07196453035393227,NS
GENE_1232,-0.0236079952920365,0.9562189588833577,0.9980285258168526,0.019442649829938777,NS
GENE_1226,-0.004376810048651869,0.899185424424714,0.9980285258168526,0.04615074152503815,NS
GENE_1225,-0.08941799686803087,0.8838297867858538,0.9980285258168526,0.053631365956867245,NS
GENE_1224,0.09640222575796908,0.7630162175117966,0.9980285258168526,0.11746623124428937,NS
GENE_1234,0.08205899339156719,0.8605479424517714,0.9980285258168526,0.0652249294476894,NS
GENE_1213,0.04535334282912462,0.9360486598676293,0.9980285258168526,0.028701574164985543,NS
GENE_1204,0.13989442646868788,0.7221572387617785,0.9980285258168526,0.14136823111219873,NS
GENE_1197,-0.1752556185753491,0.7070307086429362,0.9980285258168526,0.15056172297177967,NS
GENE_1218,-0.15442284009308338,0.7798132529165721,0.9980285258168526,0.10800938825597439,NS
GENE_1235,0.05501706229452186,0.9360487336869068,0.9980285258168526,0.028701539915373345,NS
GENE_1239,0.09239449480309236,0.8731728143320729,0.9980285258168526,0.05889979422877205,NS
GENE_1241,-0.09981907656275002,0.6957599573642987,0.9980285258168526,0.15754056954666887,NS
GENE_0198,0.025510966649327393,0.7553010431518842,0.9980285258168526,0.12187991549508162,NS
GENE_1208,-0.15462154824471597,0.7993219556863213,0.9980285258168526,0.09727825771389853,NS
GENE_0209,0.05748915917238406,0.9038670564491916,0.9980285258168526,0.043895442197595474,NS
GENE_1228,-0.01719622950654731,0.9253068434393966,0.9980285258168526,0.033714225839694745,NS
GENE_1636,-0.10737242729715657,0.9656420865961584,0.9980796760683807,0.015183814184367383,NS
GENE_1464,-0.08546525219418744,0.9663153667871487,0.9981307855774292,0.014881114057046067,NS
GENE_1633,0.08231261353407948,0.9669886595431999,0.9981818421091095,0.014578619119366705,NS
GENE_1468,0.07894878346770451,0.9696820868221254,0.9982021692487264,0.013370627145503576,NS
GENE_1075,-0.09288211107302047,0.9898918732283066,0.9982021692487264,0.0044122411851552894,NS
GENE_1076,0.09543632600043939,0.9710289435307765,0.9982021692487264,0.01276782485166199,NS
GENE_0081,0.14101485144328585,0.9871965856971292,0.9982021692487264,0.005596355352426474,NS
GENE_1006,0.005501443594117639,0.9845014216825472,0.9982021692487264,0.006783652376610113,NS
GENE_1233,-0.07330782193808272,0.9696821218764422,0.9982021692487264,0.013370611445619792,NS
GENE_0204,0.06884867406354278,0.9777644128812917,0.9982021692487264,0.009765773546448918,NS
GENE_1628,0.025773362850805448,0.9912395681795737,0.9982021692487264,0.003821370172081718,NS
GENE_1476,-0.1268413363099432,0.973722928345633,0.9982021692487264,0.011564603500167173,NS
GENE_1011,-0.05325960367233673,0.9804590165175522,0.9982021692487264,0.008570555257054654,NS
GENE_1029,0.04109339456012506,0.9892180303647624,0.9982021692487264,0.004707976402370046,NS
GENE_0841,0.1349281835484808,0.9912395651395237,0.9982021692487264,0.0038213715040270714,NS
GENE_0233,-0.039332393664142984,0.976417174636188,0.9982021692487264,0.010364590188763107,NS
GENE_0128,-0.025116915359975955,0.9898918545206188,0.9982021692487264,0.00441224939276452,NS
GENE_1817,-0.06848234453701263,0.9791116604754221,0.9982021692487264,0.009167777284653322,NS
GENE_1779,-0.07581245316387086,0.9737228706123705,0.9982021692487264,0.011564629250036403,NS
GENE_0719,0.07749717148355195,0.9925872769019063,0.9982021692487264,0.003231295939731463,NS
GENE_0651,0.0880196391910717,0.9818064703915528,0.9982021692487264,0.00797411009916877,NS
GENE_1812,-0.06343106186098613,0.9919134235151613,0.9982021692487264,0.003526232412831398,NS
GENE_0294,0.0235607069748891,0.9925872554651408,0.9982021692487264,0.0032313053191273837,NS
GENE_0215,-0.020230297779147755,0.9750699940795577,0.9982021692487264,0.01096420794100108,NS
GENE_1808,0.12145378127390671,0.975069922006163,0.9982021692487264,0.010964240042367089,NS
GENE_0870,-0.039498877447975644,0.9804590165175522,0.9982021692487264,0.008570555257054654,NS
GENE_1388,0.014294666243308995,0.9791117063751311,0.9982021692487264,0.009167756925392278,NS
GENE_1327,0.12579407537628828,0.991913391711107,0.9982021692487264,0.0035262463377619107,NS
GENE_0606,0.038600361500103375,0.9710289770292264,0.9982021692487264,0.012767809869418886,NS
GENE_1855,-0.0026606311528363236,0.9845014216825472,0.9982021692487264,0.006783652376610113,NS
GENE_1903,-0.10280966910189537,0.972375902034413,0.9982021692487264,0.012165812625041643,NS
GENE_0600,-0.06473472110874479,0.9851751936032264,0.9982021692487264,0.006486532091630549,NS
GENE_0365,0.009098152532054371,0.9750699652502749,0.9982021692487264,0.010964220781513781,NS
GENE_0351,0.19495883931597735,0.9723758509266145,0.9982021692487264,0.012165835451435663,NS
GENE_0863,0.008259642068178863,0.9831539309695203,0.9982021692487264,0.007378479993934579,NS
GENE_1615,0.1329062376087009,0.9858489908290956,0.9982021692487264,0.00618960379331034,NS
GENE_1209,0.09461677702427629,0.9878702783962748,0.9982021692487264,0.005300080792406593,NS
GENE_1305,-0.13262533846963986,0.9804590526778029,0.9982021692487264,0.008570539239865988,NS
GENE_1618,0.11730024156231433,0.9838276608163834,0.9982021692487264,0.0070809711942076085,NS
GENE_0706,-0.0674014465702184,0.9871965797733361,0.9982021692487264,0.005596357958463316,NS
GENE_1946,0.03030688988631436,0.9925872820467023,0.9982021692487264,0.0032312936886885837,NS
GENE_0740,0.26706349446989286,0.991239569192923,0.9982021692487264,0.0038213697281002422,NS
GENE_1575,0.11023295616957629,0.985848985918722,0.9982021692487264,0.006189605956469366,NS
GENE_0854,-0.018209978096829893,0.9723759148113182,0.9982021692487264,0.012165806918463171,NS
GENE_1579,-0.14265194298588924,0.9946088921217916,0.9996069267555695,0.002347662354785627,NS
GENE_0171,-0.05177957223135543,0.9966305322084892,0.9997547717167049,0.001465812161397132,NS
GENE_1621,-0.020210263106550386,0.9966305380550902,0.9997547717167049,0.0014658096136660975,NS
GENE_1820,-0.07051257457106974,0.9959566556312749,0.9997547717167049,0.0017595618069951946,NS
GENE_1308,-0.04843915001038379,0.9993261072472266,1.0,0.0002927665616394317,NS
GENE_0395,-0.05577938216630951,0.999326106935408,1.0,0.0002927666971518373,NS
GENE_1104,0.11906310774265005,1.0,1.0,-0.0,NS
GENE_0268,0.005051563391493374,1.0,1.0,-0.0,NS
GENE_0477,-0.011685562470983513,0.9979783227291055,1.0,0.0008788920005813505,NS
