gene,importance,n_cancers_sig,mean_log2FC,min_padj,evidence_score
GENE_0945,0.0022622169711510724,0.0,0.0,0.0,0.5
GENE_0368,0.0021008646589131155,0.0,0.0,0.0,0.46433756923062586
GENE_1331,0.0018563549267019512,0.0,0.0,0.0,0.4102955088692027
GENE_0490,0.0018510868871315796,0.0,0.0,0.0,0.40913115557383967
GENE_0605,0.001777743767023194,0.0,0.0,0.0,0.3929207033838654
GENE_0214,0.0017309865677139036,0.0,0.0,0.0,0.38258632787842944
GENE_1746,0.0017181724008378974,0.0,0.0,0.0,0.3797541134977094
GENE_0276,0.001686156472068663,0.0,0.0,0.0,0.3726778849180644
GENE_0914,0.0016173447251514512,0.0,0.0,0.0,0.357468966455615
GENE_0588,0.0016061912181716508,0.0,0.0,0.0,0.35500379465246
GENE_0354,0.0015805468432177597,0.0,0.0,0.0,0.3493358204305085
GENE_0757,0.0015605894231446702,0.0,0.0,0.0,0.34492478905562346
GENE_0871,0.0015490642681733101,0.0,0.0,0.0,0.34237747482397934
GENE_1585,0.0015416987103307076,0.0,0.0,0.0,0.3407495235848781
GENE_1897,0.0015351776401710268,0.0,0.0,0.0,0.33930822280718065
GENE_1844,0.0015345339624043281,0.0,0.0,0.0,0.3391659557799885
GENE_1301,0.0014945579024627936,0.0,0.0,0.0,0.33033036210101574
GENE_1961,0.0014906189943729735,0.0,0.0,0.0,0.32945977626861084
GENE_0429,0.0014852570498887195,0.0,0.0,0.0,0.3282746679097239
GENE_1970,0.0014807353929165222,0.0,0.0,0.0,0.32727528168155484
GENE_1402,0.0014748846725976116,0.0,0.0,0.0,0.3259821430495134
GENE_0753,0.0014595077708866456,0.0,0.0,0.0,0.32258350757222276
GENE_0032,0.0014514009602789458,0.0,0.0,0.0,0.32079172307253023
GENE_0385,0.0014487723032270633,0.0,0.0,0.0,0.3202107317075541
GENE_0558,0.001446886163587438,0.0,0.0,0.0,0.31979385311817066
GENE_1822,0.0014317732847018523,0.0,0.0,0.0,0.31645357252654027
GENE_1116,0.0014248100218389745,0.0,0.0,0.0,0.31491453737834785
GENE_1231,0.00142190493126776,0.0,0.0,0.0,0.3142724480897735
GENE_1265,0.0014092348498236788,0.0,0.0,0.0,0.3114720797772605
GENE_0437,0.0014010535056269897,0.0,0.0,0.0,0.3096638217054173
GENE_0816,0.001395727003934433,0.0,0.0,0.0,0.30848654698763317
GENE_0699,0.00139244313690758,0.0,0.0,0.0,0.3077607397222978
GENE_1073,0.0013761293434292694,0.0,0.0,0.0,0.30415503043659436
GENE_1949,0.0013718524326264876,0.0,0.0,0.0,0.30320973852663985
GENE_1869,0.0013657773014077372,0.0,0.0,0.0,0.3018670001208584
GENE_0635,0.0013645431000440104,0.0,0.0,0.0,0.3015942143139561
GENE_0320,0.0013637752011639197,0.0,0.0,0.0,0.3014244916724316
GENE_1208,0.0013559726130034945,0.0,0.0,0.0,0.29969994706421593
GENE_1908,0.0013556432207552668,0.0,0.0,0.0,0.2996271440898708
GENE_1751,0.0013535155971493558,0.0,0.0,0.0,0.2991568922013376
GENE_1709,0.0013292175645385896,0.0,0.0,0.0,0.2937864894237467
GENE_0219,0.0013280763237090117,0.0,0.0,0.0,0.2935342499515538
GENE_0874,0.001323105343361379,0.0,0.0,0.0,0.29243555331656584
GENE_1682,0.0013227270933758581,0.0,0.0,0.0,0.2923519517013484
GENE_0296,0.001316692714563018,0.0,0.0,0.0,0.29101822047888093
GENE_0498,0.0013039772620035111,0.0,0.0,0.0,0.28820782414606655
GENE_0236,0.001294099340037747,0.0,0.0,0.0,0.28602458485210575
GENE_0878,0.0012935551412357707,0.0,0.0,0.0,0.28590430487699364
GENE_0500,0.0012929790068229535,0.0,0.0,0.0,0.28577696642534106
GENE_1545,0.0012928569046185693,0.0,0.0,0.0,0.28574997913677824
GENE_0581,0.0012911780964332963,0.0,0.0,0.0,0.28537892538581583
GENE_1626,0.0012902046550981035,0.0,0.0,0.0,0.2851637733142845
GENE_1957,0.0012849217589749288,0.0,0.0,0.0,0.2839961363920651
GENE_0670,0.0012781359013479274,0.0,0.0,0.0,0.28249631172592166
GENE_0731,0.001270568728850175,0.0,0.0,0.0,0.2808237991875019
GENE_0151,0.001269912386118569,0.0,0.0,0.0,0.280678732922865
GENE_1734,0.0012668926323205405,0.0,0.0,0.0,0.2800113005243511
GENE_1673,0.001262524576388359,0.0,0.0,0.0,0.2790458635243009
GENE_1227,0.0012534736726342284,0.0,0.0,0.0,0.27704541355209394
GENE_0722,0.0012512294628685807,0.0,0.0,0.0,0.2765493935429023
GENE_1894,0.0012510347924040328,0.0,0.0,0.0,0.27650636706334036
GENE_0809,0.0012484629579515528,0.0,0.0,0.0,0.2759379347499775
GENE_0407,0.0012478256227374674,0.0,0.0,0.0,0.27579706956723576
GENE_1381,0.0012456287082166437,0.0,0.0,0.0,0.275311502853512
GENE_0957,0.001232788188586007,0.0,0.0,0.0,0.27247346393098926
GENE_0462,0.001227050110586491,0.0,0.0,0.0,0.27120522174363704
GENE_1337,0.0012262941975182847,0.0,0.0,0.0,0.2710381482317135
GENE_1834,0.001215603406782278,0.0,0.0,0.0,0.26867524695558903
GENE_1207,0.0012106075292828513,0.0,0.0,0.0,0.26757104749922905
GENE_0880,0.0012062344173181295,0.0,0.0,0.0,0.2666044930041276
GENE_1919,0.0012039915323077996,0.0,0.0,0.0,0.2661087657951701
GENE_1284,0.0012014835518864451,0.0,0.0,0.0,0.26555444663539507
GENE_0336,0.0011981706307903756,0.0,0.0,0.0,0.2648222177779695
GENE_1831,0.0011903709943838431,0.0,0.0,0.0,0.2630983255726688
GENE_1353,0.0011828688333096098,0.0,0.0,0.0,0.26144018199716196
GENE_1472,0.0011801158447034032,0.0,0.0,0.0,0.2608317106079641
GENE_0251,0.0011721577955804432,0.0,0.0,0.0,0.2590728056876039
GENE_0691,0.0011701695372791014,0.0,0.0,0.0,0.25863335661470394
GENE_1019,0.001168626279183611,0.0,0.0,0.0,0.25829226243249886
GENE_0797,0.0011670244797432898,0.0,0.0,0.0,0.2579382293179152
GENE_1214,0.001162144390450469,0.0,0.0,0.0,0.2568596216169179
GENE_1824,0.0011570228940568318,0.0,0.0,0.0,0.2557276576057401
GENE_0055,0.0011546952144558488,0.0,0.0,0.0,0.2552131889162495
GENE_0504,0.0011521781473323271,0.0,0.0,0.0,0.25465686139426097
GENE_1701,0.0011463254096412809,0.0,0.0,0.0,0.25336327687834514
GENE_0455,0.0011436249937976752,0.0,0.0,0.0,0.2527664252328039
GENE_0250,0.0011365993038359341,0.0,0.0,0.0,0.25121359231462315
GENE_0593,0.0011333450212002924,0.0,0.0,0.0,0.2504943238542716
GENE_0842,0.001129212000630806,0.0,0.0,0.0,0.2495808348693085
GENE_1639,0.0011275984505387394,0.0,0.0,0.0,0.24922420460071723
GENE_1000,0.0011271343795284288,0.0,0.0,0.0,0.24912163464031364
GENE_0383,0.0011231452581333856,0.0,0.0,0.0,0.24823995055653333
GENE_0234,0.0011167277020214547,0.0,0.0,0.0,0.2468215286735374
GENE_0630,0.001116383922029206,0.0,0.0,0.0,0.2467455456894486
GENE_0433,0.0011101085413149328,0.0,0.0,0.0,0.24535854771482904
GENE_1008,0.0011072047620725811,0.0,0.0,0.0,0.24471674825894524
GENE_1986,0.0011070885386892833,0.0,0.0,0.0,0.24469106031990578
GENE_1365,0.0011021549992279096,0.0,0.0,0.0,0.24360063894912468
GENE_1996,0.0011020246339205426,0.0,0.0,0.0,0.24357182533198948
GENE_0381,0.0011008602794203013,0.0,0.0,0.0,0.24331447722721225
GENE_0477,0.0010994186237439604,0.0,0.0,0.0,0.24299583942749506
GENE_0602,0.001097782615076898,0.0,0.0,0.0,0.24263424531695538
GENE_1087,0.0010971007734385308,0.0,0.0,0.0,0.24248354322978546
GENE_1177,0.0010968495670441575,0.0,0.0,0.0,0.242428021058929
GENE_1782,0.0010957752253876062,0.0,0.0,0.0,0.24219056778405487
GENE_0190,0.0010953468123599144,0.0,0.0,0.0,0.24209587902670862
GENE_1946,0.0010926065081585056,0.0,0.0,0.0,0.24149021117160133
GENE_1062,0.001091899479780992,0.0,0.0,0.0,0.24133394225784768
GENE_0382,0.0010914660328551643,0.0,0.0,0.0,0.24123814089764323
GENE_0078,0.001090947418694507,0.0,0.0,0.0,0.24112351569429824
GENE_1586,0.0010898901203259914,0.0,0.0,0.0,0.2408898293631464
GENE_0149,0.001086634883695002,0.0,0.0,0.0,0.24017035004871687
GENE_0515,0.0010845913414746998,0.0,0.0,0.0,0.23971868200662308
GENE_0545,0.0010829857014285542,0.0,0.0,0.0,0.2393638000331825
GENE_0288,0.0010819020765041303,0.0,0.0,0.0,0.23912429495072518
GENE_1255,0.0010808733866685012,0.0,0.0,0.0,0.2388969317382775
GENE_0315,0.0010804553509211193,0.0,0.0,0.0,0.2388045365894671
GENE_0415,0.0010722324055384986,0.0,0.0,0.0,0.23698708373514676
GENE_0749,0.001071871309258858,0.0,0.0,0.0,0.23690727346843815
GENE_0966,0.001071696166393709,0.0,0.0,0.0,0.2368685630203727
GENE_0143,0.0010684355322089344,0.0,0.0,0.0,0.23614789072714096
GENE_0533,0.001068141285283694,0.0,0.0,0.0,0.23608285564673245
GENE_0522,0.001067041323608221,0.0,0.0,0.0,0.2358397397808584
GENE_1462,0.0010661903180299174,0.0,0.0,0.0,0.235651648720373
GENE_0808,0.0010638714845055612,0.0,0.0,0.0,0.23513913520952787
GENE_1335,0.001062535916456242,0.0,0.0,0.0,0.23484394512246923
GENE_0707,0.0010607856822683398,0.0,0.0,0.0,0.23445710464469408
GENE_0438,0.001060181356790657,0.0,0.0,0.0,0.234323535344006
GENE_0557,0.0010522005153464136,0.0,0.0,0.0,0.23255959281638397
GENE_1718,0.0010513539938452289,0.0,0.0,0.0,0.23237249283614775
GENE_1926,0.0010501999342859406,0.0,0.0,0.0,0.2321174201410868
GENE_1310,0.0010472384975165256,0.0,0.0,0.0,0.23146287709610466
GENE_0774,0.0010464906368013438,0.0,0.0,0.0,0.23129758333235015
GENE_1661,0.0010442081234633177,0.0,0.0,0.0,0.23079309738623316
GENE_1264,0.00104379403185025,0.0,0.0,0.0,0.23070157397836638
GENE_1283,0.0010424435584962379,0.0,0.0,0.0,0.23040308948920504
GENE_0351,0.0010415643280690826,0.0,0.0,0.0,0.23020876011267583
GENE_0821,0.0010413221306369252,0.0,0.0,0.0,0.2301552291217837
GENE_1816,0.001037185117310806,0.0,0.0,0.0,0.2292408576492688
GENE_0973,0.0010345845103931408,0.0,0.0,0.0,0.22866606598453693
GENE_0237,0.0010313589110364381,0.0,0.0,0.0,0.22795313716342094
GENE_1082,0.0010295518411930955,0.0,0.0,0.0,0.22755373474835924
GENE_0981,0.0010293665244632455,0.0,0.0,0.0,0.2275127756511079
GENE_1821,0.0010280229780565823,0.0,0.0,0.0,0.22721582217056274
GENE_1827,0.0010261406436159436,0.0,0.0,0.0,0.22679978461434175
GENE_0596,0.0010239302848717678,0.0,0.0,0.0,0.2263112464298167
GENE_0168,0.0010197331731163013,0.0,0.0,0.0,0.2253835918747961
GENE_1864,0.0010193579631537857,0.0,0.0,0.0,0.22530066217192043
GENE_0450,0.0010192071271970641,0.0,0.0,0.0,0.22526732408838446
GENE_1174,0.0010164170419840756,0.0,0.0,0.0,0.22465065352836103
GENE_1794,0.001015515182132733,0.0,0.0,0.0,0.22445132254843211
GENE_0896,0.0010143570941636428,0.0,0.0,0.0,0.22419535948568026
GENE_1667,0.0010142256786551925,0.0,0.0,0.0,0.22416631375087093
GENE_1880,0.0010133428196411362,0.0,0.0,0.0,0.22397118237635757
GENE_0395,0.0010107740703717914,0.0,0.0,0.0,0.22340343195672438
GENE_1483,0.001009246128109661,0.0,0.0,0.0,0.22306572291253995
GENE_1430,0.001008606341677212,0.0,0.0,0.0,0.22292431595630896
GENE_1980,0.0010084335374472317,0.0,0.0,0.0,0.2228861223983559
GENE_1498,0.0010080757074741322,0.0,0.0,0.0,0.22280703405765676
GENE_1872,0.0010073624849196935,0.0,0.0,0.0,0.22264939609376247
GENE_1885,0.0010073129050353724,0.0,0.0,0.0,0.22263843784242024
GENE_0614,0.0010034787567318305,0.0,0.0,0.0,0.2217910062404924
GENE_1875,0.001002207482241632,0.0,0.0,0.0,0.2215100264524326
GENE_0548,0.0010022019434243038,0.0,0.0,0.0,0.22150880225126207
GENE_1911,0.001001702471477703,0.0,0.0,0.0,0.22139840790072665
GENE_1464,0.0010007941028508493,0.0,0.0,0.0,0.2211976383374094
GENE_0011,0.0010004919404200045,0.0,0.0,0.0,0.22113085375513944
GENE_0308,0.0009887019019916023,0.0,0.0,0.0,0.21852499441919715
GENE_0046,0.0009886312081491403,0.0,0.0,0.0,0.21850936951597974
GENE_0696,0.0009871999132802759,0.0,0.0,0.0,0.21819302168393775
GENE_0043,0.0009864344084083729,0.0,0.0,0.0,0.21802382817118784
GENE_0138,0.0009863902771392158,0.0,0.0,0.0,0.21801407418434224
GENE_0153,0.0009848040580083697,0.0,0.0,0.0,0.21766348466285196
GENE_1397,0.0009832256185878252,0.0,0.0,0.0,0.21731461462945692
GENE_0434,0.000982495148625036,0.0,0.0,0.0,0.21715316460673487
GENE_1018,0.000981218787248989,0.0,0.0,0.0,0.2168710605043601
GENE_0819,0.0009808619844796638,0.0,0.0,0.0,0.216792199198421
GENE_0999,0.0009799531205595738,0.0,0.0,0.0,0.21659132016434066
GENE_0311,0.0009794807528877817,0.0,0.0,0.0,0.21648691645819398
GENE_0650,0.0009770251927932253,0.0,0.0,0.0,0.21594418335039067
GENE_1224,0.0009758127878281632,0.0,0.0,0.0,0.2156762150298177
GENE_1493,0.0009749559610305997,0.0,0.0,0.0,0.21548683735108703
GENE_1580,0.0009741915607988118,0.0,0.0,0.0,0.21531788798824164
GENE_1290,0.0009736053862290739,0.0,0.0,0.0,0.21518833043978075
GENE_0070,0.0009729111285433,0.0,0.0,0.0,0.2150348841314409
GENE_1109,0.0009723373783424001,0.0,0.0,0.0,0.21490807264337042
GENE_1995,0.0009711829694596215,0.0,0.0,0.0,0.21465292274008965
GENE_0818,0.0009708011203106812,0.0,0.0,0.0,0.21456852563012854
GENE_1903,0.0009700355523121343,0.0,0.0,0.0,0.21439931816499372
GENE_0224,0.0009699752667404547,0.0,0.0,0.0,0.2143859937198922
GENE_1655,0.0009696981286967092,0.0,0.0,0.0,0.21432474008081165
GENE_0463,0.0009689662634412157,0.0,0.0,0.0,0.21416298166753242
GENE_1455,0.0009686310571476744,0.0,0.0,0.0,0.21408889366054282
GENE_1592,0.0009672659178717499,0.0,0.0,0.0,0.21378716767816947
GENE_1738,0.0009661950098037421,0.0,0.0,0.0,0.2135504733023283
GENE_1670,0.0009654333779987964,0.0,0.0,0.0,0.2133821358230638
GENE_1459,0.0009634785861181383,0.0,0.0,0.0,0.21295008356954737
GENE_0634,0.0009605722953765065,0.0,0.0,0.0,0.21230772901675815
GENE_1749,0.0009599633179077307,0.0,0.0,0.0,0.21217313152311768
GENE_0397,0.0009591210841524161,0.0,0.0,0.0,0.211986979229581
GENE_1675,0.0009587486057819065,0.0,0.0,0.0,0.21190465326897254
GENE_1923,0.0009573887260839202,0.0,0.0,0.0,0.21160408976968662
GENE_1246,0.0009566807139713976,0.0,0.0,0.0,0.21144760342873184
GENE_1759,0.0009559253115505686,0.0,0.0,0.0,0.21128064278117628
GENE_1781,0.000955114715627164,0.0,0.0,0.0,0.21110148314844837
GENE_0328,0.0009530667886616329,0.0,0.0,0.0,0.21064884598065073
GENE_1156,0.0009528894030011485,0.0,0.0,0.0,0.21060963982519648
GENE_0195,0.0009522271877091,0.0,0.0,0.0,0.2104632755947771
GENE_0007,0.0009522147428541388,0.0,0.0,0.0,0.2104605250065002
GENE_1345,0.0009511523192923226,0.0,0.0,0.0,0.21022570589423892
GENE_0885,0.0009497433222153765,0.0,0.0,0.0,0.2099142863675281
GENE_0063,0.0009487624135964179,0.0,0.0,0.0,0.2096974838610781
GENE_0427,0.0009468713943878367,0.0,0.0,0.0,0.20927952677899966
GENE_1161,0.0009467177913687678,0.0,0.0,0.0,0.2092455771134663
GENE_0424,0.0009464141934735526,0.0,0.0,0.0,0.2091784752618122
GENE_1110,0.0009463750922170205,0.0,0.0,0.0,0.2091698330190409
GENE_1443,0.0009453737738269426,0.0,0.0,0.0,0.20894851950162696
GENE_1011,0.0009451956625446832,0.0,0.0,0.0,0.20890915296770673
GENE_0207,0.000945186305767538,0.0,0.0,0.0,0.20890708491294796
GENE_0133,0.0009449625616644756,0.0,0.0,0.0,0.208857632516048
GENE_0464,0.000943537810617443,0.0,0.0,0.0,0.20854273101340662
GENE_1638,0.0009431889249056866,0.0,0.0,0.0,0.2084656195523475
GENE_0839,0.0009422635622259962,0.0,0.0,0.0,0.20826109392737624
GENE_1074,0.0009391606601357809,0.0,0.0,0.0,0.207575283916713
GENE_0264,0.000939129426903118,0.0,0.0,0.0,0.2075683806812893
GENE_1654,0.0009389824036719655,0.0,0.0,0.0,0.20753588529445693
GENE_0618,0.0009380425307731216,0.0,0.0,0.0,0.20732815259002813
GENE_0725,0.0009346630448449426,0.0,0.0,0.0,0.20658121143202343
GENE_1312,0.0009339143524073177,0.0,0.0,0.0,0.20641573383920792
GENE_1072,0.0009316695192028312,0.0,0.0,0.0,0.20591957603623992
GENE_0147,0.0009309494399330396,0.0,0.0,0.0,0.2057604225865544
GENE_1760,0.0009300189824918899,0.0,0.0,0.0,0.20555477090658397
GENE_1990,0.0009262169268277091,0.0,0.0,0.0,0.2047144324879737
GENE_0348,0.0009254606975126848,0.0,0.0,0.0,0.20454728907850675
GENE_1662,0.0009237835949403515,0.0,0.0,0.0,0.20417661230573905
GENE_1258,0.0009216413200853972,0.0,0.0,0.0,0.20370312216702252
GENE_1622,0.0009200995117100432,0.0,0.0,0.0,0.20336234840504128
GENE_1936,0.000918483212617362,0.0,0.0,0.0,0.2030051105464952
GENE_1608,0.0009183870550640281,0.0,0.0,0.0,0.202983857599815
GENE_0546,0.0009180172696606089,0.0,0.0,0.0,0.2029021268445128
GENE_1548,0.0009173741954492507,0.0,0.0,0.0,0.20275999321640398
GENE_0900,0.0009170056894230447,0.0,0.0,0.0,0.2026785452317709
GENE_1409,0.0009167220026874117,0.0,0.0,0.0,0.2026158441868997
GENE_0174,0.0009115268784708818,0.0,0.0,0.0,0.20146760679791784
GENE_0014,0.0009111987253975492,0.0,0.0,0.0,0.20139507770864007
GENE_0625,0.0009111811305223706,0.0,0.0,0.0,0.20139118885195592
GENE_0182,0.0009110688890550012,0.0,0.0,0.0,0.20136638100443272
GENE_0844,0.0009092161420137793,0.0,0.0,0.0,0.2009568829180756
GENE_1342,0.0009076724390941158,0.0,0.0,0.0,0.20061569041988697
GENE_1051,0.000905757421487018,0.0,0.0,0.0,0.20019242916079488
GENE_1096,0.0009057426438094999,0.0,0.0,0.0,0.20018916296712147
GENE_1121,0.0009044937367302993,0.0,0.0,0.0,0.1999131268717497
GENE_0258,0.0009044469301765131,0.0,0.0,0.0,0.19990278158781294
GENE_0269,0.0009039673869356322,0.0,0.0,0.0,0.19979679192214508
GENE_1418,0.0009030553434871689,0.0,0.0,0.0,0.19959521014195022
GENE_0822,0.0009016064470530943,0.0,0.0,0.0,0.1992749719745791
GENE_0770,0.000901254537948521,0.0,0.0,0.0,0.19919719227681779
GENE_0975,0.0008999698476356351,0.0,0.0,0.0,0.1989132472951319
GENE_1488,0.0008999250952775401,0.0,0.0,0.0,0.19890335603389
GENE_0754,0.000897896669077858,0.0,0.0,0.0,0.19845502896678072
GENE_1882,0.0008975466253720889,0.0,0.0,0.0,0.1983776615634253
GENE_1870,0.0008955433923128182,0.0,0.0,0.0,0.1979349027377209
GENE_1289,0.000895388931237621,0.0,0.0,0.0,0.19790076342279952
GENE_1901,0.0008939487015190983,0.0,0.0,0.0,0.19758244079130813
GENE_1633,0.0008934791219476671,0.0,0.0,0.0,0.19747865331702527
GENE_1917,0.0008927443183681336,0.0,0.0,0.0,0.1973162454691256
GENE_1686,0.0008909966202460095,0.0,0.0,0.0,0.19692996551799544
GENE_1635,0.0008906587373512148,0.0,0.0,0.0,0.1968552859229116
GENE_1322,0.0008890872246433717,0.0,0.0,0.0,0.19650794684627046
GENE_0331,0.000887430905381396,0.0,0.0,0.0,0.19614186364490252
GENE_0038,0.000887322065927524,0.0,0.0,0.0,0.19611780771762852
GENE_0831,0.0008861692654301811,0.0,0.0,0.0,0.19586301330311304
GENE_0374,0.0008849594177474971,0.0,0.0,0.0,0.19559561019852303
GENE_1173,0.0008834647976089147,0.0,0.0,0.0,0.19526526608086267
GENE_0203,0.0008789467319693918,0.0,0.0,0.0,0.19426667361666944
GENE_1367,0.0008775665747643369,0.0,0.0,0.0,0.19396162833970101
GENE_0513,0.0008764383907188768,0.0,0.0,0.0,0.19371227470566696
GENE_0372,0.0008752981044919461,0.0,0.0,0.0,0.19346024622177876
GENE_1294,0.0008750858719584315,0.0,0.0,0.0,0.19341333813643127
GENE_0194,0.0008750771209188174,0.0,0.0,0.0,0.19341140396306822
GENE_1700,0.0008748112186898608,0.0,0.0,0.0,0.19335263368763764
GENE_0079,0.0008731888197712279,0.0,0.0,0.0,0.19299404763260344
GENE_1085,0.0008717396024936292,0.0,0.0,0.0,0.19267373855171513
GENE_0685,0.0008702486999337211,0.0,0.0,0.0,0.19234421610118965
GENE_0529,0.0008699776806196654,0.0,0.0,0.0,0.19228431483674158
GENE_1249,0.0008692611769337886,0.0,0.0,0.0,0.19212595167020757
GENE_0253,0.0008689958165344874,0.0,0.0,0.0,0.19206730115111828
GENE_1560,0.0008688407002832296,0.0,0.0,0.0,0.19203301702779238
GENE_1383,0.0008681047199837333,0.0,0.0,0.0,0.19187034909874714
GENE_1564,0.0008676806865491538,0.0,0.0,0.0,0.191776628328373
GENE_1974,0.0008648964776985083,0.0,0.0,0.0,0.19116125657443625
GENE_1343,0.0008643472544943609,0.0,0.0,0.0,0.19103986609528428
GENE_1774,0.0008641795385975403,0.0,0.0,0.0,0.19100279717153396
GENE_0350,0.0008625849395085535,0.0,0.0,0.0,0.19065035549389606
GENE_1089,0.0008620973094140712,0.0,0.0,0.0,0.19054257845466843
GENE_0494,0.0008604886298784873,0.0,0.0,0.0,0.19018702468681625
GENE_0029,0.0008599790186759413,0.0,0.0,0.0,0.19007438933639564
GENE_0291,0.0008597684960819424,0.0,0.0,0.0,0.19002785918551188
GENE_0157,0.0008589347058157969,0.0,0.0,0.0,0.1898435730898857
GENE_1221,0.0008565266024116758,0.0,0.0,0.0,0.18931132896060224
GENE_0394,0.0008528477659798994,0.0,0.0,0.0,0.1884982247184604
GENE_0972,0.0008522465779611697,0.0,0.0,0.0,0.1883653488656142
GENE_0884,0.0008504935321082134,0.0,0.0,0.0,0.18797788694765674
GENE_1247,0.0008503853284756035,0.0,0.0,0.0,0.1879539715509486
GENE_0864,0.0008481563067678255,0.0,0.0,0.0,0.18746130843856734
GENE_1352,0.0008465982979861431,0.0,0.0,0.0,0.1871169540283691
GENE_1099,0.0008463308442753792,0.0,0.0,0.0,0.18705784084113403
GENE_1596,0.0008447782348622046,0.0,0.0,0.0,0.18671467981083184
GENE_1678,0.0008429574274145056,0.0,0.0,0.0,0.1863122410812761
GENE_0458,0.0008426522702401807,0.0,0.0,0.0,0.18624479459444118
GENE_0965,0.0008408784691767824,0.0,0.0,0.0,0.18585274531578694
GENE_0907,0.0008405474078150694,0.0,0.0,0.0,0.18577957343043403
GENE_1629,0.0008396656379670231,0.0,0.0,0.0,0.18558468278570564
GENE_1159,0.0008375007591207563,0.0,0.0,0.0,0.18510619666481748
GENE_0059,0.0008373545400453484,0.0,0.0,0.0,0.18507387901419586
GENE_1621,0.0008371511796264176,0.0,0.0,0.0,0.18502893186245842
GENE_1593,0.0008369221515506137,0.0,0.0,0.0,0.18497831159067973
GENE_0098,0.0008356263595804836,0.0,0.0,0.0,0.1846919128971294
GENE_1419,0.0008346900456614333,0.0,0.0,0.0,0.184484966805974
GENE_0444,0.0008340350870570901,0.0,0.0,0.0,0.1843402064640847
GENE_0134,0.0008337212898221428,0.0,0.0,0.0,0.18427085033269922
GENE_1956,0.0008335210747509084,0.0,0.0,0.0,0.18422659837239044
GENE_0932,0.0008326059174778602,0.0,0.0,0.0,0.18402432836807195
GENE_0767,0.0008319499303810051,0.0,0.0,0.0,0.18387934070658313
GENE_1494,0.000830970659955467,0.0,0.0,0.0,0.18366290027712248
GENE_1761,0.000830828656273135,0.0,0.0,0.0,0.1836315143216322
GENE_0804,0.0008306687949878088,0.0,0.0,0.0,0.18359618144079784
GENE_0668,0.0008294553803900093,0.0,0.0,0.0,0.18332798996905272
GENE_0200,0.0008285411209721829,0.0,0.0,0.0,0.18312591841060244
GENE_0595,0.0008277985759869165,0.0,0.0,0.0,0.18296179954076464
GENE_0520,0.0008276469009778348,0.0,0.0,0.0,0.18292827600809383
GENE_0183,0.0008254521744031988,0.0,0.0,0.0,0.18244319287888378
GENE_0056,0.0008254080121029623,0.0,0.0,0.0,0.1824334320334831
GENE_1705,0.0008252052845984346,0.0,0.0,0.0,0.18238862476983134
GENE_1575,0.0008247834407527473,0.0,0.0,0.0,0.18229538794704492
GENE_0090,0.0008237170045397281,0.0,0.0,0.0,0.18205968195009173
GENE_1950,0.0008229768115881668,0.0,0.0,0.0,0.18189608293173923
GENE_1014,0.0008223482403661054,0.0,0.0,0.0,0.18175715478512966
GENE_0485,0.0008220764285747052,0.0,0.0,0.0,0.18169707836565566
GENE_1803,0.000821139039265003,0.0,0.0,0.0,0.1814898945893742
GENE_0123,0.0008179592565607043,0.0,0.0,0.0,0.18078709226208886
GENE_1407,0.0008170281304029484,0.0,0.0,0.0,0.18058129278095375
GENE_0718,0.0008169139755460495,0.0,0.0,0.0,0.18055606203201263
GENE_0409,0.000816775278236918,0.0,0.0,0.0,0.18052540685814997
GENE_0683,0.0008158130410388888,0.0,0.0,0.0,0.18031273114881258
GENE_0266,0.0008154574048434575,0.0,0.0,0.0,0.18023412768151334
GENE_1789,0.0008153145756825434,0.0,0.0,0.0,0.18020255927699347
GENE_1136,0.0008141118260663831,0.0,0.0,0.0,0.17993672500214308
GENE_0008,0.0008140331785711981,0.0,0.0,0.0,0.17991934216570699
GENE_1778,0.0008139098360480311,0.0,0.0,0.0,0.1798920807392523
GENE_0459,0.0008128245154977954,0.0,0.0,0.0,0.17965220088597647
GENE_0925,0.0008127492766093793,0.0,0.0,0.0,0.17963557142704845
GENE_1549,0.0008118264148608462,0.0,0.0,0.0,0.17943159856319366
GENE_1514,0.0008115532888823313,0.0,0.0,0.0,0.17937123167929217
GENE_1708,0.0008104426315038557,0.0,0.0,0.0,0.17912575182642235
GENE_0527,0.0008088964348464794,0.0,0.0,0.0,0.17878400815702764
GENE_0528,0.0008074425855443727,0.0,0.0,0.0,0.17846267529624396
GENE_1744,0.0008070194544821319,0.0,0.0,0.0,0.1783691539701208
GENE_1213,0.0008061604107514038,0.0,0.0,0.0,0.17817928630011323
GENE_0305,0.0008060833858395484,0.0,0.0,0.0,0.17816226209049107
GENE_0768,0.0008058596615090432,0.0,0.0,0.0,0.17811281406376367
GENE_1274,0.0008053364535222356,0.0,0.0,0.0,0.17799717352320552
GENE_0694,0.000804198698340326,0.0,0.0,0.0,0.1777457044562639
GENE_1881,0.0008035999958978965,0.0,0.0,0.0,0.17761337797077104
GENE_0761,0.0008030824407271255,0.0,0.0,0.0,0.17749898682762005
GENE_0337,0.0008028617257522198,0.0,0.0,0.0,0.17745020393505928
GENE_1538,0.0008026896174267041,0.0,0.0,0.0,0.1774121641873891
GENE_0439,0.0008004438749087368,0.0,0.0,0.0,0.1769158054060241
GENE_0293,0.0008003558922847116,0.0,0.0,0.0,0.17689635929958358
GENE_0248,0.0007999933314347862,0.0,0.0,0.0,0.17681622533043984
GENE_1344,0.000798480226349287,0.0,0.0,0.0,0.17648179563054917
GENE_1137,0.0007983887601588826,0.0,0.0,0.0,0.17646157957886827
GENE_0172,0.0007979013098276107,0.0,0.0,0.0,0.17635384227128723
GENE_1811,0.000797540198705301,0.0,0.0,0.0,0.17627402872402037
GENE_0283,0.0007972247481370393,0.0,0.0,0.0,0.176204307169394
GENE_1185,0.0007966359539736292,0.0,0.0,0.0,0.17607417063277556
GENE_0869,0.0007962479880795863,0.0,0.0,0.0,0.17598842158681965
GENE_0015,0.000796159008682456,0.0,0.0,0.0,0.17596875517147023
GENE_0379,0.0007954882655394362,0.0,0.0,0.0,0.17582050609731564
GENE_1976,0.0007951582029893806,0.0,0.0,0.0,0.1757475549714368
GENE_1830,0.0007944721854113561,0.0,0.0,0.0,0.175595929909214
GENE_1359,0.0007938581732021873,0.0,0.0,0.0,0.17546021962655786
GENE_0030,0.000792097347133839,0.0,0.0,0.0,0.17507103810886895
GENE_1758,0.0007894102368944159,0.0,0.0,0.0,0.17447712729622578
GENE_0443,0.0007890594062775031,0.0,0.0,0.0,0.17439958596809793
GENE_0556,0.0007887363709192212,0.0,0.0,0.0,0.1743281880070709
GENE_1318,0.0007886555967891719,0.0,0.0,0.0,0.17431033513728
GENE_1829,0.0007873550168726556,0.0,0.0,0.0,0.17402287820164963
GENE_0166,0.0007870902485867232,0.0,0.0,0.0,0.17396435855271478
GENE_1197,0.0007862385516522308,0.0,0.0,0.0,0.1737761146872161
GENE_0849,0.0007860808436070468,0.0,0.0,0.0,0.17374125772009158
GENE_0970,0.0007858953357024168,0.0,0.0,0.0,0.17370025636898428
GENE_1288,0.0007855473823820464,0.0,0.0,0.0,0.17362335098704973
GENE_1184,0.0007847018445619341,0.0,0.0,0.0,0.17343646842209354
GENE_1582,0.0007846813778141036,0.0,0.0,0.0,0.17343194481801588
GENE_0544,0.0007842857848384179,0.0,0.0,0.0,0.17334451001827508
GENE_1269,0.0007841851011457962,0.0,0.0,0.0,0.17332225669467577
GENE_0012,0.000783762189028708,0.0,0.0,0.0,0.17322878376027526
GENE_0553,0.0007834382181824284,0.0,0.0,0.0,0.17315717903570396
GENE_1404,0.0007831540371878641,0.0,0.0,0.0,0.17309436874867395
GENE_1958,0.0007813544466246414,0.0,0.0,0.0,0.17269661941999065
GENE_1891,0.0007797730265420123,0.0,0.0,0.0,0.17234709059433065
GENE_0700,0.0007797575115463775,0.0,0.0,0.0,0.172343661437041
GENE_0577,0.0007797326950456445,0.0,0.0,0.0,0.17233817644133778
GENE_0654,0.0007782002829659462,0.0,0.0,0.0,0.17199947946858044
GENE_1929,0.0007779049155974132,0.0,0.0,0.0,0.17193419674541557
GENE_0165,0.0007771283449918529,0.0,0.0,0.0,0.17176255746070868
GENE_1086,0.0007761614754162463,0.0,0.0,0.0,0.17154885789343982
GENE_1406,0.0007759298997057378,0.0,0.0,0.0,0.17149767453802747
GENE_1851,0.0007759182861699993,0.0,0.0,0.0,0.17149510768969095
GENE_1677,0.0007742955931331115,0.0,0.0,0.0,0.17113645662801535
GENE_0367,0.0007725146883041383,0.0,0.0,0.0,0.17074283726000508
GENE_0389,0.0007724588060422333,0.0,0.0,0.0,0.17073048604378277
GENE_1813,0.0007722017553296828,0.0,0.0,0.0,0.1706736721493092
GENE_1616,0.0007715714931498403,0.0,0.0,0.0,0.1705343702636192
GENE_1233,0.0007712734268951834,0.0,0.0,0.0,0.17046849102691072
GENE_0188,0.0007706225495947467,0.0,0.0,0.0,0.17032463274347967
GENE_1326,0.0007706042958222418,0.0,0.0,0.0,0.17032059825590892
GENE_1599,0.0007693761223114787,0.0,0.0,0.0,0.17004914473787208
GENE_0371,0.0007691120124764854,0.0,0.0,0.0,0.1699907706211624
GENE_1918,0.0007687457733070276,0.0,0.0,0.0,0.1699098236620227
GENE_0771,0.0007678645447342588,0.0,0.0,0.0,0.16971505265110584
GENE_0093,0.0007676329543924634,0.0,0.0,0.0,0.16966386606185538
GENE_1576,0.0007648621436529074,0.0,0.0,0.0,0.16905145558688972
GENE_1356,0.0007642909858053058,0.0,0.0,0.0,0.1689252170662515
GENE_0040,0.0007637171186098338,0.0,0.0,0.0,0.1687983797197922
GENE_0858,0.0007634793275597681,0.0,0.0,0.0,0.1687458226368293
GENE_0456,0.0007608076236218382,0.0,0.0,0.0,0.1681553169576657
GENE_0855,0.0007600305129601925,0.0,0.0,0.0,0.16798355830861575
GENE_1012,0.0007591247539021684,0.0,0.0,0.0,0.16778336551774403
GENE_1351,0.0007580172618571319,0.0,0.0,0.0,0.16753858527359422
GENE_1167,0.0007576602460361668,0.0,0.0,0.0,0.1674596768785291
GENE_1754,0.0007568463523635735,0.0,0.0,0.0,0.16727978837027097
GENE_0751,0.0007562305921262527,0.0,0.0,0.0,0.1671436917347198
GENE_1577,0.0007561440894533985,0.0,0.0,0.0,0.16712457273023054
GENE_1509,0.0007557871969668233,0.0,0.0,0.0,0.1670456915947943
GENE_1002,0.0007551682079947282,0.0,0.0,0.0,0.16690888133742535
GENE_1452,0.0007537275234431592,0.0,0.0,0.0,0.16659045817776794
GENE_0600,0.0007534582753823876,0.0,0.0,0.0,0.16653094839948293
GENE_0295,0.0007531700391262799,0.0,0.0,0.0,0.16646724180993305
GENE_1440,0.0007530959715910287,0.0,0.0,0.0,0.16645087124596955
GENE_0285,0.000753028391398157,0.0,0.0,0.0,0.1664359345281981
GENE_0599,0.0007525849502639881,0.0,0.0,0.0,0.166337924226838
GENE_1016,0.0007523728322232816,0.0,0.0,0.0,0.16629104144693413
GENE_1154,0.0007522287404410716,0.0,0.0,0.0,0.16625919397517358
GENE_1248,0.0007506159741773505,0.0,0.0,0.0,0.16590273694998814
GENE_1023,0.0007496146420716288,0.0,0.0,0.0,0.16568142040111347
GENE_1448,0.0007494226562190281,0.0,0.0,0.0,0.1656389872801863
GENE_0730,0.0007485992611621047,0.0,0.0,0.0,0.1654569987557822
GENE_1305,0.0007482573596341368,0.0,0.0,0.0,0.16538143095385868
GENE_1473,0.0007476005972210288,0.0,0.0,0.0,0.16523627193032484
GENE_1114,0.0007475978312675506,0.0,0.0,0.0,0.16523566059341208
GENE_1195,0.0007464564900148568,0.0,0.0,0.0,0.1649833989254888
GENE_0810,0.0007464331683890511,0.0,0.0,0.0,0.1649782443302172
GENE_0268,0.000746401527634241,0.0,0.0,0.0,0.1649712510233829
GENE_0451,0.0007463549693303782,0.0,0.0,0.0,0.1649609606081715
GENE_0631,0.0007449034764061413,0.0,0.0,0.0,0.16464014855902964
GENE_1105,0.000744825831586656,0.0,0.0,0.0,0.16462298733610642
GENE_1780,0.0007444364579500258,0.0,0.0,0.0,0.16453692714789378
GENE_1017,0.0007435934664049191,0.0,0.0,0.0,0.1643506073660477
GENE_0401,0.0007432022177106259,0.0,0.0,0.0,0.16426413274860768
GENE_1088,0.000743057879003485,0.0,0.0,0.0,0.16423223070097442
GENE_1168,0.0007422090654523717,0.0,0.0,0.0,0.16404462412699458
GENE_1130,0.0007417072784175356,0.0,0.0,0.0,0.1639337180907401
GENE_0661,0.0007412614858560466,0.0,0.0,0.0,0.16383518807191919
GENE_0312,0.0007403798534583962,0.0,0.0,0.0,0.16364032780676924
GENE_1964,0.0007400859764614701,0.0,0.0,0.0,0.16357537448870255
GENE_0223,0.0007393145913422459,0.0,0.0,0.0,0.16340488131119985
GENE_1077,0.0007375095839569163,0.0,0.0,0.0,0.1630059347449889
GENE_0922,0.0007368679381472108,0.0,0.0,0.0,0.16286411682524732
GENE_1194,0.000736704995162587,0.0,0.0,0.0,0.16282810282068857
GENE_1612,0.0007366630773785702,0.0,0.0,0.0,0.16281883806303019
GENE_1209,0.0007358354466493617,0.0,0.0,0.0,0.16263591336134092
GENE_0108,0.000735441766452754,0.0,0.0,0.0,0.16254890132809474
GENE_1275,0.000735098868272222,0.0,0.0,0.0,0.1624731132439046
GENE_1553,0.0007326918972418595,0.0,0.0,0.0,0.16194111939427447
GENE_1561,0.0007317164924773371,0.0,0.0,0.0,0.16172553336142234
GENE_1064,0.0007315892765387519,0.0,0.0,0.0,0.16169741582446467
GENE_1909,0.0007306845198722145,0.0,0.0,0.0,0.1614974445842885
GENE_0935,0.0007304805600048552,0.0,0.0,0.0,0.16145236494118612
GENE_0851,0.0007295956412243944,0.0,0.0,0.0,0.161256778312727
GENE_0160,0.00072865381059509,0.0,0.0,0.0,0.1610486129065535
GENE_1733,0.0007284290664818427,0.0,0.0,0.0,0.1609989394852784
GENE_0911,0.0007283407848076173,0.0,0.0,0.0,0.16097942728212744
GENE_0903,0.0007261950525821752,0.0,0.0,0.0,0.16050517298804212
GENE_1942,0.0007255321398243061,0.0,0.0,0.0,0.1603586546022456
GENE_1627,0.0007248444620911724,0.0,0.0,0.0,0.16020666260901434
GENE_1354,0.0007246286849524161,0.0,0.0,0.0,0.16015897108748747
GENE_1171,0.000724322362634023,0.0,0.0,0.0,0.16009126707803578
GENE_0366,0.0007241003279640303,0.0,0.0,0.0,0.16004219250366378
GENE_0099,0.0007236241036768611,0.0,0.0,0.0,0.15993693640019488
GENE_0678,0.0007235314760964029,0.0,0.0,0.0,0.15991646365561746
GENE_0225,0.000722064645653667,0.0,0.0,0.0,0.15959226167555948
GENE_1361,0.0007217074057516159,0.0,0.0,0.0,0.1595133037536168
GENE_1239,0.0007214295771174839,0.0,0.0,0.0,0.1594518974787822
GENE_0606,0.0007212012441641144,0.0,0.0,0.0,0.15940143084444044
GENE_0421,0.0007209614384667162,0.0,0.0,0.0,0.15934842847984493
GENE_0164,0.0007208455311153646,0.0,0.0,0.0,0.15932281039085752
GENE_0019,0.0007202226730747706,0.0,0.0,0.0,0.15918514498375091
GENE_0097,0.000720195359434898,0.0,0.0,0.0,0.15917910806505106
GENE_1756,0.0007198083571045507,0.0,0.0,0.0,0.1590935719879898
GENE_1187,0.0007193550981304384,0.0,0.0,0.0,0.15899339172679194
GENE_1963,0.0007182300371531309,0.0,0.0,0.0,0.15874472835991446
GENE_0899,0.0007177447049617069,0.0,0.0,0.0,0.15863745920810163
GENE_0776,0.0007176858214727232,0.0,0.0,0.0,0.15862444465429565
GENE_1334,0.0007168704128245165,0.0,0.0,0.0,0.15844422130290955
GENE_0193,0.0007164568739324456,0.0,0.0,0.0,0.15835282005861145
GENE_1295,0.0007164093978449813,0.0,0.0,0.0,0.15834232679291907
GENE_0572,0.0007144079918770742,0.0,0.0,0.0,0.15789997179482868
GENE_1147,0.0007143984780164912,0.0,0.0,0.0,0.15789786902115482
GENE_1375,0.0007137808656812347,0.0,0.0,0.0,0.15776136303098398
GENE_0089,0.000713185723232574,0.0,0.0,0.0,0.15762982338287546
GENE_0788,0.0007130209446499874,0.0,0.0,0.0,0.1575934036705561
GENE_1814,0.0007125678046998788,0.0,0.0,0.0,0.15749324971629633
GENE_0971,0.000712536023874295,0.0,0.0,0.0,0.1574862254507221
GENE_1853,0.0007106329739260388,0.0,0.0,0.0,0.15706560930900695
GENE_1170,0.0007099646313622863,0.0,0.0,0.0,0.15691789081598098
GENE_0624,0.0007098591891080672,0.0,0.0,0.0,0.15689458574499004
GENE_1920,0.0007086251255633166,0.0,0.0,0.0,0.15662183039913066
GENE_0655,0.0007084481617765672,0.0,0.0,0.0,0.15658271748710537
GENE_0617,0.0007072643126280756,0.0,0.0,0.0,0.15632106063376447
GENE_1631,0.000705907712629924,0.0,0.0,0.0,0.15602122202070223
GENE_1447,0.0007050866698799135,0.0,0.0,0.0,0.1558397534081684
GENE_1489,0.0007050659442295291,0.0,0.0,0.0,0.15583517258089838
GENE_0895,0.0007047951825315369,0.0,0.0,0.0,0.15577532825529983
GENE_1951,0.0007042076796185134,0.0,0.0,0.0,0.1556454771135845
GENE_0117,0.0007041185750069063,0.0,0.0,0.0,0.15562578302306548
GENE_1348,0.0007040888863003709,0.0,0.0,0.0,0.15561922116208707
GENE_1095,0.0007039525063861662,0.0,0.0,0.0,0.15558907818377332
GENE_0524,0.000703618801548536,0.0,0.0,0.0,0.15551532203175836
GENE_0125,0.0007035138848900971,0.0,0.0,0.0,0.15549213312906315
GENE_1762,0.0007035045694227207,0.0,0.0,0.0,0.1554900742046772
GENE_0543,0.000703374307970494,0.0,0.0,0.0,0.1554612835418257
GENE_1618,0.0007028696581290668,0.0,0.0,0.0,0.15534974476197771
GENE_1578,0.0007026827499357402,0.0,0.0,0.0,0.15530843391608845
GENE_0127,0.0007024495515971659,0.0,0.0,0.0,0.1552568919239745
GENE_1674,0.0007008633037423578,0.0,0.0,0.0,0.15490629605385312
GENE_1691,0.0007007718191464879,0.0,0.0,0.0,0.15488607593415715
GENE_0448,0.000700117968048567,0.0,0.0,0.0,0.15474156037568967
GENE_1304,0.0006999964400666633,0.0,0.0,0.0,0.1547147000029992
GENE_1234,0.0006999746399439349,0.0,0.0,0.0,0.15470988169356947
GENE_1628,0.0006999209401792032,0.0,0.0,0.0,0.1546980128575081
GENE_0571,0.0006993901306012145,0.0,0.0,0.0,0.15458069219712098
GENE_0514,0.0006989685422773385,0.0,0.0,0.0,0.15448751185030804
GENE_0240,0.0006987560378404148,0.0,0.0,0.0,0.15444054366829152
GENE_0132,0.0006979937722697093,0.0,0.0,0.0,0.1542720661127727
GENE_0136,0.0006976452884458592,0.0,0.0,0.0,0.15419504347783225
GENE_0287,0.0006974206967276485,0.0,0.0,0.0,0.15414540373923183
GENE_0835,0.000697266836338285,0.0,0.0,0.0,0.1541113971891693
GENE_1609,0.0006969871679770334,0.0,0.0,0.0,0.15404958429393908
GENE_1029,0.0006968101221831998,0.0,0.0,0.0,0.1540104532565339
GENE_1118,0.0006967958800600376,0.0,0.0,0.0,0.15400730543222177
GENE_1436,0.0006958190290732996,0.0,0.0,0.0,0.15379139975226372
GENE_0716,0.000693768382203703,0.0,0.0,0.0,0.15333816142549236
GENE_1347,0.000693485636837796,0.0,0.0,0.0,0.15327566844415752
GENE_1868,0.0006930520262883746,0.0,0.0,0.0,0.15317983091951884
GENE_0943,0.0006927830319086457,0.0,0.0,0.0,0.15312037721035673
GENE_0714,0.0006926213217920649,0.0,0.0,0.0,0.1530846356969115
GENE_0238,0.0006919263713719467,0.0,0.0,0.0,0.15293103627895543
GENE_1855,0.000691131863829239,0.0,0.0,0.0,0.1527554325343015
GENE_1741,0.000690765280857102,0.0,0.0,0.0,0.15267440958716338
GENE_0242,0.0006906601144097902,0.0,0.0,0.0,0.15265116547560093
GENE_0541,0.0006900852535644186,0.0,0.0,0.0,0.15252410851053028
GENE_1148,0.0006895547904476621,0.0,0.0,0.0,0.1524068644257406
GENE_1997,0.0006893869074059601,0.0,0.0,0.0,0.15236975855927357
GENE_1722,0.0006886564746998926,0.0,0.0,0.0,0.15220831677111127
GENE_1010,0.0006886197892641118,0.0,0.0,0.0,0.1522002084781737
GENE_0583,0.0006883425454352911,0.0,0.0,0.0,0.15213893145825116
GENE_1755,0.0006875750778561925,0.0,0.0,0.0,0.151969304143788
GENE_0218,0.0006871707354415706,0.0,0.0,0.0,0.15187993552446938
GENE_1133,0.0006867498513806384,0.0,0.0,0.0,0.15178691083534815
GENE_0403,0.0006864851689715964,0.0,0.0,0.0,0.15172841016710603
GENE_0897,0.0006862327417620517,0.0,0.0,0.0,0.15167261816908734
GENE_1212,0.0006860345624815574,0.0,0.0,0.0,0.15162881616357204
GENE_0349,0.0006855898830783056,0.0,0.0,0.0,0.1515305321773491
GENE_1551,0.0006854915480557761,0.0,0.0,0.0,0.15150879796180225
GENE_0033,0.0006852247991115684,0.0,0.0,0.0,0.15144984054356841
GENE_0267,0.0006849390542751818,0.0,0.0,0.0,0.15138668461289717
GENE_1111,0.0006845831788534403,0.0,0.0,0.0,0.15130802827129072
GENE_0004,0.0006845684836695845,0.0,0.0,0.0,0.1513047803105418
GENE_0256,0.0006844637987366644,0.0,0.0,0.0,0.15128164262431296
GENE_0187,0.0006829456126322738,0.0,0.0,0.0,0.15094608990683464
GENE_0387,0.0006821084542007536,0.0,0.0,0.0,0.1507610593721432
GENE_0503,0.0006814484707923938,0.0,0.0,0.0,0.15061518843739727
GENE_0413,0.0006813311790646652,0.0,0.0,0.0,0.15058926437060255
GENE_1792,0.0006811671378793628,0.0,0.0,0.0,0.1505530076393972
GENE_1695,0.000680514130958004,0.0,0.0,0.0,0.15040867866262655
GENE_1650,0.0006796079395939279,0.0,0.0,0.0,0.150208390322553
GENE_0452,0.0006793509660304192,0.0,0.0,0.0,0.15015159347972457
GENE_1190,0.0006788239235187169,0.0,0.0,0.0,0.15003510542432946
GENE_0420,0.0006787557438892786,0.0,0.0,0.0,0.15002003621781484
GENE_1731,0.0006787312686663831,0.0,0.0,0.0,0.15001462665206416
GENE_0232,0.0006776824322721718,0.0,0.0,0.0,0.1497828106044466
GENE_0509,0.000677575705942946,0.0,0.0,0.0,0.14975922172447026
GENE_0410,0.0006761476283476315,0.0,0.0,0.0,0.14944358498106192
GENE_1445,0.0006752173148270135,0.0,0.0,0.0,0.14923796511071308
GENE_1270,0.0006751280357493205,0.0,0.0,0.0,0.14921823245932916
GENE_1006,0.0006745428215287685,0.0,0.0,0.0,0.14908888716928517
GENE_1126,0.0006742724460107877,0.0,0.0,0.0,0.149029128198013
GENE_0359,0.0006736946497607606,0.0,0.0,0.0,0.14890142244357046
GENE_0958,0.0006718835686509803,0.0,0.0,0.0,0.14850113344988064
GENE_1597,0.0006708972441195947,0.0,0.0,0.0,0.1482831339069624
GENE_1151,0.0006706798415588668,0.0,0.0,0.0,0.1482350831312189
GENE_0629,0.0006688615736902886,0.0,0.0,0.0,0.14783320570483457
GENE_0324,0.0006685286222697386,0.0,0.0,0.0,0.14775961607466295
GENE_0261,0.0006671773776710235,0.0,0.0,0.0,0.14746096112335924
GENE_1637,0.0006670098783871122,0.0,0.0,0.0,0.1474239400758542
GENE_0094,0.0006668430276852243,0.0,0.0,0.0,0.1473870623793256
GENE_1528,0.0006668056862656123,0.0,0.0,0.0,0.14737880909944834
GENE_1191,0.0006663143282884945,0.0,0.0,0.0,0.14727020811568245
GENE_0408,0.0006662599799767546,0.0,0.0,0.0,0.14725819593638378
GENE_0393,0.0006655340407168996,0.0,0.0,0.0,0.14709774729924763
GENE_0590,0.0006651731408507021,0.0,0.0,0.0,0.1470179804442554
GENE_0747,0.000664841829229795,0.0,0.0,0.0,0.14694475324608383
GENE_0796,0.0006636414704594572,0.0,0.0,0.0,0.1466794474010554
GENE_1763,0.0006631443076344816,0.0,0.0,0.0,0.14656956341748628
GENE_1552,0.0006629194795124961,0.0,0.0,0.0,0.14651987142842143
GENE_0673,0.0006625764017955747,0.0,0.0,0.0,0.14644404366271713
GENE_0719,0.0006622001958137132,0.0,0.0,0.0,0.14636089381753006
GENE_0913,0.0006620027488932516,0.0,0.0,0.0,0.14631725367978476
GENE_1905,0.0006613812179905396,0.0,0.0,0.0,0.14617988159951173
GENE_0991,0.0006605681871591923,0.0,0.0,0.0,0.14600018379825846
GENE_0254,0.0006598880129088006,0.0,0.0,0.0,0.14584985024072053
GENE_1080,0.0006593372805639451,0.0,0.0,0.0,0.1457281262080838
GENE_1163,0.0006581858072910728,0.0,0.0,0.0,0.14547362513953987
GENE_0239,0.0006579727957131675,0.0,0.0,0.0,0.14542654486814643
GENE_1278,0.0006579703313529247,0.0,0.0,0.0,0.14542600019001117
GENE_0793,0.0006578872986423944,0.0,0.0,0.0,0.14540764812396506
GENE_0352,0.0006574150741865974,0.0,0.0,0.0,0.14530327607172183
GENE_1952,0.0006572374420291699,0.0,0.0,0.0,0.14526401543498965
GENE_1460,0.0006571701443935232,0.0,0.0,0.0,0.14524914116861626
GENE_0806,0.000655802812306107,0.0,0.0,0.0,0.14494693052638938
GENE_1727,0.0006547419173283776,0.0,0.0,0.0,0.14471244926502974
GENE_1427,0.0006544312553034715,0.0,0.0,0.0,0.14464378608442685
GENE_1057,0.0006537457919849278,0.0,0.0,0.0,0.14449228352581178
GENE_1279,0.0006535771513332168,0.0,0.0,0.0,0.14445501021077137
GENE_1466,0.0006535768467988611,0.0,0.0,0.0,0.14445494290194122
GENE_1791,0.000652608602393878,0.0,0.0,0.0,0.14424093946696334
GENE_0902,0.000652511064844046,0.0,0.0,0.0,0.14421938151052596
GENE_1145,0.0006514675367831065,0.0,0.0,0.0,0.14398873872200324
GENE_1526,0.0006513840930367539,0.0,0.0,0.0,0.14397029580794662
GENE_0034,0.0006504425419717247,0.0,0.0,0.0,0.14376219219166306
GENE_1422,0.0006504392332468711,0.0,0.0,0.0,0.14376146089026806
GENE_0997,0.0006503478672857095,0.0,0.0,0.0,0.1437412669914673
GENE_0570,0.0006502264529365146,0.0,0.0,0.0,0.14371443173411946
GENE_0488,0.0006494254409745153,0.0,0.0,0.0,0.14353739036889804
GENE_0002,0.0006479333835812001,0.0,0.0,0.0,0.14320761267464
GENE_1124,0.0006477724403638488,0.0,0.0,0.0,0.1431720406628914
GENE_0769,0.0006475396879205759,0.0,0.0,0.0,0.14312059722350406
GENE_0071,0.0006471383561088571,0.0,0.0,0.0,0.14303189401403374
GENE_1293,0.0006471096677354986,0.0,0.0,0.0,0.1430255532488188
GENE_0785,0.0006468244640403536,0.0,0.0,0.0,0.1429625169223342
GENE_0921,0.0006464397421783954,0.0,0.0,0.0,0.14287748487924012
GENE_0964,0.0006461759934410861,0.0,0.0,0.0,0.14281919057310752
GENE_0717,0.000645926785075388,0.0,0.0,0.0,0.1427641100107927
GENE_1104,0.0006458087182414128,0.0,0.0,0.0,0.14273801462836902
GENE_0564,0.0006449438677970474,0.0,0.0,0.0,0.14254686354617963
GENE_1584,0.0006447596832970616,0.0,0.0,0.0,0.14250615469677777
GENE_0940,0.0006443418594391207,0.0,0.0,0.0,0.14241380638022166
GENE_1303,0.0006442302512179729,0.0,0.0,0.0,0.14238913849412344
GENE_0154,0.0006434400159517042,0.0,0.0,0.0,0.14221447901708248
GENE_0792,0.0006430129404882906,0.0,0.0,0.0,0.14212008589103406
GENE_1158,0.0006428383963665228,0.0,0.0,0.0,0.14208150777850248
GENE_0171,0.0006425894400694045,0.0,0.0,0.0,0.1420264829289206
GENE_0471,0.0006411528847116959,0.0,0.0,0.0,0.1417089724124608
GENE_0102,0.0006384176719776429,0.0,0.0,0.0,0.14110442988428296
GENE_1449,0.0006383495533372882,0.0,0.0,0.0,0.14108937415770514
GENE_0048,0.0006381842202720842,0.0,0.0,0.0,0.14105283189245993
GENE_0303,0.000638131327430861,0.0,0.0,0.0,0.14104114140434634
GENE_1108,0.0006374922794111971,0.0,0.0,0.0,0.14089989765367758
GENE_1820,0.0006373238384610457,0.0,0.0,0.0,0.14086266847710002
GENE_0114,0.0006368612666969068,0.0,0.0,0.0,0.14076042988326976
GENE_1887,0.0006366798769702159,0.0,0.0,0.0,0.14072033874059775
GENE_0679,0.0006356690106633862,0.0,0.0,0.0,0.1404969149223432
GENE_1385,0.0006353860766536514,0.0,0.0,0.0,0.14043438024654883
GENE_0205,0.000635150169750453,0.0,0.0,0.0,0.14038223960172855
GENE_1860,0.0006347289703317513,0.0,0.0,0.0,0.1402891452115633
GENE_1730,0.0006338069254303126,0.0,0.0,0.0,0.14008535288898832
GENE_0516,0.0006331621005471824,0.0,0.0,0.0,0.13994283232368593
GENE_1189,0.0006331186687055654,0.0,0.0,0.0,0.13993323292580084
GENE_0474,0.0006322862343799713,0.0,0.0,0.0,0.1397492465230354
GENE_0868,0.0006321010875509468,0.0,0.0,0.0,0.13970832497762536
GENE_0375,0.0006320179455893891,0.0,0.0,0.0,0.13968994876468518
GENE_1243,0.000631849189320318,0.0,0.0,0.0,0.13965264989565024
GENE_1960,0.0006315058872778299,0.0,0.0,0.0,0.13957677254903272
GENE_0611,0.0006308608638539602,0.0,0.0,0.0,0.13943420810183438
GENE_1605,0.0006306597403205378,0.0,0.0,0.0,0.13938975535128323
GENE_1664,0.0006298006374428313,0.0,0.0,0.0,0.13919987460848485
GENE_0499,0.0006294927861986017,0.0,0.0,0.0,0.1391318326725973
GENE_1953,0.0006287787766085993,0.0,0.0,0.0,0.13897402075643103
GENE_1972,0.0006280630235821748,0.0,0.0,0.0,0.1388158235022436
GENE_0338,0.0006278429720159969,0.0,0.0,0.0,0.13876718723768894
GENE_0663,0.0006277331267648562,0.0,0.0,0.0,0.1387429090069663
GENE_1321,0.0006274195687219076,0.0,0.0,0.0,0.1386736057423044
GENE_1632,0.0006271741846314784,0.0,0.0,0.0,0.13861937042943245
GENE_1647,0.0006269646229732884,0.0,0.0,0.0,0.13857305266662226
GENE_1532,0.0006268593496408862,0.0,0.0,0.0,0.1385497849310901
GENE_1852,0.0006267569430916656,0.0,0.0,0.0,0.13852715081806588
GENE_1296,0.0006263249395061878,0.0,0.0,0.0,0.1384316684680113
GENE_1624,0.0006259150195721652,0.0,0.0,0.0,0.13834106709350782
GENE_1531,0.0006254588846681059,0.0,0.0,0.0,0.1382402511881645
GENE_0530,0.0006247149244822452,0.0,0.0,0.0,0.1380758195276854
GENE_1815,0.0006241539404476704,0.0,0.0,0.0,0.13795182964481195
GENE_0783,0.0006238222524206886,0.0,0.0,0.0,0.13787851925257028
GENE_0623,0.0006232407086289498,0.0,0.0,0.0,0.13774998520849868
GENE_0493,0.000622304540488926,0.0,0.0,0.0,0.13754307133773336
GENE_0537,0.0006220109086235601,0.0,0.0,0.0,0.13747817219916475
GENE_0843,0.0006218761166106207,0.0,0.0,0.0,0.13744838018216146
GENE_0018,0.0006212636701951223,0.0,0.0,0.0,0.13731301597454817
GENE_0506,0.0006209207132238644,0.0,0.0,0.0,0.13723721489630689
GENE_1516,0.0006208247990929642,0.0,0.0,0.0,0.13721601575137
GENE_0230,0.0006198955211024835,0.0,0.0,0.0,0.13701062475609163
GENE_0263,0.0006188945417707329,0.0,0.0,0.0,0.13678938617806938
GENE_1913,0.0006180901859887102,0.0,0.0,0.0,0.13661160575464396
GENE_1047,0.0006173253602994014,0.0,0.0,0.0,0.13644256235627364
GENE_0294,0.0006164297098298268,0.0,0.0,0.0,0.1362446037870921
GENE_1230,0.0006162287251992716,0.0,0.0,0.0,0.13620018173714768
GENE_0362,0.0006148537856392552,0.0,0.0,0.0,0.13589628967516815
GENE_0281,0.0006145395645958476,0.0,0.0,0.0,0.13582683987273655
GENE_0642,0.0006141612991083204,0.0,0.0,0.0,0.1357432348312328
GENE_0672,0.000614102341709106,0.0,0.0,0.0,0.13573020394163066
GENE_0744,0.0006135402793987737,0.0,0.0,0.0,0.13560597573595895
GENE_0284,0.0006135062915103789,0.0,0.0,0.0,0.13559846366067432
GENE_1973,0.0006132761479081735,0.0,0.0,0.0,0.135547596832881
GENE_1329,0.0006117091794348097,0.0,0.0,0.0,0.1352012621325966
GENE_1847,0.000611584852319311,0.0,0.0,0.0,0.1351737830894535
GENE_1544,0.0006109979262862957,0.0,0.0,0.0,0.13504405945098288
GENE_0412,0.0006105570479407078,0.0,0.0,0.0,0.1349466155825984
GENE_1320,0.0006102526979642194,0.0,0.0,0.0,0.13487934750434386
GENE_0465,0.0006088937364396658,0.0,0.0,0.0,0.13457898694170026
GENE_0766,0.0006085785246107337,0.0,0.0,0.0,0.1345093181537476
GENE_1218,0.0006082807949277083,0.0,0.0,0.0,0.13444351330681598
GENE_1400,0.0006076051237050156,0.0,0.0,0.0,0.13429417501802468
GENE_1948,0.0006073136495623497,0.0,0.0,0.0,0.13422975278391033
GENE_1069,0.0006062476670299371,0.0,0.0,0.0,0.13399414706040844
GENE_0728,0.0006061825822158098,0.0,0.0,0.0,0.13397976187654737
GENE_1856,0.000606102451314412,0.0,0.0,0.0,0.13396205117451931
GENE_0054,0.0006054753049136917,0.0,0.0,0.0,0.13382343794494891
GENE_0784,0.0006052893728403128,0.0,0.0,0.0,0.13378234284316382
GENE_0865,0.0006050944634090155,0.0,0.0,0.0,0.13373926354666332
GENE_1388,0.000604833037771156,0.0,0.0,0.0,0.1336814826969055
GENE_1461,0.0006047298576700615,0.0,0.0,0.0,0.13365867761180306
GENE_1659,0.0006043871817886145,0.0,0.0,0.0,0.13358293866062884
GENE_1732,0.0006028148940424888,0.0,0.0,0.0,0.13323542828338025
GENE_0817,0.0006026398564292045,0.0,0.0,0.0,0.1331967410983055
GENE_0316,0.0006024366070879218,0.0,0.0,0.0,0.13315181849718577
GENE_1902,0.0006023008743866685,0.0,0.0,0.0,0.13312181856725325
GENE_0562,0.0006017574853882309,0.0,0.0,0.0,0.13300171757663937
GENE_0576,0.0006010547066832095,0.0,0.0,0.0,0.13284638793452644
GENE_0510,0.0006008466545197596,0.0,0.0,0.0,0.1328004038034499
GENE_0561,0.0006000784158845671,0.0,0.0,0.0,0.13263060606853114
GENE_1276,0.0005996868776739427,0.0,0.0,0.0,0.13254406746157665
GENE_1220,0.0005992775145601882,0.0,0.0,0.0,0.13245358915667158
GENE_1555,0.000598919157861673,0.0,0.0,0.0,0.13237438439800228
GENE_1232,0.0005986193491236435,0.0,0.0,0.0,0.13230812003391768
GENE_1748,0.0005981723416882386,0.0,0.0,0.0,0.13220932150108342
GENE_1804,0.000598146796133962,0.0,0.0,0.0,0.13220367536841746
GENE_0466,0.0005980674716221887,0.0,0.0,0.0,0.132186142896337
GENE_1070,0.0005977709858972026,0.0,0.0,0.0,0.13212061299165345
GENE_0141,0.0005976189694087606,0.0,0.0,0.0,0.1320870139844891
GENE_0052,0.0005974171811804474,0.0,0.0,0.0,0.13204241432166133
GENE_0181,0.0005962902250304424,0.0,0.0,0.0,0.13179333207968885
GENE_1653,0.000596157860867047,0.0,0.0,0.0,0.13176407667114862
GENE_1299,0.0005959439975365663,0.0,0.0,0.0,0.1317168081435918
GENE_0414,0.0005955993771377364,0.0,0.0,0.0,0.1316406394110554
GENE_1904,0.0005954280857839568,0.0,0.0,0.0,0.13160278023221358
GENE_0026,0.0005953745176876207,0.0,0.0,0.0,0.13159094049778067
GENE_1947,0.0005952439523791272,0.0,0.0,0.0,0.1315620826759717
GENE_1169,0.0005938411615308664,0.0,0.0,0.0,0.13125203486310713
GENE_0640,0.0005935449124582529,0.0,0.0,0.0,0.13118655726383366
GENE_1610,0.0005928080591054467,0.0,0.0,0.0,0.13102369637069144
GENE_1832,0.0005926985470031909,0.0,0.0,0.0,0.13099949177324294
GENE_0830,0.0005925429581638491,0.0,0.0,0.0,0.1309651031974949
GENE_1939,0.00059248506571701,0.0,0.0,0.0,0.13095230768592872
GENE_1450,0.0005917388236771811,0.0,0.0,0.0,0.13078737168523885
GENE_0740,0.0005909192231579665,0.0,0.0,0.0,0.13060622183761889
GENE_0920,0.0005904600679686085,0.0,0.0,0.0,0.13050473838240365
GENE_0365,0.000589781361188338,0.0,0.0,0.0,0.13035472916822882
GENE_1524,0.0005897787257846396,0.0,0.0,0.0,0.13035414668570572
GENE_1572,0.000589436461011663,0.0,0.0,0.0,0.13027849859859886
GENE_1965,0.0005887093410078073,0.0,0.0,0.0,0.1301177889909157
GENE_0982,0.0005882781311261354,0.0,0.0,0.0,0.13002248206696213
GENE_1998,0.0005879272229489842,0.0,0.0,0.0,0.12994492359630566
GENE_1485,0.0005876936913639303,0.0,0.0,0.0,0.12989330794934695
GENE_1380,0.0005868024557135605,0.0,0.0,0.0,0.1296963251528833
GENE_1703,0.0005867847862912809,0.0,0.0,0.0,0.1296924198196405
GENE_1431,0.0005863625531302378,0.0,0.0,0.0,0.12959909694954722
GENE_0319,0.0005859777014130417,0.0,0.0,0.0,0.12951403620557264
GENE_1795,0.0005856022530186365,0.0,0.0,0.0,0.12943105380397432
GENE_0750,0.0005854840833745101,0.0,0.0,0.0,0.1294049356982326
GENE_0244,0.000585018246183053,0.0,0.0,0.0,0.12930197537272056
GENE_0178,0.0005849351437661797,0.0,0.0,0.0,0.1292836079000305
GENE_1989,0.0005841026378573924,0.0,0.0,0.0,0.12909960567579565
GENE_0786,0.000583914045097588,0.0,0.0,0.0,0.1290579225034454
GENE_1084,0.0005838192213988411,0.0,0.0,0.0,0.12903696436813913
GENE_0231,0.0005835230467499845,0.0,0.0,0.0,0.12897150321816245
GENE_0805,0.0005834183316709539,0.0,0.0,0.0,0.12894835886897624
GENE_0457,0.0005833732296741793,0.0,0.0,0.0,0.12893839032985074
GENE_1652,0.0005829525386546075,0.0,0.0,0.0,0.12884540830714103
GENE_1054,0.0005821965544682721,0.0,0.0,0.0,0.12867831907653754
GENE_0204,0.000581608063254123,0.0,0.0,0.0,0.12854824949840826
GENE_1981,0.0005812973251841116,0.0,0.0,0.0,0.12847956951015468
GENE_1837,0.00058037068771131,0.0,0.0,0.0,0.1282747621277023
GENE_0720,0.0005791989389445028,0.0,0.0,0.0,0.12801577972642297
GENE_0144,0.0005789241375482377,0.0,0.0,0.0,0.12795504253813167
GENE_1324,0.0005782198115075711,0.0,0.0,0.0,0.12779937090060783
GENE_1723,0.0005780956884511923,0.0,0.0,0.0,0.12777193695904482
GENE_0626,0.0005770429226936416,0.0,0.0,0.0,0.12753925243519584
GENE_1456,0.0005762828913235495,0.0,0.0,0.0,0.1273712686874421
GENE_0555,0.0005760998493187127,0.0,0.0,0.0,0.12733081235474483
GENE_0664,0.0005759973051639315,0.0,0.0,0.0,0.12730814782784733
GENE_1425,0.0005748939901315331,0.0,0.0,0.0,0.1270642907959029
GENE_1314,0.0005748794184968096,0.0,0.0,0.0,0.1270610701422456
GENE_0274,0.000574199182926782,0.0,0.0,0.0,0.12691072303171147
GENE_0985,0.000573571473874382,0.0,0.0,0.0,0.1267719854436718
GENE_1636,0.0005732587373154614,0.0,0.0,0.0,0.1267028637451546
GENE_1336,0.0005731603978752932,0.0,0.0,0.0,0.12668112855321187
GENE_0959,0.0005730553086343391,0.0,0.0,0.0,0.1266579015059626
GENE_0653,0.0005726995404531891,0.0,0.0,0.0,0.12657926886689946
GENE_1463,0.0005726655460767205,0.0,0.0,0.0,0.126571755357607
GENE_1438,0.0005712210841064237,0.0,0.0,0.0,0.126252497304839
GENE_1211,0.000571014264895602,0.0,0.0,0.0,0.12620678568357122
GENE_0954,0.0005698962713732412,0.0,0.0,0.0,0.12595968438059763
GENE_0020,0.0005689844973706409,0.0,0.0,0.0,0.12575816215389973
GENE_1771,0.0005688167184030019,0.0,0.0,0.0,0.12572107929010315
GENE_1619,0.0005684762343133086,0.0,0.0,0.0,0.12564582477339778
GENE_0454,0.0005675349231421909,0.0,0.0,0.0,0.12543777417897609
GENE_0847,0.000567271546367156,0.0,0.0,0.0,0.1253795620847354
GENE_1357,0.000566822427982649,0.0,0.0,0.0,0.1252802969854469
GENE_1198,0.0005662296186318752,0.0,0.0,0.0,0.12514927300358894
GENE_0064,0.0005661460299139709,0.0,0.0,0.0,0.12513079804761207
GENE_0051,0.0005660951692592086,0.0,0.0,0.0,0.1251195567176665
GENE_0377,0.0005660470405117065,0.0,0.0,0.0,0.12510891919966624
GENE_0473,0.0005658232315597231,0.0,0.0,0.0,0.12505945246972003
GENE_1898,0.0005648889348016588,0.0,0.0,0.0,0.12485295221577027
GENE_1022,0.0005644903363005302,0.0,0.0,0.0,0.12476485312841223
GENE_0934,0.0005640677377912377,0.0,0.0,0.0,0.12467144950827286
GENE_0110,0.000563481565508478,0.0,0.0,0.0,0.12454189246528474
GENE_0449,0.000563455308533287,0.0,0.0,0.0,0.12453608909285718
GENE_1421,0.0005632359453305794,0.0,0.0,0.0,0.12448760497185885
GENE_1556,0.0005630703285626285,0.0,0.0,0.0,0.12445100000202994
GENE_0833,0.0005630063601276403,0.0,0.0,0.0,0.1244368615626574
GENE_1217,0.0005629301323938433,0.0,0.0,0.0,0.12442001354702295
GENE_1021,0.0005627475975574475,0.0,0.0,0.0,0.1243796693097717
GENE_1035,0.0005621908534180845,0.0,0.0,0.0,0.12425661653754366
GENE_0388,0.0005620912798687454,0.0,0.0,0.0,0.12423460858017066
GENE_1793,0.0005615294408019065,0.0,0.0,0.0,0.12411042971625007
GENE_1819,0.0005610957834310833,0.0,0.0,0.0,0.12401458184304572
GENE_0745,0.0005608310148667103,0.0,0.0,0.0,0.12395606213256935
GENE_1642,0.0005606410204100657,0.0,0.0,0.0,0.1239140691542062
GENE_1557,0.0005605585729156297,0.0,0.0,0.0,0.12389584643386428
GENE_1368,0.0005601694820187475,0.0,0.0,0.0,0.1238098487373913
GENE_0318,0.0005600947615590858,0.0,0.0,0.0,0.12379333386268772
GENE_0729,0.0005591269368854046,0.0,0.0,0.0,0.12357942319761372
GENE_1382,0.0005586468993010358,0.0,0.0,0.0,0.12347332427109817
GENE_0969,0.000558107312195801,0.0,0.0,0.0,0.12335406358299532
GENE_1273,0.0005570066949343911,0.0,0.0,0.0,0.12311080281812498
GENE_1504,0.0005569349413181258,0.0,0.0,0.0,0.12309494368145055
GENE_0119,0.0005552021520388951,0.0,0.0,0.0,0.12271195891444366
GENE_1420,0.0005550967931602499,0.0,0.0,0.0,0.12268867227129915
GENE_0103,0.0005539779852693797,0.0,0.0,0.0,0.12244139097486788
GENE_0121,0.0005528687384369437,0.0,0.0,0.0,0.12219622288387978
GENE_0271,0.0005522956302617186,0.0,0.0,0.0,0.12206955329768764
GENE_0676,0.0005519444930748953,0.0,0.0,0.0,0.121991944210827
GENE_0356,0.0005512918065808696,0.0,0.0,0.0,0.12184768605558612
GENE_1210,0.0005512619357737093,0.0,0.0,0.0,0.12184108394634081
GENE_0347,0.0005505698250569004,0.0,0.0,0.0,0.12168811216564182
GENE_1978,0.0005499778780480097,0.0,0.0,0.0,0.1215572787804185
GENE_0467,0.0005497540610394858,0.0,0.0,0.0,0.12150781026979858
GENE_0044,0.000549070012726206,0.0,0.0,0.0,0.12135662045865243
GENE_0333,0.000548667216947866,0.0,0.0,0.0,0.12126759368016995
GENE_0723,0.0005486548632744468,0.0,0.0,0.0,0.12126486324503116
GENE_0325,0.0005482899779441922,0.0,0.0,0.0,0.12118421551430776
GENE_0422,0.0005476597554622894,0.0,0.0,0.0,0.12104492240274073
GENE_1340,0.0005466959650326066,0.0,0.0,0.0,0.12083190339484415
GENE_0304,0.0005459592056577373,0.0,0.0,0.0,0.12066906327290518
GENE_1346,0.0005458024617177459,0.0,0.0,0.0,0.1206344193943581
GENE_1690,0.0005454735282587554,0.0,0.0,0.0,0.12056171782258465
GENE_1259,0.0005454512902343115,0.0,0.0,0.0,0.12055680272718763
GENE_0582,0.0005452687120380993,0.0,0.0,0.0,0.12051644890645767
GENE_0073,0.0005451875175882667,0.0,0.0,0.0,0.12049850313669552
GENE_1710,0.0005451798091373008,0.0,0.0,0.0,0.12049679939848999
GENE_1253,0.0005451715000867352,0.0,0.0,0.0,0.12049496291448523
GENE_0309,0.0005445297705366652,0.0,0.0,0.0,0.12035312648627042
GENE_0724,0.0005442705310173671,0.0,0.0,0.0,0.12029582881708042
GENE_1579,0.0005440710128565119,0.0,0.0,0.0,0.12025173088938391
GENE_1398,0.0005436127481912175,0.0,0.0,0.0,0.12015044425968871
GENE_1525,0.0005432208054552922,0.0,0.0,0.0,0.12006381624369299
GENE_0931,0.0005431571086407002,0.0,0.0,0.0,0.12004973783843739
GENE_0523,0.0005430035171181705,0.0,0.0,0.0,0.12001579071389354
GENE_0883,0.0005429629128073738,0.0,0.0,0.0,0.12000681626287613
GENE_1540,0.0005425179724585715,0.0,0.0,0.0,0.11990847460191337
GENE_1857,0.0005422206463690614,0.0,0.0,0.0,0.11984275895807775
GENE_1308,0.0005419979155819656,0.0,0.0,0.0,0.11979353052642505
GENE_1912,0.0005410147186884004,0.0,0.0,0.0,0.1195762222606611
GENE_0021,0.0005406203901189915,0.0,0.0,0.0,0.11948906692268124
GENE_0080,0.0005402338172635208,0.0,0.0,0.0,0.11940362576906945
GENE_1620,0.0005393744452682575,0.0,0.0,0.0,0.11921368554533705
GENE_0950,0.0005390032859835667,0.0,0.0,0.0,0.11913165113187804
GENE_1515,0.0005379386250986137,0.0,0.0,0.0,0.11889633752170489
GENE_0453,0.0005379386059424037,0.0,0.0,0.0,0.11889633328775868
GENE_0866,0.0005379079965920886,0.0,0.0,0.0,0.11888956794413659
GENE_0838,0.0005364887273084296,0.0,0.0,0.0,0.11857587803247953
GENE_1688,0.0005363787120042048,0.0,0.0,0.0,0.118551562216263
GENE_0390,0.0005357699171556383,0.0,0.0,0.0,0.11841700508572907
GENE_0986,0.0005353813451322259,0.0,0.0,0.0,0.11833112207177247
GENE_0480,0.0005348414408640893,0.0,0.0,0.0,0.1182117912836514
GENE_0568,0.0005347792287129419,0.0,0.0,0.0,0.1181980410218638
GENE_0159,0.000534717871107365,0.0,0.0,0.0,0.11818447963355329
GENE_1590,0.0005338981575591048,0.0,0.0,0.0,0.11800330480401357
GENE_0196,0.0005337587977811559,0.0,0.0,0.0,0.11797250320988577
GENE_1454,0.0005336834430211537,0.0,0.0,0.0,0.11795584814077366
GENE_0538,0.0005332079335118139,0.0,0.0,0.0,0.11785075001901883
GENE_1042,0.0005331783218751905,0.0,0.0,0.0,0.11784420519219606
GENE_1394,0.0005329767762267856,0.0,0.0,0.0,0.11779965914489489
GENE_1767,0.0005329318189552771,0.0,0.0,0.0,0.11778972259325508
GENE_0574,0.0005322606141557023,0.0,0.0,0.0,0.11764137148278815
GENE_1132,0.0005322144484873682,0.0,0.0,0.0,0.11763116784871527
GENE_1143,0.000531710257249664,0.0,0.0,0.0,0.11751973043043625
GENE_0709,0.0005316535140631823,0.0,0.0,0.0,0.11750718893083535
GENE_0946,0.0005316439428574884,0.0,0.0,0.0,0.11750507348262328
GENE_0926,0.0005313675721585264,0.0,0.0,0.0,0.11744398944371666
GENE_1707,0.0005310064557171982,0.0,0.0,0.0,0.11736417472082904
GENE_0591,0.0005309320828032958,0.0,0.0,0.0,0.11734773666142738
GENE_1330,0.0005305886309965388,0.0,0.0,0.0,0.11727182621359304
GENE_1806,0.0005302377031656758,0.0,0.0,0.0,0.11719426339903144
GENE_1467,0.0005295125836535769,0.0,0.0,0.0,0.1170339959442855
GENE_0984,0.0005291597622981295,0.0,0.0,0.0,0.11695601461889835
GENE_1574,0.0005288649008182785,0.0,0.0,0.0,0.1168908437083245
GENE_0191,0.0005282357397247748,0.0,0.0,0.0,0.11675178518707585
GENE_1479,0.0005278390351297441,0.0,0.0,0.0,0.1166641046948663
GENE_1015,0.0005277332288583028,0.0,0.0,0.0,0.11664071916801574
GENE_1940,0.0005265710696037022,0.0,0.0,0.0,0.1163838562610928
GENE_1363,0.0005257977539040597,0.0,0.0,0.0,0.1162129363826054
GENE_1442,0.0005254277068945218,0.0,0.0,0.0,0.11613114780656321
GENE_0378,0.0005252081217099196,0.0,0.0,0.0,0.11608261462265501
GENE_1120,0.0005252007325269271,0.0,0.0,0.0,0.1160809814497351
GENE_1630,0.0005248048393979647,0.0,0.0,0.0,0.11599348030947954
GENE_1921,0.0005247405973931587,0.0,0.0,0.0,0.11597928140512481
GENE_0100,0.0005244675263670984,0.0,0.0,0.0,0.11591892666693156
GENE_0013,0.0005242913717798145,0.0,0.0,0.0,0.11587999260589094
GENE_0698,0.0005241697759284968,0.0,0.0,0.0,0.11585311723255841
GENE_0886,0.0005239407350597969,0.0,0.0,0.0,0.11580249413326671
GENE_0492,0.0005228572339092461,0.0,0.0,0.0,0.11556301640757369
GENE_1328,0.0005219364667069882,0.0,0.0,0.0,0.11535950648478557
GENE_0461,0.0005216530463860303,0.0,0.0,0.0,0.11529686432345175
GENE_1797,0.0005206821944066243,0.0,0.0,0.0,0.11508228455683635
GENE_1770,0.0005203405581555028,0.0,0.0,0.0,0.1150067753869649
GENE_0487,0.0005200553832209278,0.0,0.0,0.0,0.11494374541720255
GENE_1063,0.0005198479808933801,0.0,0.0,0.0,0.1148979049142374
GENE_1896,0.0005197581729432569,0.0,0.0,0.0,0.11487805537034561
GENE_1261,0.0005184346968120996,0.0,0.0,0.0,0.11458553786472282
GENE_0960,0.0005183082417689531,0.0,0.0,0.0,0.1145575885024912
GENE_0854,0.0005179742223015133,0.0,0.0,0.0,0.1144837628103274
GENE_0607,0.0005174540026708096,0.0,0.0,0.0,0.11436878276258271
GENE_0057,0.0005172325669830915,0.0,0.0,0.0,0.11431984057654529
GENE_0358,0.0005162975019771408,0.0,0.0,0.0,0.1141131705228159
GENE_0426,0.0005159085568901104,0.0,0.0,0.0,0.11402720505354606
GENE_1915,0.000515599319648107,0.0,0.0,0.0,0.11395885678148661
GENE_1818,0.0005155922525034844,0.0,0.0,0.0,0.11395729478617125
GENE_1374,0.00051534198091545,0.0,0.0,0.0,0.11390197922819736
GENE_1646,0.000515148916654759,0.0,0.0,0.0,0.1138593077552235
GENE_0850,0.0005150287063148821,0.0,0.0,0.0,0.1138327386105725
GENE_0857,0.0005142049536577397,0.0,0.0,0.0,0.11365067104860843
GENE_1150,0.0005141078598569493,0.0,0.0,0.0,0.11362921117052675
GENE_1987,0.0005137159901523448,0.0,0.0,0.0,0.11354259929606868
GENE_0772,0.0005133813468793116,0.0,0.0,0.0,0.11346863572906765
GENE_1107,0.0005133088697309634,0.0,0.0,0.0,0.1134526166757955
GENE_1706,0.0005132679108137302,0.0,0.0,0.0,0.11344356384891027
GENE_1451,0.0005131444742993433,0.0,0.0,0.0,0.11341628164831656
GENE_0789,0.0005129665328357424,0.0,0.0,0.0,0.11337695264807696
GENE_1453,0.0005129240911532616,0.0,0.0,0.0,0.11336757209726728
GENE_1613,0.0005128352425382988,0.0,0.0,0.0,0.11334793458767031
GENE_1775,0.0005125528900474024,0.0,0.0,0.0,0.11328552844040479
GENE_0475,0.0005122811483355875,0.0,0.0,0.0,0.11322546751006957
GENE_0508,0.0005113827584041204,0.0,0.0,0.0,0.11302690345920183
GENE_1914,0.0005111344770419003,0.0,0.0,0.0,0.11297202778516474
GENE_1405,0.0005106858687769383,0.0,0.0,0.0,0.11287287543358156
GENE_1569,0.0005104731597858407,0.0,0.0,0.0,0.11282586204056705
GENE_1206,0.0005094784392995214,0.0,0.0,0.0,0.11260600680585604
GENE_1535,0.0005090343838303379,0.0,0.0,0.0,0.11250786072286613
GENE_1665,0.0005090262466029093,0.0,0.0,0.0,0.11250606221557609
GENE_0782,0.0005084109160450671,0.0,0.0,0.0,0.11237006054869594
GENE_1205,0.0005082352324899158,0.0,0.0,0.0,0.11233123059617775
GENE_0177,0.0005069433657716951,0.0,0.0,0.0,0.11204569947014183
GENE_0845,0.0005064944552207857,0.0,0.0,0.0,0.11194648030667648
GENE_0889,0.0005063382723753321,0.0,0.0,0.0,0.11191196044243594
GENE_1587,0.0005058944431468914,0.0,0.0,0.0,0.11181386436365555
GENE_1519,0.0005058876548957763,0.0,0.0,0.0,0.11181236400997559
GENE_0197,0.0005053834737899477,0.0,0.0,0.0,0.11170092883106521
GENE_0478,0.0005050820813356666,0.0,0.0,0.0,0.1116343144306508
GENE_1497,0.000504781439860351,0.0,0.0,0.0,0.11156786601320244
GENE_0713,0.0005043562351962041,0.0,0.0,0.0,0.11147388637518156
GENE_1743,0.0005042577096956811,0.0,0.0,0.0,0.111452110059784
GENE_0996,0.0005035690064841686,0.0,0.0,0.0,0.11129989141314331
GENE_0511,0.0005034301540339807,0.0,0.0,0.0,0.11126920194967481
GENE_1858,0.0005034194144762065,0.0,0.0,0.0,0.11126682826980432
GENE_1648,0.0005032993815832351,0.0,0.0,0.0,0.11124029834484528
GENE_0898,0.000502753053506286,0.0,0.0,0.0,0.11111954775285607
GENE_1435,0.0005021584299102769,0.0,0.0,0.0,0.11098812278266267
GENE_0519,0.0005020183220006309,0.0,0.0,0.0,0.1109571558348781
GENE_1938,0.0005007134503085298,0.0,0.0,0.0,0.11066875032189205
GENE_0735,0.0004999761827777911,0.0,0.0,0.0,0.11050579788626348
GENE_0084,0.0004996936903108983,0.0,0.0,0.0,0.11044336080120594
GENE_1615,0.0004992073317619783,0.0,0.0,0.0,0.1103358648016793
GENE_0532,0.000498873376737773,0.0,0.0,0.0,0.11026205335289607
GENE_1091,0.0004983791112622132,0.0,0.0,0.0,0.11015280974764889
GENE_1470,0.000498054144883893,0.0,0.0,0.0,0.11008098498847144
GENE_1533,0.0004977731502108678,0.0,0.0,0.0,0.11001887894899587
GENE_1601,0.0004964196139930674,0.0,0.0,0.0,0.10971971749917445
GENE_0380,0.0004953903406643633,0.0,0.0,0.0,0.10949222532184796
GENE_1048,0.0004952864876953737,0.0,0.0,0.0,0.10946927151805418
GENE_1484,0.0004952273628621366,0.0,0.0,0.0,0.10945620362182867
GENE_0620,0.000494560462459762,0.0,0.0,0.0,0.10930880387837363
GENE_0881,0.0004944883367793929,0.0,0.0,0.0,0.10929286250730072
GENE_0993,0.0004943089170833507,0.0,0.0,0.0,0.10925320678498712
GENE_1530,0.0004943071490798683,0.0,0.0,0.0,0.10925281601710213
GENE_0005,0.0004941494834987228,0.0,0.0,0.0,0.10921796843546956
GENE_1193,0.0004940687931545364,0.0,0.0,0.0,0.10920013408420808
GENE_1223,0.0004928056725145578,0.0,0.0,0.0,0.10892095647744302
GENE_0107,0.0004927836778898041,0.0,0.0,0.0,0.10891609517876251
GENE_0198,0.0004924296199699589,0.0,0.0,0.0,0.10883784054528564
GENE_1266,0.0004923044295850986,0.0,0.0,0.0,0.10881017070051459
GENE_1024,0.000492210185219792,0.0,0.0,0.0,0.10878934061071585
GENE_1339,0.0004918913713746581,0.0,0.0,0.0,0.10871887569749145
GENE_1717,0.0004915098706287402,0.0,0.0,0.0,0.10863455559230636
GENE_0082,0.0004914249089958501,0.0,0.0,0.0,0.10861577719174322
GENE_1737,0.0004911241069343197,0.0,0.0,0.0,0.10854929328118856
GENE_0364,0.0004909703850854736,0.0,0.0,0.0,0.10851531735164545
GENE_0924,0.0004906398125259872,0.0,0.0,0.0,0.1084422535023989
GENE_0827,0.0004897783527712125,0.0,0.0,0.0,0.10825185183762481
GENE_1140,0.000489714968391944,0.0,0.0,0.0,0.10823784248748802
GENE_0370,0.0004892685474178651,0.0,0.0,0.0,0.10813917357558171
GENE_1988,0.0004892242153863876,0.0,0.0,0.0,0.10812937521582161
GENE_1389,0.0004890956927571257,0.0,0.0,0.0,0.10810096887131512
GENE_0551,0.000488987785305242,0.0,0.0,0.0,0.1080771189371002
GENE_1966,0.0004889742037143391,0.0,0.0,0.0,0.10807411710503101
GENE_1527,0.00048818449467143496,0.0,0.0,0.0,0.10789957393499584
GENE_1747,0.000487531350655434,0.0,0.0,0.0,0.1077552146572762
GENE_1139,0.0004873642719257763,0.0,0.0,0.0,0.10771828656156558
GENE_1669,0.00048684901748744983,0.0,0.0,0.0,0.10760440393118634
GENE_1188,0.0004863126179543533,0.0,0.0,0.0,0.10748584776704803
GENE_0823,0.00048567502292984425,0.0,0.0,0.0,0.10734492516045459
GENE_1245,0.00048560677031243875,0.0,0.0,0.0,0.10732983982198444
GENE_1387,0.0004856041046688957,0.0,0.0,0.0,0.10732925065578662
GENE_0047,0.00048508717773085926,0.0,0.0,0.0,0.10721499836596902
GENE_1685,0.0004848119019712414,0.0,0.0,0.0,0.10715415633288194
GENE_0286,0.00048429192884565347,0.0,0.0,0.0,0.10703923076822151
GENE_1414,0.0004827980321442377,0.0,0.0,0.0,0.10670904654618031
GENE_1854,0.0004823591086991386,0.0,0.0,0.0,0.10661203475405417
GENE_1196,0.00048207264905656224,0.0,0.0,0.0,0.10654872083540061
GENE_0918,0.0004818546833964495,0.0,0.0,0.0,0.10650054560223501
GENE_1083,0.00048156779794153497,0.0,0.0,0.0,0.10643713756963402
GENE_0951,0.00048151124156608116,0.0,0.0,0.0,0.10642463735940329
GENE_0732,0.0004813788398477886,0.0,0.0,0.0,0.10639537365039992
GENE_0836,0.0004813717054053248,0.0,0.0,0.0,0.10639379678077272
GENE_0612,0.0004809076341147925,0.0,0.0,0.0,0.10629122675843394
GENE_1521,0.0004807984261482374,0.0,0.0,0.0,0.106267089381704
GENE_1910,0.00048011122434782013,0.0,0.0,0.0,0.10611520258013261
GENE_1003,0.0004785741263000163,0.0,0.0,0.0,0.10577546990475141
GENE_1955,0.00047842596283227326,0.0,0.0,0.0,0.10574272250040592
GENE_0139,0.00047838642934123007,0.0,0.0,0.0,0.10573398472424489
GENE_1937,0.00047784279463134653,0.0,0.0,0.0,0.10561382942596532
GENE_0243,0.0004776166159847442,0.0,0.0,0.0,0.1055638389410811
GENE_1783,0.00047689920702269145,0.0,0.0,0.0,0.10540527568848386
GENE_1684,0.0004760711863907186,0.0,0.0,0.0,0.10522226480965743
GENE_0820,0.00047579176073867744,0.0,0.0,0.0,0.10516050555853242
GENE_1052,0.0004755659673411342,0.0,0.0,0.0,0.10511060022221351
GENE_1932,0.0004751822768030826,0.0,0.0,0.0,0.10502579612451984
GENE_1492,0.0004724541230805869,0.0,0.0,0.0,0.10442281379407
GENE_0794,0.0004716778295040526,0.0,0.0,0.0,0.10425123573890686
GENE_0277,0.00047148313338129236,0.0,0.0,0.0,0.10420820358831231
GENE_0065,0.0004712070977258359,0.0,0.0,0.0,0.10414719360143293
GENE_1128,0.0004711802088410714,0.0,0.0,0.0,0.10414125056300925
GENE_0189,0.00047109320702882086,0.0,0.0,0.0,0.10412202123767043
GENE_0799,0.000468830044744212,0.0,0.0,0.0,0.10362181230248212
GENE_1134,0.0004686893033771283,0.0,0.0,0.0,0.10359070534658918
GENE_1226,0.00046743268322779936,0.0,0.0,0.0,0.10331296449207478
GENE_1679,0.00046713378320117953,0.0,0.0,0.0,0.10324690097331606
GENE_0066,0.0004668301319520051,0.0,0.0,0.0,0.10317978732925655
GENE_1607,0.0004667942654849161,0.0,0.0,0.0,0.10317186004651878
GENE_1716,0.00046633599550211457,0.0,0.0,0.0,0.10307057224153685
GENE_0279,0.00046607795724931374,0.0,0.0,0.0,0.10301354007881959
GENE_0690,0.00046547505276570573,0.0,0.0,0.0,0.10288028484926015
GENE_0756,0.0004654538391325308,0.0,0.0,0.0,0.10287559616699726
GENE_0795,0.000465318404833584,0.0,0.0,0.0,0.10284566219057635
GENE_0853,0.0004651779990984541,0.0,0.0,0.0,0.10281462941677073
GENE_0870,0.000465139465354277,0.0,0.0,0.0,0.10280611260678556
GENE_0644,0.0004649545178609656,0.0,0.0,0.0,0.10276523511897825
GENE_0400,0.0004629577368177755,0.0,0.0,0.0,0.10232390233157235
GENE_1606,0.0004624833139411147,0.0,0.0,0.0,0.10221904437968027
GENE_0036,0.0004621258876963567,0.0,0.0,0.0,0.10214004527187671
GENE_1886,0.00046194291193048036,0.0,0.0,0.0,0.10209960357945513
GENE_1281,0.00046151826465479716,0.0,0.0,0.0,0.10200574713661642
GENE_0212,0.00046061164478159036,0.0,0.0,0.0,0.10180536408654464
GENE_1144,0.00045999202600815635,0.0,0.0,0.0,0.10166841462914605
GENE_1362,0.00045943533090226973,0.0,0.0,0.0,0.1015453726944011
GENE_0262,0.00045930620469116564,0.0,0.0,0.0,0.10151683294495381
GENE_1078,0.0004588121932918554,0.0,0.0,0.0,0.10140764549617898
GENE_0949,0.0004572271248355574,0.0,0.0,0.0,0.1010573102992214
GENE_1076,0.0004570416679748455,0.0,0.0,0.0,0.10101632022994932
GENE_1833,0.0004567454825413464,0.0,0.0,0.0,0.10095085669632806
GENE_0929,0.00045646652623689536,0.0,0.0,0.0,0.10088920118140432
GENE_0081,0.0004563533010220646,0.0,0.0,0.0,0.1008641759039277
GENE_1766,0.000455542753573078,0.0,0.0,0.0,0.10068502698511861
GENE_1863,0.00045406480186108454,0.0,0.0,0.0,0.1003583669585073
GENE_1884,0.00045380501818632,0.0,0.0,0.0,0.1003009490189203
GENE_1482,0.00045350738707261324,0.0,0.0,0.0,0.10023516595798886
GENE_0979,0.00045275102017785986,0.0,0.0,0.0,0.10006799214035797
GENE_1370,0.0004526269726127575,0.0,0.0,0.0,0.10004057488403724
GENE_1242,0.0004523948611991714,0.0,0.0,0.0,0.09998927312639283
GENE_0910,0.0004522703703365729,0.0,0.0,0.0,0.0999617578915179
GENE_1604,0.0004514955148904256,0.0,0.0,0.0,0.09979049769498755
GENE_0468,0.000451378647793506,0.0,0.0,0.0,0.09976466748099616
GENE_1871,0.0004513780547881537,0.0,0.0,0.0,0.09976453641369362
GENE_0824,0.0004510349266854631,0.0,0.0,0.0,0.09968869751161961
GENE_0111,0.00045045808338086606,0.0,0.0,0.0,0.09956120237920012
GENE_0609,0.0004504218840706597,0.0,0.0,0.0,0.09955320153076958
GENE_1849,0.00044985043366468046,0.0,0.0,0.0,0.09942689834825731
GENE_1216,0.00044971246320437596,0.0,0.0,0.0,0.09939640382406623
GENE_1162,0.00044941178823160584,0.0,0.0,0.0,0.09932994800293933
GENE_1634,0.00044925641799056234,0.0,0.0,0.0,0.0992956077422515
GENE_0227,0.00044905192557795516,0.0,0.0,0.0,0.09925041039486729
GENE_1979,0.0004488087115480822,0.0,0.0,0.0,0.09919665471338877
GENE_1038,0.0004486038999507223,0.0,0.0,0.0,0.09915138681911255
GENE_1859,0.0004484226332552534,0.0,0.0,0.0,0.09911132286906255
GENE_1372,0.00044740740795950074,0.0,0.0,0.0,0.09888693561781757
GENE_1203,0.0004473193600425182,0.0,0.0,0.0,0.09886747508018892
GENE_0215,0.0004472000005386853,0.0,0.0,0.0,0.09884109398912758
GENE_0075,0.0004469073758100599,0.0,0.0,0.0,0.09877641745006056
GENE_1500,0.0004468841664614877,0.0,0.0,0.0,0.0987712876705416
GENE_1558,0.0004465094231725499,0.0,0.0,0.0,0.09868846111285134
GENE_0045,0.00044647388678489727,0.0,0.0,0.0,0.0986806067849717
GENE_0615,0.0004462128275564227,0.0,0.0,0.0,0.09862290691979438
GENE_0955,0.00044395394680803,0.0,0.0,0.0,0.09812364429883469
GENE_1928,0.0004436744540119645,0.0,0.0,0.0,0.0980618702073948
GENE_1779,0.00044295691138641067,0.0,0.0,0.0,0.09790327741220665
GENE_0531,0.00044279492765967227,0.0,0.0,0.0,0.09786747542486324
GENE_0363,0.00044225039343387396,0.0,0.0,0.0,0.09774712131366559
GENE_1090,0.0004416528241151842,0.0,0.0,0.0,0.09761504527358847
GENE_1542,0.0004413551214554744,0.0,0.0,0.0,0.09754924639940746
GENE_0584,0.0004411075898393891,0.0,0.0,0.0,0.09749453643585358
GENE_0733,0.00044076118870548686,0.0,0.0,0.0,0.09741797412146912
GENE_0411,0.00043991771712618126,0.0,0.0,0.0,0.0972315482414448
GENE_0192,0.00043975863715959147,0.0,0.0,0.0,0.09719638804933713
GENE_0211,0.0004394744396528102,0.0,0.0,0.0,0.09713357411274186
GENE_1036,0.00043908877505610455,0.0,0.0,0.0,0.09704833370441149
GENE_0916,0.0004389048631453742,0.0,0.0,0.0,0.09700768510326586
GENE_0762,0.00043867548780501743,0.0,0.0,0.0,0.09695698807833814
GENE_0841,0.0004386464367171328,0.0,0.0,0.0,0.09695056714518824
GENE_1424,0.0004383572422504553,0.0,0.0,0.0,0.09688664876990297
GENE_0025,0.0004377568535424123,0.0,0.0,0.0,0.0967539495824025
GENE_0938,0.00043728171337368855,0.0,0.0,0.0,0.09664893309309511
GENE_0091,0.0004371065973960712,0.0,0.0,0.0,0.09661022858776902
GENE_0009,0.00043687266153774135,0.0,0.0,0.0,0.09655852358747218
GENE_1127,0.00043605188518201044,0.0,0.0,0.0,0.09637711385396786
GENE_0300,0.0004356249089536075,0.0,0.0,0.0,0.09628274266105225
GENE_1933,0.0004345213102135904,0.0,0.0,0.0,0.09603882292344733
GENE_1512,0.0004342291247702775,0.0,0.0,0.0,0.09597424347615315
GENE_1962,0.0004338363406614662,0.0,0.0,0.0,0.09588742949813507
GENE_1777,0.000432627320177238,0.0,0.0,0.0,0.09562020922270477
GENE_1297,0.00043234805306108866,0.0,0.0,0.0,0.0955584850115193
GENE_0022,0.0004322005201490418,0.0,0.0,0.0,0.0955258769739331
GENE_0469,0.0004308821332855169,0.0,0.0,0.0,0.09523448430905222
GENE_0156,0.00043061083069240077,0.0,0.0,0.0,0.09517452043366452
GENE_1954,0.00042959942279451285,0.0,0.0,0.0,0.0949509769118039
GENE_0983,0.00042950970142581463,0.0,0.0,0.0,0.09493114650432256
GENE_1471,0.00042855226837313005,0.0,0.0,0.0,0.09471953261739345
GENE_0425,0.0004273090999389449,0.0,0.0,0.0,0.0944447648895321
GENE_1135,0.0004267930774539226,0.0,0.0,0.0,0.09433071250384079
GENE_0249,0.00042652066143287906,0.0,0.0,0.0,0.0942705025362476
GENE_0901,0.0004261901550319924,0.0,0.0,0.0,0.09419745330951527
GENE_1874,0.0004258778555650019,0.0,0.0,0.0,0.09412842821798491
GENE_0645,0.0004256641134569324,0.0,0.0,0.0,0.0940811864832629
GENE_1176,0.00042513006353313325,0.0,0.0,0.0,0.09396314963476216
GENE_0278,0.00042503857806830517,0.0,0.0,0.0,0.09394292932300718
GENE_0145,0.00042501916753247005,0.0,0.0,0.0,0.09393863916514818
GENE_1848,0.0004249972373984496,0.0,0.0,0.0,0.09393379212034654
GENE_0445,0.0004244913213917058,0.0,0.0,0.0,0.09382197348995089
GENE_1043,0.0004244198528532168,0.0,0.0,0.0,0.09380617736177212
GENE_0741,0.0004243000229699291,0.0,0.0,0.0,0.09377969230644456
GENE_1992,0.0004237796252236873,0.0,0.0,0.0,0.0936646728912253
GENE_0273,0.000423594331003157,0.0,0.0,0.0,0.09362371876903161
GENE_1434,0.00042346850757067546,0.0,0.0,0.0,0.09359590900673072
GENE_0106,0.0004224750184337031,0.0,0.0,0.0,0.0933763259274678
GENE_0598,0.0004223283266167043,0.0,0.0,0.0,0.09334390379049565
GENE_0566,0.0004221404739610983,0.0,0.0,0.0,0.0933023841975473
GENE_0142,0.0004217449708592635,0.0,0.0,0.0,0.09321496926191593
GENE_0580,0.0004215396853244527,0.0,0.0,0.0,0.09316959661697764
GENE_1583,0.00041990590684949435,0.0,0.0,0.0,0.09280849542823379
GENE_0489,0.000419082468324453,0.0,0.0,0.0,0.09262649729641392
GENE_0087,0.0004180131342226719,0.0,0.0,0.0,0.09239015080193134
GENE_1643,0.00041792440685070007,0.0,0.0,0.0,0.09237054008971776
GENE_0525,0.0004177695648574454,0.0,0.0,0.0,0.09233631658347825
GENE_0481,0.00041592978978900047,0.0,0.0,0.0,0.09192968559009727
GENE_1032,0.00041590555554714686,0.0,0.0,0.0,0.09192432928648832
GENE_1458,0.0004156784834629479,0.0,0.0,0.0,0.09187414133212879
GENE_1097,0.00041473800489513464,0.0,0.0,0.0,0.09166627476145792
GENE_1280,0.00041464668747640974,0.0,0.0,0.0,0.09164609159160962
GENE_1617,0.0004145058796652319,0.0,0.0,0.0,0.09161496995010186
GENE_1123,0.000414176768099025,0.0,0.0,0.0,0.09154222901269314
GENE_0386,0.00041403939530484696,0.0,0.0,0.0,0.0915118665859388
GENE_0734,0.0004133905688069925,0.0,0.0,0.0,0.09136846157525047
GENE_0096,0.00041319720666504887,0.0,0.0,0.0,0.09132572426392943
GENE_1769,0.0004131789311461566,0.0,0.0,0.0,0.09132168496992595
GENE_0229,0.0004131472834653539,0.0,0.0,0.0,0.09131469013229404
GENE_0289,0.00041313604474618477,0.0,0.0,0.0,0.09131220612671181
GENE_0702,0.00041262630638993917,0.0,0.0,0.0,0.09119954267251046
GENE_1410,0.0004125204713608314,0.0,0.0,0.0,0.09117615078957937
GENE_1808,0.0004124066219164831,0.0,0.0,0.0,0.09115098754356889
GENE_1594,0.0004120916488997539,0.0,0.0,0.0,0.09108137153839656
GENE_1165,0.0004115428899792417,0.0,0.0,0.0,0.09096008367619982
GENE_0069,0.00041119798733078405,0.0,0.0,0.0,0.09088385256025117
GENE_1027,0.0004110731213661289,0.0,0.0,0.0,0.09085625441952296
GENE_1260,0.00041077176269712506,0.0,0.0,0.0,0.09078964748640228
GENE_0876,0.0004106812809891222,0.0,0.0,0.0,0.09076964902711285
GENE_1477,0.0004102354605619817,0.0,0.0,0.0,0.09067111284936645
GENE_0643,0.0004101041189837238,0.0,0.0,0.0,0.09064208345476531
GENE_1291,0.00040977972716401973,0.0,0.0,0.0,0.09057038568575357
GENE_1930,0.0004094578976196008,0.0,0.0,0.0,0.0904992542362677
GENE_1888,0.00040870792364287005,0.0,0.0,0.0,0.090333493394957
GENE_1506,0.00040866673586222,0.0,0.0,0.0,0.09032438998419329
GENE_0353,0.0004084551358291928,0.0,0.0,0.0,0.09027762169544698
GENE_1046,0.00040831896047418604,0.0,0.0,0.0,0.09024752392924167
GENE_1282,0.00040695560440415863,0.0,0.0,0.0,0.08994619207482328
GENE_1736,0.0004066433013019786,0.0,0.0,0.0,0.0898771661798356
GENE_1417,0.0004064744025741978,0.0,0.0,0.0,0.08983983582427407
GENE_1153,0.00040624615674448146,0.0,0.0,0.0,0.08978938844618721
GENE_0905,0.0004055731662162635,0.0,0.0,0.0,0.08964064265018262
GENE_1179,0.0004055257887908661,0.0,0.0,0.0,0.0896301711909898
GENE_0346,0.00040533264020051245,0.0,0.0,0.0,0.08958748107929478
GENE_1103,0.0004049155332815341,0.0,0.0,0.0,0.08949529122211097
GENE_0703,0.00040256179761295996,0.0,0.0,0.0,0.08897506356521728
GENE_1262,0.00040093275092425643,0.0,0.0,0.0,0.08861500820592197
GENE_1714,0.0004008089723095909,0.0,0.0,0.0,0.08858765039359803
GENE_0217,0.0003998828450535664,0.0,0.0,0.0,0.08838295578034146
GENE_1475,0.0003997177888105697,0.0,0.0,0.0,0.08834647469892849
GENE_1075,0.00039971100856472735,0.0,0.0,0.0,0.08834497611459091
GENE_0428,0.0003988755337148177,0.0,0.0,0.0,0.08816031768868304
GENE_1272,0.0003984032328371864,0.0,0.0,0.0,0.08805592874552368
GENE_0317,0.0003978854517718713,0.0,0.0,0.0,0.08794148767468075
GENE_0942,0.0003974753756802731,0.0,0.0,0.0,0.08785085178589826
GENE_1306,0.0003973110910946692,0.0,0.0,0.0,0.08781454125784129
GENE_0298,0.00039596352260840554,0.0,0.0,0.0,0.0875166988087198
GENE_1183,0.00039565874797782606,0.0,0.0,0.0,0.08744933687251605
GENE_0638,0.0003954327676585948,0.0,0.0,0.0,0.08739939022236863
GENE_1787,0.00039543122112339164,0.0,0.0,0.0,0.08739904840387312
GENE_1081,0.0003952464332065192,0.0,0.0,0.0,0.0873582061859893
GENE_0856,0.0003950879057672814,0.0,0.0,0.0,0.08732316811465056
GENE_0369,0.0003944670873245812,0.0,0.0,0.0,0.08718595350380262
GENE_1476,0.00039385259944377894,0.0,0.0,0.0,0.08705013808719173
GENE_1391,0.0003937809314933872,0.0,0.0,0.0,0.08703429788457065
GENE_0601,0.0003933633934894615,0.0,0.0,0.0,0.08694201274807614
GENE_1004,0.0003933031126249261,0.0,0.0,0.0,0.08692868934335765
GENE_1944,0.0003932458256880463,0.0,0.0,0.0,0.0869160276628888
GENE_0086,0.0003921679031108036,0.0,0.0,0.0,0.08667778292531746
GENE_0115,0.00039150541155772757,0.0,0.0,0.0,0.08653135763509896
GENE_0912,0.00039145180085692,0.0,0.0,0.0,0.08651950848413527
GENE_0399,0.0003914484066071801,0.0,0.0,0.0,0.08651875827984823
GENE_0980,0.0003913628969520236,0.0,0.0,0.0,0.08649985875423974
GENE_0837,0.0003910135575134915,0.0,0.0,0.0,0.08642264700952491
GENE_1378,0.0003907847254103166,0.0,0.0,0.0,0.08637207005203298
GENE_0247,0.0003907097680381834,0.0,0.0,0.0,0.08635550281443174
GENE_1005,0.00038972275105068535,0.0,0.0,0.0,0.08613735022339274
GENE_0813,0.0003893428104634971,0.0,0.0,0.0,0.08605337494780392
GENE_0023,0.0003892909400090577,0.0,0.0,0.0,0.08604191042978888
GENE_1991,0.0003890070185129022,0.0,0.0,0.0,0.08597915749764835
GENE_1969,0.00038891657938071414,0.0,0.0,0.0,0.08595916844855596
GENE_0180,0.0003880322792644539,0.0,0.0,0.0,0.08576371855857252
GENE_1112,0.00038793073706340253,0.0,0.0,0.0,0.0857412754856166
GENE_0355,0.0003873761207935742,0.0,0.0,0.0,0.08561869301963276
GENE_0815,0.0003864226935236611,0.0,0.0,0.0,0.08540796449932024
GENE_1469,0.00038594230932357247,0.0,0.0,0.0,0.08530178896306206
GENE_0104,0.0003857230436145677,0.0,0.0,0.0,0.085253326390329
GENE_0122,0.0003855592782429326,0.0,0.0,0.0,0.08521713062004624
GENE_0330,0.00038494817968858967,0.0,0.0,0.0,0.08508206431956844
GENE_1202,0.000384808190419967,0.0,0.0,0.0,0.08505112359407484
GENE_1720,0.0003847553357338703,0.0,0.0,0.0,0.08503944153908836
GENE_0517,0.00038468803441279125,0.0,0.0,0.0,0.08502456645815286
GENE_0944,0.00038444808215288656,0.0,0.0,0.0,0.08497153170000087
GENE_1178,0.0003835531384869714,0.0,0.0,0.0,0.0847737293500654
GENE_0321,0.0003824678456699313,0.0,0.0,0.0,0.08453385562643935
GENE_1945,0.00038095529833847533,0.0,0.0,0.0,0.08419954920253202
GENE_1602,0.0003807347816745376,0.0,0.0,0.0,0.08415081014108258
GENE_1644,0.00038056841627435555,0.0,0.0,0.0,0.08411403970696782
GENE_0952,0.0003797358714340653,0.0,0.0,0.0,0.08393002887800947
GENE_0299,0.00037939031641558553,0.0,0.0,0.0,0.08385365357385288
GENE_1539,0.00037913676031126324,0.0,0.0,0.0,0.08379761206511262
GENE_1941,0.00037905407955464573,0.0,0.0,0.0,0.08377933778866789
GENE_1384,0.00037901447626106336,0.0,0.0,0.0,0.08377058458460139
GENE_1025,0.000378490656125494,0.0,0.0,0.0,0.08365480874562366
GENE_1571,0.00037808523565306234,0.0,0.0,0.0,0.08356520185167808
GENE_1215,0.0003779461872058561,0.0,0.0,0.0,0.08353446906853229
GENE_1825,0.00037756610893276295,0.0,0.0,0.0,0.08345046336131232
GENE_0610,0.0003775446098447283,0.0,0.0,0.0,0.08344571158721001
GENE_1589,0.00037735324456814165,0.0,0.0,0.0,0.08340341562731159
GENE_0272,0.0003768862989595712,0.0,0.0,0.0,0.08330021031709484
GENE_0017,0.00037687024898365467,0.0,0.0,0.0,0.083296662917327
GENE_0158,0.0003767719775434537,0.0,0.0,0.0,0.08327494275488145
GENE_0887,0.0003766119595547692,0.0,0.0,0.0,0.08323957523913801
GENE_0460,0.0003765622580247115,0.0,0.0,0.0,0.08322859010139669
GENE_0697,0.0003765090703487121,0.0,0.0,0.0,0.08321683444827463
GENE_1437,0.00037634952209712817,0.0,0.0,0.0,0.0831815707548229
GENE_0342,0.00037615461826876926,0.0,0.0,0.0,0.08313849269669576
GENE_1812,0.0003751299565788907,0.0,0.0,0.0,0.0829120197935778
GENE_1697,0.00037432817406173253,0.0,0.0,0.0,0.08273480811861848
GENE_1807,0.00037426293062162863,0.0,0.0,0.0,0.08272038787490714
GENE_1175,0.0003741327105797788,0.0,0.0,0.0,0.08269160636466509
GENE_1790,0.0003740468285469718,0.0,0.0,0.0,0.08267262453535734
GENE_0472,0.0003734885550080454,0.0,0.0,0.0,0.08254923373198926
GENE_0892,0.00037214112071422994,0.0,0.0,0.0,0.08225142094236772
GENE_0825,0.0003709795948648179,0.0,0.0,0.0,0.08199469803200492
GENE_1982,0.000370156181994706,0.0,0.0,0.0,0.08181270557049206
GENE_0674,0.00037000130037780765,0.0,0.0,0.0,0.08177847330655065
GENE_1285,0.0003698594296278459,0.0,0.0,0.0,0.08174711673205515
GENE_0622,0.0003694423811407263,0.0,0.0,0.0,0.08165493978960488
GENE_0641,0.000368413600575682,0.0,0.0,0.0,0.08142755652394916
GENE_1252,0.00036756631147424456,0.0,0.0,0.0,0.08124028688707469
GENE_1287,0.0003674531575996505,0.0,0.0,0.0,0.08121527737736871
GENE_1566,0.00036714568742932796,0.0,0.0,0.0,0.0811473196672455
GENE_0495,0.0003666319455287465,0.0,0.0,0.0,0.08103377134117136
GENE_1349,0.0003660745912730198,0.0,0.0,0.0,0.08091058371972869
GENE_1468,0.00036596745088071723,0.0,0.0,0.0,0.08088690332265164
GENE_1256,0.00036591162194242216,0.0,0.0,0.0,0.08087456389212686
GENE_0326,0.0003653124519580725,0.0,0.0,0.0,0.0807421340695257
GENE_1520,0.00036527120465587164,0.0,0.0,0.0,0.0807330175031824
GENE_0476,0.00036506215531721616,0.0,0.0,0.0,0.08068681297432391
GENE_0512,0.00036387431928342753,0.0,0.0,0.0,0.08042427493112635
GENE_0721,0.0003631249831790596,0.0,0.0,0.0,0.08025865507372013
GENE_1740,0.00036146976187494335,0.0,0.0,0.0,0.0798928145453304
GENE_0001,0.00036090450734017324,0.0,0.0,0.0,0.07976788078743305
GENE_1059,0.00036070490503325753,0.0,0.0,0.0,0.07972376426159554
GENE_0392,0.0003599198172330439,0.0,0.0,0.0,0.07955024248843552
GENE_0405,0.0003593771094322447,0.0,0.0,0.0,0.07943029205757056
GENE_1651,0.00035866786812059046,0.0,0.0,0.0,0.07927353403641281
GENE_1316,0.00035853423554011154,0.0,0.0,0.0,0.0792439982796346
GENE_1721,0.00035808555336287523,0.0,0.0,0.0,0.07914482959180356
GENE_1066,0.0003570768079420166,0.0,0.0,0.0,0.07892187453627116
GENE_0988,0.0003569667594220814,0.0,0.0,0.0,0.07889755137864778
GENE_0560,0.00035623366511104254,0.0,0.0,0.0,0.07873552131690136
GENE_1503,0.00035596378095790115,0.0,0.0,0.0,0.07867587094812968
GENE_0016,0.0003554170918251582,0.0,0.0,0.0,0.07855504055482201
GENE_1798,0.00035466366091374226,0.0,0.0,0.0,0.07838851565446452
GENE_1152,0.000353398312836605,0.0,0.0,0.0,0.07810884573480746
GENE_0863,0.00035338893013635465,0.0,0.0,0.0,0.07810677195046892
GENE_1432,0.00035336820702631553,0.0,0.0,0.0,0.07810219168467138
GENE_0737,0.00035209867999557625,0.0,0.0,0.0,0.07782159812381295
GENE_1225,0.00035158916023397276,0.0,0.0,0.0,0.07770898298386371
GENE_0573,0.00035062346823586083,0.0,0.0,0.0,0.07749554368727392
GENE_1657,0.0003505698774938716,0.0,0.0,0.0,0.07748369894765066
GENE_0657,0.0003503279920817783,0.0,0.0,0.0,0.07743023692009585
GENE_0621,0.0003503241972515053,0.0,0.0,0.0,0.07742939817864854
GENE_0542,0.0003491644744319294,0.0,0.0,0.0,0.07717307377776983
GENE_0780,0.00034865139275605224,0.0,0.0,0.0,0.07705967137596216
GENE_1333,0.00034808953360141316,0.0,0.0,0.0,0.0769354880721933
GENE_1332,0.00034685835088045687,0.0,0.0,0.0,0.0766633694521279
GENE_0067,0.00034685406630615405,0.0,0.0,0.0,0.07666242246641489
GENE_1985,0.00034684059551021916,0.0,0.0,0.0,0.07665944512248488
GENE_0706,0.0003456956282561038,0.0,0.0,0.0,0.07640638202802565
GENE_0565,0.0003451156631795845,0.0,0.0,0.0,0.07627819691494513
GENE_0322,0.0003446274422018744,0.0,0.0,0.0,0.07617028927745144
GENE_1672,0.00034450500344470074,0.0,0.0,0.0,0.07614322760327627
GENE_1300,0.0003436828921870888,0.0,0.0,0.0,0.07596152282692283
GENE_1879,0.00034268962536755404,0.0,0.0,0.0,0.07574198888473219
GENE_1254,0.0003424457708895318,0.0,0.0,0.0,0.07568809165004338
GENE_0667,0.0003420710744218574,0.0,0.0,0.0,0.07560527544088821
GENE_0292,0.00034180512572992494,0.0,0.0,0.0,0.07554649489611201
GENE_0671,0.0003417697462848777,0.0,0.0,0.0,0.07553867525602037
GENE_1680,0.0003416294210057387,0.0,0.0,0.0,0.07550766026476875
GENE_0101,0.0003414618819254775,0.0,0.0,0.0,0.07547063042138995
GENE_0597,0.000341016495125497,0.0,0.0,0.0,0.0753721900848395
GENE_0666,0.0003401993206029827,0.0,0.0,0.0,0.07519157643616316
GENE_0135,0.00033925967185977583,0.0,0.0,0.0,0.07498389327508936
GENE_1625,0.00033903442240320046,0.0,0.0,0.0,0.07493410816175852
GENE_1138,0.0003344872916649715,0.0,0.0,0.0,0.07392909166771391
GENE_0647,0.00033289636300584067,0.0,0.0,0.0,0.07357746123627892
GENE_0314,0.00033284171189607004,0.0,0.0,0.0,0.07356538213191635
GENE_1559,0.0003325102187789691,0.0,0.0,0.0,0.07349211481907052
GENE_1547,0.0003324740135554541,0.0,0.0,0.0,0.07348411266366794
GENE_1666,0.00033175970320082834,0.0,0.0,0.0,0.07332623427186578
GENE_0146,0.0003317106978286232,0.0,0.0,0.0,0.0733154030004117
GENE_1251,0.00033166177488863554,0.0,0.0,0.0,0.07330458994830141
GENE_1517,0.0003312028864200441,0.0,0.0,0.0,0.0732031654442765
GENE_0692,0.0003306347808865997,0.0,0.0,0.0,0.07307760155259654
GENE_1465,0.00033033640476539446,0.0,0.0,0.0,0.07301165382852536
GENE_0639,0.00033003204195565056,0.0,0.0,0.0,0.0729443829138374
GENE_0357,0.00032965883207196735,0.0,0.0,0.0,0.07286189527263354
GENE_1603,0.0003286409392085743,0.0,0.0,0.0,0.07263691842992266
GENE_1817,0.0003271527306832983,0.0,0.0,0.0,0.07230799142065379
GENE_0208,0.00032698883412703606,0.0,0.0,0.0,0.07227176665566609
GENE_0404,0.00032662847578361956,0.0,0.0,0.0,0.07219211948918915
GENE_1366,0.0003256758879940479,0.0,0.0,0.0,0.07198157651260478
GENE_0781,0.0003252724697735632,0.0,0.0,0.0,0.07189241216063737
GENE_1309,0.0003252184061995317,0.0,0.0,0.0,0.07188046291467182
GENE_0327,0.0003250328377957037,0.0,0.0,0.0,0.07183944819190329
GENE_0035,0.0003247974836020227,0.0,0.0,0.0,0.07178742970811453
GENE_1055,0.0003242409448862492,0.0,0.0,0.0,0.07166442233904455
GENE_0486,0.00032204292662073726,0.0,0.0,0.0,0.07117861167332544
GENE_1712,0.0003210063993352526,0.0,0.0,0.0,0.07094951621106364
GENE_0637,0.00032048761962443303,0.0,0.0,0.0,0.07083485441747016
GENE_1511,0.0003192570731935845,0.0,0.0,0.0,0.07056287643159588
GENE_1554,0.0003189235886496038,0.0,0.0,0.0,0.07048916896935123
GENE_1745,0.0003187089345937657,0.0,0.0,0.0,0.0704417256739964
GENE_1567,0.0003183380927430108,0.0,0.0,0.0,0.07035976142046013
GENE_0050,0.00031792955468281915,0.0,0.0,0.0,0.07026946547064597
GENE_1286,0.0003175643950652028,0.0,0.0,0.0,0.07018875711634728
GENE_1408,0.0003173568687490121,0.0,0.0,0.0,0.07014288920914889
GENE_0213,0.00031705114352879085,0.0,0.0,0.0,0.07007531717160342
GENE_0049,0.00031649945598063474,0.0,0.0,0.0,0.06995338201790431
GENE_1478,0.00031605934092066327,0.0,0.0,0.0,0.06985610685252804
GENE_0547,0.0003158137491570229,0.0,0.0,0.0,0.06980182563928185
GENE_1984,0.00031570928772729485,0.0,0.0,0.0,0.06977873735220325
GENE_1358,0.0003156116796954078,0.0,0.0,0.0,0.06975716381767234
GENE_1428,0.0003144648118845303,0.0,0.0,0.0,0.06950368065812068
GENE_1267,0.0003139787162414812,0.0,0.0,0.0,0.06939624276660805
GENE_0888,0.00031360184294951113,0.0,0.0,0.0,0.06931294543112342
GENE_0120,0.0003110745539860023,0.0,0.0,0.0,0.06875435865634935
GENE_1009,0.00031036157832915344,0.0,0.0,0.0,0.06859677526228479
GENE_0323,0.0003094935410870101,0.0,0.0,0.0,0.06840491982728165
GENE_0535,0.00030892020059999854,0.0,0.0,0.0,0.06827819889504504
GENE_1786,0.0003081839721005985,0.0,0.0,0.0,0.06811547610832988
GENE_1204,0.00030756961565891317,0.0,0.0,0.0,0.06797968974267178
GENE_0937,0.0003062355292116439,0.0,0.0,0.0,0.0676848271224452
GENE_1350,0.0003061676471132209,0.0,0.0,0.0,0.06766982367686755
GENE_0758,0.0003058648791569163,0.0,0.0,0.0,0.06760290526007429
GENE_0632,0.0003050353526271625,0.0,0.0,0.0,0.06741956154452172
GENE_0252,0.0003049824600892331,0.0,0.0,0.0,0.06740787112344278
GENE_0024,0.00030479308389511214,0.0,0.0,0.0,0.06736601479477582
GENE_0675,0.0003045929884400657,0.0,0.0,0.0,0.06732178927229097
GENE_1160,0.0003041471149169569,0.0,0.0,0.0,0.0672232413591609
GENE_0137,0.00030385860274437346,0.0,0.0,0.0,0.06715947378596551
GENE_1842,0.0003030283537641353,0.0,0.0,0.0,0.06697597039287237
GENE_1810,0.0003029978054392273,0.0,0.0,0.0,0.0669692185372154
GENE_0589,0.00030284721512616885,0.0,0.0,0.0,0.06693593474636357
GENE_0534,0.00030185820767829623,0.0,0.0,0.0,0.06671734221954476
GENE_0126,0.00030166926935291737,0.0,0.0,0.0,0.06667558266955723
GENE_1039,0.0003014131948800857,0.0,0.0,0.0,0.0666189845456599
GENE_1228,0.000300579853051935,0.0,0.0,0.0,0.06643479756475182
GENE_1768,0.00030047571225129193,0.0,0.0,0.0,0.0664117801437946
GENE_0608,0.00029825499688225797,0.0,0.0,0.0,0.06592095291604554
GENE_1416,0.00029682037532064153,0.0,0.0,0.0,0.06560386981130549
GENE_0585,0.00029681603885820977,0.0,0.0,0.0,0.065602911357168
GENE_1241,0.00029675565086828326,0.0,0.0,0.0,0.06558956427536802
GENE_0660,0.0002951866492351097,0.0,0.0,0.0,0.06524278020178395
GENE_1772,0.0002949307388074327,0.0,0.0,0.0,0.06518621833549516
GENE_0848,0.0002921546400307685,0.0,0.0,0.0,0.06457263908733585
GENE_0152,0.00029189431447391637,0.0,0.0,0.0,0.06451510137981886
GENE_1323,0.0002916113502943403,0.0,0.0,0.0,0.06445256003582212
GENE_0904,0.0002915652683082563,0.0,0.0,0.0,0.0644423748973779
GENE_0867,0.00029135186739138297,0.0,0.0,0.0,0.06439520857345878
GENE_0802,0.00029073445888257003,0.0,0.0,0.0,0.06425874763344143
GENE_1141,0.0002890599790522072,0.0,0.0,0.0,0.06388865054467482
GENE_0361,0.0002889823193392998,0.0,0.0,0.0,0.0638714860299758
GENE_1800,0.0002886469838782411,0.0,0.0,0.0,0.06379736947410714
GENE_0507,0.00028630285822826384,0.0,0.0,0.0,0.06327926584393578
GENE_1889,0.0002843614931929363,0.0,0.0,0.0,0.0628501812202934
GENE_1164,0.00028419970041007755,0.0,0.0,0.0,0.06281442143577184
GENE_0128,0.0002835264810627232,0.0,0.0,0.0,0.0626656250656757
GENE_0206,0.00028136330253531464,0.0,0.0,0.0,0.062187514752873145
GENE_1373,0.0002812677646229253,0.0,0.0,0.0,0.062166398760550634
GENE_0948,0.0002809443433091527,0.0,0.0,0.0,0.06209491549482126
GENE_0085,0.00028087578836005533,0.0,0.0,0.0,0.062079763334358405
GENE_1510,0.0002802517510747087,0.0,0.0,0.0,0.0619418372880718
GENE_1508,0.00028008803529033576,0.0,0.0,0.0,0.06190565247767105
GENE_0613,0.00027972941656930725,0.0,0.0,0.0,0.06182638980622932
GENE_1967,0.0002780900852633197,0.0,0.0,0.0,0.06146406131897697
GENE_0539,0.00027777786315525587,0.0,0.0,0.0,0.06139505332548088
GENE_0908,0.00027750755117640803,0.0,0.0,0.0,0.061335308397762855
GENE_1257,0.0002767374421301416,0.0,0.0,0.0,0.061165097260615704
GENE_1149,0.00027597143277064166,0.0,0.0,0.0,0.060995792244945564
GENE_0665,0.0002758368091724001,0.0,0.0,0.0,0.0609660374513165
GENE_1238,0.0002746821293848368,0.0,0.0,0.0,0.06071082767208481
GENE_0603,0.0002732662451217706,0.0,0.0,0.0,0.06039788592486907
GENE_0801,0.0002718938200912618,0.0,0.0,0.0,0.06009454962954227
GENE_0974,0.0002717626773502493,0.0,0.0,0.0,0.06006556418237143
GENE_1496,0.00027100953116805134,0.0,0.0,0.0,0.05989910221347047
GENE_1502,0.0002691747230376591,0.0,0.0,0.0,0.059493569023287875
GENE_1098,0.00026729158310260235,0.0,0.0,0.0,0.0590773534349797
GENE_1702,0.0002672500784146283,0.0,0.0,0.0,0.05906817998068612
GENE_1271,0.00026710520047502353,0.0,0.0,0.0,0.05903615875074833
GENE_0092,0.0002661586715274183,0.0,0.0,0.0,0.058826954912284596
GENE_0688,0.0002658861051824036,0.0,0.0,0.0,0.058766711719768
GENE_1543,0.00026560858753762,0.0,0.0,0.0,0.058705374180459735
GENE_1222,0.00026491465787946243,0.0,0.0,0.0,0.058552000373480365
GENE_1369,0.0002644219839478525,0.0,0.0,0.0,0.058443108534657486
GENE_0226,0.0002631013007405561,0.0,0.0,0.0,0.058151208326998716
GENE_1122,0.0002626234829145102,0.0,0.0,0.0,0.058045600016182544
GENE_1399,0.00026136685492275517,0.0,0.0,0.0,0.05776785742831847
GENE_0648,0.00026135696055170835,0.0,0.0,0.0,0.057765670553413674
GENE_0209,0.0002603440603981048,0.0,0.0,0.0,0.05754179721002518
GENE_1935,0.00025948396010793453,0.0,0.0,0.0,0.05735169601700553
GENE_0332,0.00025883423357978404,0.0,0.0,0.0,0.05720809207970947
GENE_1523,0.0002588295243390088,0.0,0.0,0.0,0.05720705123331073
GENE_0840,0.0002582531174859893,0.0,0.0,0.0,0.057079652566345944
GENE_0977,0.00025738831462386743,0.0,0.0,0.0,0.05688851200088509
GENE_0221,0.0002573700242670451,0.0,0.0,0.0,0.056884469427370805
GENE_0496,0.00025720236384479614,0.0,0.0,0.0,0.05684741276472813
GENE_1119,0.00025497621707342143,0.0,0.0,0.0,0.0563553850768972
GENE_0928,0.0002548521647444599,0.0,0.0,0.0,0.05632796676765818
GENE_0704,0.00025476098096901775,0.0,0.0,0.0,0.0563078131359321
GENE_0396,0.00025417796226095935,0.0,0.0,0.0,0.056178953102722785
GENE_0088,0.0002539351714172748,0.0,0.0,0.0,0.0561252909547545
GENE_1784,0.0002521581944465598,0.0,0.0,0.0,0.05573253973031938
GENE_0549,0.0002520627956591631,0.0,0.0,0.0,0.05571145448769825
GENE_1007,0.00025120153968640526,0.0,0.0,0.0,0.05552109786325837
GENE_1839,0.0002509967606632061,0.0,0.0,0.0,0.05547583716859234
GENE_1660,0.0002504810183305442,0.0,0.0,0.0,0.055361846702770785
GENE_0587,0.00024998650009948125,0.0,0.0,0.0,0.05525254723296543
GENE_1501,0.0002461861438348141,0.0,0.0,0.0,0.054412584419245257
GENE_1696,0.00024569809031046487,0.0,0.0,0.0,0.05430471379264907
GENE_0727,0.00024565350247903237,0.0,0.0,0.0,0.05429485889543958
GENE_0042,0.00023887077969575088,0.0,0.0,0.0,0.052795727099113635
GENE_0241,0.00023868011841649665,0.0,0.0,0.0,0.05275358673820094
GENE_0501,0.0002379029801608624,0.0,0.0,0.0,0.052581821990269006
GENE_1426,0.00023724734505269475,0.0,0.0,0.0,0.052436912126067506
GENE_0432,0.00023722212799341642,0.0,0.0,0.0,0.0524313385980638
GENE_1562,0.00023716741131878178,0.0,0.0,0.0,0.052419245002415724
GENE_0962,0.00023226159701158933,0.0,0.0,0.0,0.05133495150410105
GENE_0919,0.00023203017292879668,0.0,0.0,0.0,0.05128380166176853
GENE_1495,0.0002320066375265787,0.0,0.0,0.0,0.05127859981718021
GENE_0995,0.00023163823949692134,0.0,0.0,0.0,0.051197175702173706
GENE_0748,0.00023144102966948522,0.0,0.0,0.0,0.05115358796723248
GENE_0987,0.00023097361003709756,0.0,0.0,0.0,0.051050277887264815
GENE_0447,0.00023071204518613052,0.0,0.0,0.0,0.05099246626833024
GENE_0039,0.00023070398275581874,0.0,0.0,0.0,0.050990684292857816
GENE_0345,0.00023001770224258597,0.0,0.0,0.0,0.0508390011161368
GENE_0893,0.00022862585321291193,0.0,0.0,0.0,0.050531371687257166
GENE_1977,0.0002276058083495634,0.0,0.0,0.0,0.050305919204945204
GENE_1726,0.00022700325689538095,0.0,0.0,0.0,0.05017274200269924
GENE_0936,0.0002266041051673265,0.0,0.0,0.0,0.05008452063995097
GENE_0140,0.00022652849568239046,0.0,0.0,0.0,0.05006780927099294
GENE_0053,0.00022440186460502657,0.0,0.0,0.0,0.049597776753227456
GENE_0773,0.00022322099065192946,0.0,0.0,0.0,0.049336777483892064
GENE_0852,0.0002230147383468701,0.0,0.0,0.0,0.04929119116133999
GENE_0846,0.00022165724795337191,0.0,0.0,0.0,0.04899115575120701
GENE_1773,0.00022152105833432473,0.0,0.0,0.0,0.04896105483233319
GENE_0636,0.00022122908142731309,0.0,0.0,0.0,0.04889652147617525
GENE_0746,0.0002212158035741496,0.0,0.0,0.0,0.048893586776866386
GENE_1146,0.00022074859800316662,0.0,0.0,0.0,0.048790324009205056
GENE_0479,0.00021798287701199571,0.0,0.0,0.0,0.04817903848123829
GENE_1433,0.00021721642541312595,0.0,0.0,0.0,0.04800963572088331
GENE_0259,0.00021644645627575656,0.0,0.0,0.0,0.047839455506697756
GENE_0765,0.0002158428164058307,0.0,0.0,0.0,0.04770603774049235
GENE_1873,0.00021566850834267066,0.0,0.0,0.0,0.04766751180213566
GENE_1360,0.0002073980260113577,0.0,0.0,0.0,0.04583955223044508
GENE_1693,0.00020510635115787297,0.0,0.0,0.0,0.04533304138672201
GENE_1045,0.00020075981875832628,0.0,0.0,0.0,0.04437236156357157
GENE_0915,0.00019888171233978702,0.0,0.0,0.0,0.04395725849377548
GENE_1943,0.00019827990950132415,0.0,0.0,0.0,0.04382424675216595
GENE_0175,0.00019817028275611841,0.0,0.0,0.0,0.04380001681608914
GENE_0417,0.00019632451560142814,0.0,0.0,0.0,0.0433920614390788
GENE_0340,0.00019466882619099986,0.0,0.0,0.0,0.043026117448837706
GENE_1588,0.00019443640098004675,0.0,0.0,0.0,0.042974746335032725
GENE_1325,0.0001939041041817295,0.0,0.0,0.0,0.04285709696604969
GENE_0062,0.00019347229505836463,0.0,0.0,0.0,0.04276165759642434
GENE_1474,0.00019245251573971032,0.0,0.0,0.0,0.04253626380536472
GENE_1536,0.0001915635054799821,0.0,0.0,0.0,0.04233977286946747
GENE_1931,0.0001911989130574357,0.0,0.0,0.0,0.04225918987782788
GENE_0764,0.00018143861689389417,0.0,0.0,0.0,0.04010194848851604
GENE_0129,0.00018127762163786754,0.0,0.0,0.0,0.040066364975068894
GENE_1742,0.00017850053972579178,0.0,0.0,0.0,0.03945256843223271
GENE_1444,0.00017597268032074084,0.0,0.0,0.0,0.03889385557725737
GENE_1068,0.00017373251768851484,0.0,0.0,0.0,0.038398730074090864
GENE_0216,0.00017176554736696894,0.0,0.0,0.0,0.03796398611570188
GENE_0967,0.00017133118975357238,0.0,0.0,0.0,0.03786798347339663
GENE_0233,0.00017025819820842969,0.0,0.0,0.0,0.03763082860301372
GENE_1396,0.00016875521460568593,0.0,0.0,0.0,0.0372986359747401
GENE_0306,0.00016795529335809887,0.0,0.0,0.0,0.037121835681534786
GENE_0755,0.0001656822184157853,0.0,0.0,0.0,0.0366194358296857
GENE_0604,0.00016341437906822442,0.0,0.0,0.0,0.03611819316010946
GENE_0998,0.00016138657858579474,0.0,0.0,0.0,0.035670004390356336
GENE_1656,0.00016131348059895493,0.0,0.0,0.0,0.03565384811804206
GENE_1522,0.0001611475850666534,0.0,0.0,0.0,0.035617181535124255
GENE_1796,0.00016076480588309665,0.0,0.0,0.0,0.03553257886693678
GENE_0228,0.0001603850244705784,0.0,0.0,0.0,0.03544863877247161
GENE_0161,0.00015844511906704602,0.0,0.0,0.0,0.03501987675974891
GENE_0927,0.0001558143386160048,0.0,0.0,0.0,0.03443841607658053
GENE_1235,0.0001551229397206957,0.0,0.0,0.0,0.034285601624181365
GENE_0118,0.00015441736230754316,0.0,0.0,0.0,0.03412965340565272
GENE_0341,0.00014865634040014334,0.0,0.0,0.0,0.03285634010704625
GENE_0763,0.0001471912781676061,0.0,0.0,0.0,0.032532528940562126
GENE_1079,0.00014327213323267444,0.0,0.0,0.0,0.03166631120262837
GENE_0313,0.00013690170012230067,0.0,0.0,0.0,0.03025830454552767
GENE_0594,0.00013439070831192655,0.0,0.0,0.0,0.02970331980215523
GENE_1364,0.00013167815301540792,0.0,0.0,0.0,0.0291037850689465
GENE_1828,0.000130003457896111,0.0,0.0,0.0,0.028733640396562406
GENE_1327,0.00012835790960086628,0.0,0.0,0.0,0.028369937817139305
GENE_1237,0.00012680686280002818,0.0,0.0,0.0,0.028027122158734777
GENE_0726,0.00012001207835028752,0.0,0.0,0.0,0.02652532446726858
GENE_1922,0.00011959875007417679,0.0,0.0,0.0,0.02643396977375737
GENE_0201,0.0001160281706768835,0.0,0.0,0.0,0.02564479273131911
GENE_0169,0.00011431920796752359,0.0,0.0,0.0,0.025267074163393605
GENE_0037,0.0001131631449593908,0.0,0.0,0.0,0.02501155866181363
GENE_0210,0.00010927638465359697,0.0,0.0,0.0,0.02415249864339812
GENE_0307,0.0001086900658507554,0.0,0.0,0.0,0.024022909216230303
GENE_1892,9.24766094050683e-05,0.0,0.0,0.0,0.020439376634597058
GENE_0651,9.238909533565384e-05,0.0,0.0,0.0,0.02042003408909181
GENE_1040,8.152195043633137e-05,0.0,0.0,0.0,0.018018154641208216
GENE_0435,5.97374876502039e-05,0.0,0.0,0.0,0.013203306405178276
GENE_0031,2.7219057950103685e-05,0.0,0.0,0.0,0.006016014002461919
